transcript_id,turn_index,speaker,text,set,archetype,sub_type,market,resolution,sentiment_arc,agent_consistency,intent,vader_neg,vader_neu,vader_pos,vader_compound
GS_001,0,AGENT,Thank you for calling Kuda Support. My name is Blessing. How may I help you today?,golden,resolved_support,billing_error_resolved,Nigeria,resolved,frustrated → relieved,stable,billing_error,0.0,0.498,0.502,0.8779
GS_001,1,CUSTOMER,"Blessing, good afternoon. My name is Ngozi Adeyemi. I need help with my account because I have been charged twice for the same transaction and nobody has done anything about it.",golden,resolved_support,billing_error_resolved,Nigeria,resolved,frustrated → relieved,stable,billing_error,0.051,0.702,0.247,0.7906
GS_001,2,AGENT,"Good afternoon, Ngozi. I'm sorry to hear that. I'll look into this for you right away. Can you please confirm your registered phone number and the last four digits of your account number so I can pull up your account?",golden,resolved_support,billing_error_resolved,Nigeria,resolved,frustrated → relieved,stable,billing_error,0.03,0.789,0.181,0.6705
GS_001,3,CUSTOMER,Yes. 08023445678. Account ends in 4421.,golden,resolved_support,billing_error_resolved,Nigeria,resolved,frustrated → relieved,stable,billing_error,0.0,0.649,0.351,0.4019
GS_001,4,AGENT,"Thank you, Ngozi. I can see your account now. Can you tell me approximately when this double charge occurred and what the transaction was for?",golden,resolved_support,billing_error_resolved,Nigeria,resolved,frustrated → relieved,stable,billing_error,0.0,0.902,0.098,0.3612
GS_001,5,CUSTOMER,"It was on the 9th of August. I paid ₦12,750 for my data subscription and Kuda charged me ₦12,750 twice. The money left my account two times. I have been trying to sort this out since Monday and nobody is helping me. Abeg, I need this resolved today.",golden,resolved_support,billing_error_resolved,Nigeria,resolved,frustrated → relieved,stable,billing_error,0.038,0.877,0.085,0.3127
GS_001,6,AGENT,"I completely understand your frustration, Ngozi, and I sincerely apologise for the delay. Let me pull up your transaction history for August 9th now.",golden,resolved_support,billing_error_resolved,Nigeria,resolved,frustrated → relieved,stable,billing_error,0.193,0.613,0.194,0.0094
GS_001,7,CUSTOMER,Please. Because this is not small money.,golden,resolved_support,billing_error_resolved,Nigeria,resolved,frustrated → relieved,stable,billing_error,0.0,0.723,0.277,0.3182
GS_001,8,AGENT,"I can see it here — there are two debit entries of ₦12,750 on August 9th at 14:32 and 14:33, both referencing the same merchant. That is clearly a duplicate charge. I am initiating a reversal for the second transaction now.",golden,resolved_support,billing_error_resolved,Nigeria,resolved,frustrated → relieved,stable,billing_error,0.0,0.928,0.072,0.4019
GS_001,9,CUSTOMER,"Okay. So the ₦12,750 will come back?",golden,resolved_support,billing_error_resolved,Nigeria,resolved,frustrated → relieved,stable,billing_error,0.0,0.759,0.241,0.2263
GS_001,10,AGENT,"Yes, exactly. The reversal for ₦12,750 has been initiated. Your reference number is KD-20260809-7741. The funds will reflect in your account within 24 to 48 hours. You will also receive an SMS confirmation shortly.",golden,resolved_support,billing_error_resolved,Nigeria,resolved,frustrated → relieved,stable,billing_error,0.0,0.889,0.111,0.4588
GS_001,11,CUSTOMER,"Okay, KD-20260809-7741. Good. So I should see it by tomorrow or Thursday at the latest?",golden,resolved_support,billing_error_resolved,Nigeria,resolved,frustrated → relieved,stable,billing_error,0.0,0.714,0.286,0.5859
GS_001,12,AGENT,That is correct. By Thursday at the latest. Is there anything else I can help you with today?,golden,resolved_support,billing_error_resolved,Nigeria,resolved,frustrated → relieved,stable,billing_error,0.0,0.856,0.144,0.4019
GS_001,13,CUSTOMER,"No, that is all. Thank you, Blessing. At least someone has finally sorted it out.",golden,resolved_support,billing_error_resolved,Nigeria,resolved,frustrated → relieved,stable,billing_error,0.111,0.603,0.286,0.5423
GS_001,14,AGENT,"You are welcome, Ngozi. I am glad we could resolve this for you. Have a lovely evening.",golden,resolved_support,billing_error_resolved,Nigeria,resolved,frustrated → relieved,stable,billing_error,0.0,0.47,0.53,0.9081
GS_001,15,CUSTOMER,You too. Bye.,golden,resolved_support,billing_error_resolved,Nigeria,resolved,frustrated → relieved,stable,billing_error,0.0,1.0,0.0,0.0
GS_001,16,AGENT,Goodbye.,golden,resolved_support,billing_error_resolved,Nigeria,resolved,frustrated → relieved,stable,billing_error,0.0,1.0,0.0,0.0
GS_002,0,AGENT,Thank you for calling Equity Bank Support. My name is Dennis. How may I help you today?,golden,resolved_support,failed_transaction_resolved,Kenya,resolved,anxious/confused → reassured,calm,failed_transaction,0.0,0.622,0.378,0.7845
GS_002,1,CUSTOMER,"Dennis, good evening. My name is Kevin Wanjiru. I need urgent help. I made a transfer of KSh 10,500 to a KCB account with account name Faith Wanjala at 10:45 last night. The transaction showed as failed on my end, but the money was deducted from my account. I don't know if Faith received it or if it's just gone. I've been worried about this since this morning.",golden,resolved_support,failed_transaction_resolved,Kenya,resolved,anxious/confused → reassured,calm,failed_transaction,0.069,0.78,0.151,0.5927
GS_002,2,AGENT,"Good evening, Kevin. I understand this is stressful and I will look into this for you right now. Can you please confirm your registered phone number and the last four digits of your account number so I can pull up your account?",golden,resolved_support,failed_transaction_resolved,Kenya,resolved,anxious/confused → reassured,calm,failed_transaction,0.073,0.754,0.173,0.3612
GS_002,3,CUSTOMER,Sawa. 0712 345 678. Account ends in 7067.,golden,resolved_support,failed_transaction_resolved,Kenya,resolved,anxious/confused → reassured,calm,failed_transaction,0.0,1.0,0.0,0.0
GS_002,4,AGENT,"Thank you, Kevin. I have your account open now. I can see the debit of KSh 10,500 on August 12th at 22:45 it left your Equity account successfully, but the transaction did not complete on the receiving end. The funds are currently held in a clearing account and have not reached Faith Wanjala's KCB account.",golden,resolved_support,failed_transaction_resolved,Kenya,resolved,anxious/confused → reassured,calm,failed_transaction,0.079,0.853,0.068,-0.1511
GS_002,5,CUSTOMER,Okay so the money didn't just disappear? It is somewhere?,golden,resolved_support,failed_transaction_resolved,Kenya,resolved,anxious/confused → reassured,calm,failed_transaction,0.0,0.671,0.329,0.4453
GS_002,6,AGENT,"Correct — it is not lost. Because the transaction failed at the inter-bank transfer stage, the funds are sitting in a clearing account and will be reversed back to your Equity account. I am initiating that reversal now.",golden,resolved_support,failed_transaction_resolved,Kenya,resolved,anxious/confused → reassured,calm,failed_transaction,0.086,0.862,0.051,-0.3265
GS_002,7,CUSTOMER,Asante. So Faith did not receive anything on her end?,golden,resolved_support,failed_transaction_resolved,Kenya,resolved,anxious/confused → reassured,calm,failed_transaction,0.0,0.744,0.256,0.4754
GS_002,8,AGENT,"That is correct. Nothing reached her KCB account. Once the reversal is complete, you can retry the transfer and it will go through cleanly. Your reversal reference number is EQ-20260812-2030. The funds will reflect in your account within 24 to 48 hours, and you will receive an SMS confirmation.",golden,resolved_support,failed_transaction_resolved,Kenya,resolved,anxious/confused → reassured,calm,failed_transaction,0.026,0.948,0.026,0.001
GS_002,9,CUSTOMER,"Okay, EQ-20260812-2030. So by tomorrow or Friday at the latest, sawa?",golden,resolved_support,failed_transaction_resolved,Kenya,resolved,anxious/confused → reassured,calm,failed_transaction,0.0,0.84,0.16,0.2263
GS_002,10,AGENT,"That is correct, Friday at the latest. Is there anything else I can help you with today?",golden,resolved_support,failed_transaction_resolved,Kenya,resolved,anxious/confused → reassured,calm,failed_transaction,0.0,0.847,0.153,0.4019
GS_002,11,CUSTOMER,"No, that is all. Asante sana, Dennis. At least I know it is not lost.",golden,resolved_support,failed_transaction_resolved,Kenya,resolved,anxious/confused → reassured,calm,failed_transaction,0.136,0.742,0.121,-0.0613
GS_002,12,AGENT,"You are welcome, Kevin. I am glad we could give you clarity on this. Have a good evening.",golden,resolved_support,failed_transaction_resolved,Kenya,resolved,anxious/confused → reassured,calm,failed_transaction,0.0,0.508,0.492,0.891
GS_002,13,CUSTOMER,You too. Bye.,golden,resolved_support,failed_transaction_resolved,Kenya,resolved,anxious/confused → reassured,calm,failed_transaction,0.0,1.0,0.0,0.0
GS_002,14,AGENT,"Goodbye, and take care.",golden,resolved_support,failed_transaction_resolved,Kenya,resolved,anxious/confused → reassured,calm,failed_transaction,0.0,0.484,0.516,0.4939
GS_003,0,AGENT,Thank you for calling Emirates NBD Support. My name is Rania. How may I assist you today?,golden,resolved_support,account_access_resolved,Gulf (UAE),resolved,frustrated → relieved,"stable, methodical",account_access,0.0,0.612,0.388,0.8038
GS_003,1,CUSTOMER,"Rania, good afternoon. My name is Omar Al-Rashidi. I've been trying to get through toa customer agent for a while. I don't know what's wrong with your services I have been trying to log into my mobile banking app since this morning and it is completely locked. I have an urgent payment to make and I cannot access anything.",golden,resolved_support,account_access_resolved,Gulf (UAE),resolved,frustrated → relieved,"stable, methodical",account_access,0.0,0.875,0.125,0.7394
GS_003,2,AGENT,"Good afternoon, Omar. I am sorry to hear this and I understand how urgent this is. I will look into your account right away. Before I can access your details, I need to verify your identity. Can you please confirm your registered mobile number and your Emirates ID number?",golden,resolved_support,account_access_resolved,Gulf (UAE),resolved,frustrated → relieved,"stable, methodical",account_access,0.027,0.777,0.196,0.743
GS_003,3,CUSTOMER,Yes. My number is 050 234 5678. Emirates ID is 784-1985-1234567-1.,golden,resolved_support,account_access_resolved,Gulf (UAE),resolved,frustrated → relieved,"stable, methodical",account_access,0.0,0.692,0.308,0.4588
GS_003,4,AGENT,"Thank you, Omar. One moment while I pull up your account. I can see that your mobile banking access was frozen this morning at 07:14 by our fraud detection system. It flagged an attempted login from an unrecognised device in a different emirate from your usual location.",golden,resolved_support,account_access_resolved,Gulf (UAE),resolved,frustrated → relieved,"stable, methodical",account_access,0.079,0.87,0.052,-0.3182
GS_003,5,CUSTOMER,That was me. I am travelling to Abu Dhabi for work this week. I was logging in from my colleague's phone because mine had no charge. That is all it was.,golden,resolved_support,account_access_resolved,Gulf (UAE),resolved,frustrated → relieved,"stable, methodical",account_access,0.073,0.927,0.0,-0.296
GS_003,6,AGENT,"Understood, Omar — that explains the flag. Logging in from an unrecognised device in an unusual location triggers an automatic freeze as a security measure. I will need to complete a secondary verification before I can restore your access. I will ask you three security questions. Please answer exactly as you registered.",golden,resolved_support,account_access_resolved,Gulf (UAE),resolved,frustrated → relieved,"stable, methodical",account_access,0.0,0.796,0.204,0.8176
GS_003,7,CUSTOMER,"Okay, go ahead.",golden,resolved_support,account_access_resolved,Gulf (UAE),resolved,frustrated → relieved,"stable, methodical",account_access,0.0,0.513,0.487,0.2263
GS_003,8,AGENT,First — what is the name of the primary beneficiary on your account?,golden,resolved_support,account_access_resolved,Gulf (UAE),resolved,frustrated → relieved,"stable, methodical",account_access,0.0,0.78,0.22,0.4767
GS_003,9,CUSTOMER,Layla Al-Rashidi.,golden,resolved_support,account_access_resolved,Gulf (UAE),resolved,frustrated → relieved,"stable, methodical",account_access,0.0,1.0,0.0,0.0
GS_003,10,AGENT,Correct. Second — what was the amount of your last inward transfer to this account?,golden,resolved_support,account_access_resolved,Gulf (UAE),resolved,frustrated → relieved,"stable, methodical",account_access,0.0,1.0,0.0,0.0
GS_003,11,CUSTOMER,"AED 8,500.",golden,resolved_support,account_access_resolved,Gulf (UAE),resolved,frustrated → relieved,"stable, methodical",account_access,0.0,1.0,0.0,0.0
GS_003,12,AGENT,Correct. Third — can you confirm the branch where you originally opened this account?,golden,resolved_support,account_access_resolved,Gulf (UAE),resolved,frustrated → relieved,"stable, methodical",account_access,0.0,1.0,0.0,0.0
GS_003,13,CUSTOMER,Deira branch.,golden,resolved_support,account_access_resolved,Gulf (UAE),resolved,frustrated → relieved,"stable, methodical",account_access,0.0,1.0,0.0,0.0
GS_003,14,AGENT,"Thank you, Omar. All three verified. I am restoring your mobile banking access now. This will take approximately sixty seconds.",golden,resolved_support,account_access_resolved,Gulf (UAE),resolved,frustrated → relieved,"stable, methodical",account_access,0.0,0.783,0.217,0.5719
GS_003,15,CUSTOMER,Inshallah. Thank you.,golden,resolved_support,account_access_resolved,Gulf (UAE),resolved,frustrated → relieved,"stable, methodical",account_access,0.0,0.444,0.556,0.3612
GS_003,16,AGENT,Your access has been restored. You should now be able to log in using your usual credentials on your own device. I would recommend logging in now while we are still on the call to confirm everything is working correctly.,golden,resolved_support,account_access_resolved,Gulf (UAE),resolved,frustrated → relieved,"stable, methodical",account_access,0.0,0.883,0.117,0.5994
GS_003,17,CUSTOMER,One moment. Yes — I am in. Alhamdulillah. I can see my account.,golden,resolved_support,account_access_resolved,Gulf (UAE),resolved,frustrated → relieved,"stable, methodical",account_access,0.0,0.769,0.231,0.4019
GS_003,18,AGENT,"Perfect. For your security, the session from the unrecognised device has been terminated and will not be able to access your account again. Is there anything else I can help you with today?",golden,resolved_support,account_access_resolved,Gulf (UAE),resolved,frustrated → relieved,"stable, methodical",account_access,0.0,0.767,0.233,0.8316
GS_003,19,CUSTOMER,"No, that is all. Shukran, Rania. I was very stressed this morning but it is sorted now.",golden,resolved_support,account_access_resolved,Gulf (UAE),resolved,frustrated → relieved,"stable, methodical",account_access,0.198,0.802,0.0,-0.3499
GS_003,20,AGENT,"You are most welcome, Omar. I am glad we could resolve this for you quickly. Safe travels in Abu Dhabi.",golden,resolved_support,account_access_resolved,Gulf (UAE),resolved,frustrated → relieved,"stable, methodical",account_access,0.0,0.56,0.44,0.8955
GS_003,21,CUSTOMER,Shukran. Goodbye.,golden,resolved_support,account_access_resolved,Gulf (UAE),resolved,frustrated → relieved,"stable, methodical",account_access,0.0,1.0,0.0,0.0
GS_003,22,AGENT,"Goodbye, Omar. Take care.",golden,resolved_support,account_access_resolved,Gulf (UAE),resolved,frustrated → relieved,"stable, methodical",account_access,0.0,0.484,0.516,0.4939
GS_004,0,AGENT,Thank you for calling InDrive Customer Service. My name is Adeyemi. How may I assist you today?,golden,unresolved_complaint,service_quality_complaint,Nigeria (Abia State),unresolved,calm → frustrated,"professional, defensive, overly scripted",service_complaint,0.0,0.857,0.143,0.3612
GS_004,1,CUSTOMER,"Good day, Adeyemi. My name is Olawale. I am reaching out because I booked a ride earlier today from Mgbidi to the Island and I had a very bad experience with the driver. He arrived late, was pushing for an offline ride which I refused, and when I refused, he became rude and insulting toward me. I have heard about InDrive drivers behaving this way but today I experienced it myself. This should not be happening.",golden,unresolved_complaint,service_quality_complaint,Nigeria (Abia State),unresolved,calm → frustrated,"professional, defensive, overly scripted",service_complaint,0.149,0.805,0.046,-0.6805
GS_004,2,AGENT,"I am sorry to hear about your experience, Mr. Olawale. I understand how you feel and I sincerely apologise for the inconvenience. To help me look into this, could you please provide your trip reference number? You can find it in the trip history section of your InDrive app.",golden,unresolved_complaint,service_quality_complaint,Nigeria (Abia State),unresolved,calm → frustrated,"professional, defensive, overly scripted",service_complaint,0.069,0.712,0.219,0.802
GS_004,3,CUSTOMER,"Yes, one moment. The reference number is IND-NG-20260812-8841.",golden,unresolved_complaint,service_quality_complaint,Nigeria (Abia State),unresolved,calm → frustrated,"professional, defensive, overly scripted",service_complaint,0.0,0.6,0.4,0.4588
GS_004,4,AGENT,"Thank you, Mr. Olawale. And can you confirm the driver's name as it appeared in the app, and the date and approximate time of the ride?",golden,unresolved_complaint,service_quality_complaint,Nigeria (Abia State),unresolved,calm → frustrated,"professional, defensive, overly scripted",service_complaint,0.0,0.909,0.091,0.3612
GS_004,5,CUSTOMER,"His name showed as Emeka. The ride was today, August 12th, around 11am.",golden,unresolved_complaint,service_quality_complaint,Nigeria (Abia State),unresolved,calm → frustrated,"professional, defensive, overly scripted",service_complaint,0.0,1.0,0.0,0.0
GS_004,6,AGENT,Thank you for providing that. I can see the trip here. I want to assure you that InDrive takes driver conduct very seriously. I will escalate this complaint to our driver review team and the appropriate action will be taken.,golden,unresolved_complaint,service_quality_complaint,Nigeria (Abia State),unresolved,calm → frustrated,"professional, defensive, overly scripted",service_complaint,0.105,0.75,0.145,0.1796
GS_004,7,CUSTOMER,"What does appropriate action mean exactly? Will this driver be suspended? Because this is not the first time I am hearing about this kind of behaviour from InDrive drivers. Something needs to actually be done, not just a sorry.",golden,unresolved_complaint,service_quality_complaint,Nigeria (Abia State),unresolved,calm → frustrated,"professional, defensive, overly scripted",service_complaint,0.087,0.882,0.031,-0.5003
GS_004,8,AGENT,"I completely understand your concern, Mr. Olawale, and I hear you. Our team will thoroughly review the complaint and take the necessary steps in line with our driver conduct policy. I am not able to confirm the specific outcome at this time, but I want to assure you that your feedback will not be ignored.",golden,unresolved_complaint,service_quality_complaint,Nigeria (Abia State),unresolved,calm → frustrated,"professional, defensive, overly scripted",service_complaint,0.031,0.843,0.125,0.6441
GS_004,9,CUSTOMER,So you cannot tell me if anything will actually happen to this driver. I am just supposed to wait and hope? This is exactly what people mean when they say InDrive does not do anything about these complaints.,golden,unresolved_complaint,service_quality_complaint,Nigeria (Abia State),unresolved,calm → frustrated,"professional, defensive, overly scripted",service_complaint,0.067,0.862,0.071,0.0516
GS_004,10,AGENT,"I sincerely apologise, Mr. Olawale. I understand this is frustrating. What I can do is log your complaint formally and ensure it is passed to the relevant team. You may receive a follow-up via the email address registered on your account within five to seven business days.",golden,unresolved_complaint,service_quality_complaint,Nigeria (Abia State),unresolved,calm → frustrated,"professional, defensive, overly scripted",service_complaint,0.099,0.739,0.161,0.4939
GS_004,11,CUSTOMER,Five to seven business days. For a driver who insulted me and tried to cheat me. Okay. And in the meantime this driver is still on the road doing the same thing to other passengers?,golden,unresolved_complaint,service_quality_complaint,Nigeria (Abia State),unresolved,calm → frustrated,"professional, defensive, overly scripted",service_complaint,0.161,0.791,0.048,-0.6597
GS_004,12,AGENT,"I hear your frustration, Mr. Olawale, and I want to assure you that we take these matters seriously. The complaint has been logged and reference number CMP-20260812-4421 has been assigned to your case. Our team will be in touch.",golden,unresolved_complaint,service_quality_complaint,Nigeria (Abia State),unresolved,calm → frustrated,"professional, defensive, overly scripted",service_complaint,0.162,0.696,0.142,-0.4404
GS_004,13,CUSTOMER,"Adeyemi, with all due respect, you have said sorry and we will look into it three times now and nothing concrete has been said. I am not satisfied with this response at all.",golden,unresolved_complaint,service_quality_complaint,Nigeria (Abia State),unresolved,calm → frustrated,"professional, defensive, overly scripted",service_complaint,0.102,0.812,0.087,0.12
GS_004,14,AGENT,"I sincerely apologise that I have not been able to provide the specific resolution you were hoping for today, Mr. Olawale. This is the process we have in place and I assure you your complaint is being taken seriously. Is there anything else I can assist you with today?",golden,unresolved_complaint,service_quality_complaint,Nigeria (Abia State),unresolved,calm → frustrated,"professional, defensive, overly scripted",service_complaint,0.072,0.725,0.203,0.7906
GS_004,15,CUSTOMER,No. There is nothing else. I just hope something actually gets done. Goodbye.,golden,unresolved_complaint,service_quality_complaint,Nigeria (Abia State),unresolved,calm → frustrated,"professional, defensive, overly scripted",service_complaint,0.315,0.685,0.0,-0.5583
GS_004,16,AGENT,"Thank you for bringing this to our attention, Mr. Olawale. We value your feedback and apologise again for your experience. Have a good day.",golden,unresolved_complaint,service_quality_complaint,Nigeria (Abia State),unresolved,calm → frustrated,"professional, defensive, overly scripted",service_complaint,0.0,0.646,0.354,0.8555
GS_005,0,AGENT,Thank you for calling Talabat Customer Support. My name is Nour. How may I assist you today?,golden,unresolved_complaint,repeated_issue_unresolved,Gulf (UAE),unresolved,already frustrated → resigned,"professional, defensive, overly scripted",service_complaint,0.0,0.729,0.271,0.6369
GS_005,1,CUSTOMER,"Nour, I will be honest with you. I am already tired before this call even started. My name is Layla Hassan. I have called Talabat customer support four times in the past six weeks about the same problem and nothing has changed. Every single time I place an order, something is missing. Every time. And I keep calling and you people keep saying sorry and it keeps happening.",golden,unresolved_complaint,repeated_issue_unresolved,Gulf (UAE),unresolved,already frustrated → resigned,"professional, defensive, overly scripted",service_complaint,0.126,0.791,0.083,-0.2732
GS_005,2,AGENT,"I am very sorry to hear that, Ms. Layla. I completely understand your frustration and I sincerely apologise for the repeated inconvenience. Can I please have your registered phone number so I can pull up your account?",golden,unresolved_complaint,repeated_issue_unresolved,Gulf (UAE),unresolved,already frustrated → resigned,"professional, defensive, overly scripted",service_complaint,0.179,0.599,0.223,0.2128
GS_005,3,CUSTOMER,Yes. 055 478 9021.,golden,unresolved_complaint,repeated_issue_unresolved,Gulf (UAE),unresolved,already frustrated → resigned,"professional, defensive, overly scripted",service_complaint,0.0,0.526,0.474,0.4019
GS_005,4,AGENT,"Thank you, Ms. Layla. I can see your account here. Can you also provide the order reference number for your most recent affected order?",golden,unresolved_complaint,repeated_issue_unresolved,Gulf (UAE),unresolved,already frustrated → resigned,"professional, defensive, overly scripted",service_complaint,0.073,0.779,0.148,0.2315
GS_005,5,CUSTOMER,It is TLB-20260812-9934. Tonight I ordered from Zaatar w Zeit. I ordered a large meal — the Full House wrap combo — and the fries and the drink were both missing. Again. This is the fifth time something is missing from an order.,golden,unresolved_complaint,repeated_issue_unresolved,Gulf (UAE),unresolved,already frustrated → resigned,"professional, defensive, overly scripted",service_complaint,0.112,0.888,0.0,-0.5267
GS_005,6,AGENT,"I am truly sorry about this, Ms. Layla. I can see the order here. I will log a missing items complaint for order TLB-20260812-9934 and process a Talabat credit refund for the missing items to your account.",golden,unresolved_complaint,repeated_issue_unresolved,Gulf (UAE),unresolved,already frustrated → resigned,"professional, defensive, overly scripted",service_complaint,0.201,0.66,0.14,-0.1027
GS_005,7,CUSTOMER,"Nour, with respect, a credit refund is not what I am asking for. I have received credit refunds four times already. I am asking why this keeps happening. Is it the restaurant? Is it the rider? Why has nobody investigated this properly after four complaints?",golden,unresolved_complaint,repeated_issue_unresolved,Gulf (UAE),unresolved,already frustrated → resigned,"professional, defensive, overly scripted",service_complaint,0.056,0.762,0.182,0.7303
GS_005,8,AGENT,"I hear you, Ms. Layla, and I completely understand why this is upsetting. I will escalate this to our quality assurance team as a repeated complaint. They will review the pattern across your orders and take the necessary steps with the restaurant and delivery partner.",golden,unresolved_complaint,repeated_issue_unresolved,Gulf (UAE),unresolved,already frustrated → resigned,"professional, defensive, overly scripted",service_complaint,0.116,0.832,0.053,-0.4404
GS_005,9,CUSTOMER,That is exactly what the last agent told me. Word for word. And the time before that. Can you tell me what the quality assurance team actually did after my last complaint? Because nothing changed.,golden,unresolved_complaint,repeated_issue_unresolved,Gulf (UAE),unresolved,already frustrated → resigned,"professional, defensive, overly scripted",service_complaint,0.059,0.878,0.064,0.0516
GS_005,10,AGENT,"I sincerely apologise, Ms. Layla. I am not able to access the outcome of previous escalations from my end, but I want to assure you that your complaint is being taken seriously. I will flag this as a high priority escalation given the number of times you have contacted us.",golden,unresolved_complaint,repeated_issue_unresolved,Gulf (UAE),unresolved,already frustrated → resigned,"professional, defensive, overly scripted",service_complaint,0.092,0.721,0.187,0.4588
GS_005,11,CUSTOMER,You cannot tell me what happened with my previous complaints. So I have no way of knowing if anyone even looked at them. This is not acceptable. I have been a Talabat customer for three years. Three years. And this is the service I receive.,golden,unresolved_complaint,repeated_issue_unresolved,Gulf (UAE),unresolved,already frustrated → resigned,"professional, defensive, overly scripted",service_complaint,0.158,0.842,0.0,-0.7303
GS_005,12,AGENT,"I completely understand, Ms. Layla, and I sincerely apologise for the experience you have had. Your loyalty as a customer is very important to us. I have logged this as complaint reference CMP-TLB-20260812-7721 and marked it urgent. Our team will follow up with you within 24 to 48 hours via the email on your account.",golden,unresolved_complaint,repeated_issue_unresolved,Gulf (UAE),unresolved,already frustrated → resigned,"professional, defensive, overly scripted",service_complaint,0.036,0.746,0.217,0.8718
GS_005,13,CUSTOMER,"Twenty-four to forty-eight hours. And then what? Another sorry and another credit? Wallah, I do not even know why I keep calling. Nothing ever changes.",golden,unresolved_complaint,repeated_issue_unresolved,Gulf (UAE),unresolved,already frustrated → resigned,"professional, defensive, overly scripted",service_complaint,0.051,0.831,0.117,0.3939
GS_005,14,AGENT,"I hear your frustration, Ms. Layla, and I genuinely apologise that we have not met your expectations. Is there anything else I can assist you with today?",golden,unresolved_complaint,repeated_issue_unresolved,Gulf (UAE),unresolved,already frustrated → resigned,"professional, defensive, overly scripted",service_complaint,0.112,0.794,0.094,-0.128
GS_005,15,CUSTOMER,No. There is nothing else. Just make sure someone actually reads that complaint this time.,golden,unresolved_complaint,repeated_issue_unresolved,Gulf (UAE),unresolved,already frustrated → resigned,"professional, defensive, overly scripted",service_complaint,0.235,0.642,0.123,-0.2732
GS_005,16,AGENT,"I assure you it will be reviewed, Ms. Layla. Thank you for your patience and for being a valued Talabat customer. Have a good evening.",golden,unresolved_complaint,repeated_issue_unresolved,Gulf (UAE),unresolved,already frustrated → resigned,"professional, defensive, overly scripted",service_complaint,0.0,0.627,0.373,0.8658
GS_005,17,CUSTOMER,Goodnight.,golden,unresolved_complaint,repeated_issue_unresolved,Gulf (UAE),unresolved,already frustrated → resigned,"professional, defensive, overly scripted",service_complaint,0.0,1.0,0.0,0.0
GS_006,0,AGENT,Thank you for calling FairMoney Customer Support. My name is Chioma. How may I assist you today?,golden,unresolved_complaint,policy_dispute_unresolved,Nigeria,unresolved,polite → hostile,"professional, defensive, policy-anchored",policy_dispute,0.0,0.729,0.271,0.6369
GS_006,1,CUSTOMER,"Good afternoon, Chioma. My name is Amara Okonkwo. I am calling because I have a serious concern about how FairMoney handles loan repayments and I would like a proper explanation, not a scripted response please.",golden,unresolved_complaint,policy_dispute_unresolved,Nigeria,unresolved,polite → hostile,"professional, defensive, policy-anchored",policy_dispute,0.097,0.743,0.16,0.4833
GS_006,2,AGENT,"Good afternoon, Amara. Of course, I am happy to help. Please go ahead and share your concern.",golden,unresolved_complaint,policy_dispute_unresolved,Nigeria,unresolved,polite → hostile,"professional, defensive, policy-anchored",policy_dispute,0.0,0.444,0.556,0.9153
GS_006,3,CUSTOMER,"Thank you. I took a loan of ₦45,000 from FairMoney and my repayment due date was the 5th of August. I did not pay on the 5th. I accept that. But what I do not accept is that FairMoney went into my account without my permission and tried to debit me directly. I have been getting OPay notifications of failed transactions every single day since the 5th. You people are trying to take money from my account without asking me. How is that acceptable?",golden,unresolved_complaint,policy_dispute_unresolved,Nigeria,unresolved,polite → hostile,"professional, defensive, policy-anchored",policy_dispute,0.051,0.823,0.126,0.5571
GS_006,4,AGENT,"Thank you for raising this, Amara. I understand your concern. However, when you registered for a FairMoney loan, you provided your card details and agreed to our terms and conditions, which include an auto-debit clause. This means that FairMoney is authorised to attempt automatic debit from your linked account when a repayment becomes overdue.",golden,unresolved_complaint,policy_dispute_unresolved,Nigeria,unresolved,polite → hostile,"professional, defensive, policy-anchored",policy_dispute,0.0,0.914,0.086,0.5574
GS_006,5,CUSTOMER,"Chioma, I hear what you are saying about the agreement. But let me ask you something. If that clause was there, why did nobody explain it clearly before I accepted the loan? The terms and conditions are long. Nobody reads every line. And no other loan app I have used does this. Not Carbon. Not Palmcredit. Not Branch. Only FairMoney goes into people's accounts like this. If this practice is so legitimate, why are you the only ones doing it?",golden,unresolved_complaint,policy_dispute_unresolved,Nigeria,unresolved,polite → hostile,"professional, defensive, policy-anchored",policy_dispute,0.032,0.83,0.137,0.8446
GS_006,6,AGENT,"I completely understand your frustration, Amara, and I appreciate you raising this. The auto-debit clause is a standard part of our loan agreement and is disclosed in the terms customers accept before disbursement. I am not able to override this policy, but I can assure you that the attempts will stop once the outstanding balance is cleared.",golden,unresolved_complaint,policy_dispute_unresolved,Nigeria,unresolved,polite → hostile,"professional, defensive, policy-anchored",policy_dispute,0.077,0.678,0.246,0.8741
GS_006,7,CUSTOMER,So your answer is that it is in the agreement and that is final. You are not even willing to acknowledge that burying something like that in a long document that nobody reads and then using it to enter somebody's account is wrong. This is somebody's money we are talking about. My salary goes into that account. What if you had succeeded in debiting me at a time I had other commitments? Would FairMoney take responsibility for that?,golden,unresolved_complaint,policy_dispute_unresolved,Nigeria,unresolved,polite → hostile,"professional, defensive, policy-anchored",policy_dispute,0.037,0.839,0.124,0.7399
GS_006,8,AGENT,"I hear you, Amara, and those are valid concerns. However, the auto-debit is capped at the overdue repayment amount only — it would not affect funds beyond what is owed. I want to assure you that this process is fully disclosed in your agreement and is within FairMoney's operating policy.",golden,unresolved_complaint,policy_dispute_unresolved,Nigeria,unresolved,polite → hostile,"professional, defensive, policy-anchored",policy_dispute,0.0,0.864,0.136,0.7096
GS_006,9,CUSTOMER,"Okay. Okay. Let me tell you something else since we are talking about FairMoney's policy. I paid this loan. I paid ₦47,200 including the interest and late fee on the 10th of August. I have the transaction receipt from OPay. And after I paid, one of your colleagues called me on the 11th and said — and I am quoting exactly — FairMoney demands that you pay your loan now. After I had already paid. Does FairMoney's policy also cover calling customers to demand money they have already paid? Because that is what happened to me.",golden,unresolved_complaint,policy_dispute_unresolved,Nigeria,unresolved,polite → hostile,"professional, defensive, policy-anchored",policy_dispute,0.031,0.895,0.073,0.5994
GS_006,10,AGENT,"Amara, I sincerely apologise for that. That should not have happened. Let me pull up your account now. Can you confirm your registered phone number so I can verify the payment?",golden,unresolved_complaint,policy_dispute_unresolved,Nigeria,unresolved,polite → hostile,"professional, defensive, policy-anchored",policy_dispute,0.0,0.788,0.212,0.7184
GS_006,11,CUSTOMER,08031245678.,golden,unresolved_complaint,policy_dispute_unresolved,Nigeria,unresolved,polite → hostile,"professional, defensive, policy-anchored",policy_dispute,0.0,1.0,0.0,0.0
GS_006,12,AGENT,"Thank you. I can see your account here. I can confirm that a payment of ₦47,200 was received on August 10th and your loan is marked as fully settled. The call you received on the 11th should not have occurred. I apologise for that error.",golden,unresolved_complaint,policy_dispute_unresolved,Nigeria,unresolved,polite → hostile,"professional, defensive, policy-anchored",policy_dispute,0.108,0.837,0.055,-0.3365
GS_006,13,CUSTOMER,So your system shows the payment. Which means whoever called me on the 11th did not even check the system before calling. They just called to harass me. And you are apologising. But what is the apology going to do? What action is FairMoney taking about the agent who called me after my loan was already settled? And what action is FairMoney taking about this auto-debit policy that you are hiding in long agreements?,golden,unresolved_complaint,policy_dispute_unresolved,Nigeria,unresolved,polite → hostile,"professional, defensive, policy-anchored",policy_dispute,0.062,0.868,0.07,-0.3378
GS_006,14,AGENT,"I completely understand your anger, Amara, and I am truly sorry. I will log a formal complaint about the incorrect call you received on August 11th and escalate it to our quality assurance team. With regards to the auto-debit policy, this is a company policy that I am not in a position to change or override. I can only assure you that since your loan is now settled, no further debits will be attempted.",golden,unresolved_complaint,policy_dispute_unresolved,Nigeria,unresolved,polite → hostile,"professional, defensive, policy-anchored",policy_dispute,0.127,0.773,0.101,-0.2415
GS_006,15,CUSTOMER,"So the auto-debit policy stays. The agent who harassed me after I already paid gets a complaint logged. And I am supposed to be satisfied with that. Chioma, I want you to know that I will never take another loan from FairMoney again. And I will be telling everyone I know what this company does. Because what you people are doing is wrong and you know it is wrong. An apology and a logged complaint means nothing.",golden,unresolved_complaint,policy_dispute_unresolved,Nigeria,unresolved,polite → hostile,"professional, defensive, policy-anchored",policy_dispute,0.175,0.759,0.066,-0.8689
GS_006,16,AGENT,"I hear you, Amara, and I sincerely apologise for the experience you have had. Your complaint reference number is CMP-FM-20260812-3392. I have escalated both issues — the incorrect call and your concerns about the auto-debit policy — to the relevant teams. Is there anything else I can assist you with?",golden,unresolved_complaint,policy_dispute_unresolved,Nigeria,unresolved,polite → hostile,"professional, defensive, policy-anchored",policy_dispute,0.045,0.813,0.142,0.5859
GS_006,17,CUSTOMER,No. There is nothing else you can do for me. Goodbye.,golden,unresolved_complaint,policy_dispute_unresolved,Nigeria,unresolved,polite → hostile,"professional, defensive, policy-anchored",policy_dispute,0.18,0.82,0.0,-0.296
GS_006,18,AGENT,Thank you for —,golden,unresolved_complaint,policy_dispute_unresolved,Nigeria,unresolved,polite → hostile,"professional, defensive, policy-anchored",policy_dispute,0.0,0.444,0.556,0.3612
GS_006,19,CUSTOMER,[Call ends],golden,unresolved_complaint,policy_dispute_unresolved,Nigeria,unresolved,polite → hostile,"professional, defensive, policy-anchored",policy_dispute,0.0,1.0,0.0,0.0
GS_007,0,AGENT,Thank you for calling Mogo Customer Support. My name is Faith. How may I assist you today?,golden,unresolved_complaint,policy_dispute_unresolved,Kenya,unresolved,polite → hostile,"professional, defensive, policy-anchored",policy_dispute,0.0,0.619,0.381,0.7906
GS_007,1,CUSTOMER,"Good afternoon. My name is Brian Kamau. I took a logbook loan from Mogo in March this year. KES 300,000 over 24 months at 10% interest per month. That was the agreement I signed. I have been repaying consistently every month without defaulting. Not once. But last week I checked my loan statement on the app and my outstanding balance is showing KES 487,000. That is more than what I borrowed. How is that possible if I have been paying every month?",golden,unresolved_complaint,policy_dispute_unresolved,Kenya,unresolved,polite → hostile,"professional, defensive, policy-anchored",policy_dispute,0.0,0.86,0.14,0.8898
GS_007,2,AGENT,"Good afternoon, Brian. Thank you for reaching out. I am sorry to hear about your concern. Let me pull up your account. Can you please confirm your registered phone number and your national ID number?",golden,unresolved_complaint,policy_dispute_unresolved,Kenya,unresolved,polite → hostile,"professional, defensive, policy-anchored",policy_dispute,0.032,0.668,0.3,0.8316
GS_007,3,CUSTOMER,Sawa. 0722 814 533. ID number 28441076.,golden,unresolved_complaint,policy_dispute_unresolved,Kenya,unresolved,polite → hostile,"professional, defensive, policy-anchored",policy_dispute,0.0,0.822,0.178,0.0772
GS_007,4,AGENT,"Thank you, Brian. I have your account here. I can see your loan details and your repayment history. I can confirm you have been making payments regularly. The current outstanding balance reflects the principal amount, accrued interest, and additional penalty charges that have been applied to your account.",golden,unresolved_complaint,policy_dispute_unresolved,Kenya,unresolved,polite → hostile,"professional, defensive, policy-anchored",policy_dispute,0.093,0.733,0.174,0.6597
GS_007,5,CUSTOMER,I need you to explain those penalty charges to me. I have not missed a single payment. What penalties are being charged and on what basis?,golden,unresolved_complaint,policy_dispute_unresolved,Kenya,unresolved,polite → hostile,"professional, defensive, policy-anchored",policy_dispute,0.248,0.684,0.068,-0.6139
GS_007,6,AGENT,"I understand your concern. Looking at your account, I can see that Mogo applied a loan restructuring fee in April and an insurance premium adjustment in June. These charges are outlined in the terms and conditions of your loan agreement under the variable charges clause, which allows Mogo to adjust certain fees during the loan tenure in line with our operating policy.",golden,unresolved_complaint,policy_dispute_unresolved,Kenya,unresolved,polite → hostile,"professional, defensive, policy-anchored",policy_dispute,0.065,0.853,0.082,0.2732
GS_007,7,CUSTOMER,"Hii ni nini? When I signed that agreement in March, nobody explained a variable charges clause to me. The loan officer told me my monthly repayment would be KES 17,500 for 24 months and that is what I have been paying. Nobody said anything about restructuring fees or insurance premium adjustments that would be added mid-loan without my knowledge or consent. This is not what I agreed to.",golden,unresolved_complaint,policy_dispute_unresolved,Kenya,unresolved,polite → hostile,"professional, defensive, policy-anchored",policy_dispute,0.057,0.869,0.074,0.2928
GS_007,8,AGENT,"I completely understand your frustration, and I sincerely apologise that this was not communicated clearly to you at disbursement. However, the variable charges clause is part of the standard loan agreement that was accepted at signing. These adjustments are within Mogo's operating policy and I am not in a position to reverse them.",golden,unresolved_complaint,policy_dispute_unresolved,Kenya,unresolved,polite → hostile,"professional, defensive, policy-anchored",policy_dispute,0.127,0.692,0.181,0.507
GS_007,9,CUSTOMER,"So Mogo can change the terms of a loan I already committed to, add charges I was never told about, and your position is that it is in the agreement so there is nothing to be done. I signed for KES 300,000 at a fixed repayment of KES 17,500 per month. That is what I agreed to. Not this. Do you understand that my outstanding balance is now higher than what I originally borrowed even though I have been paying for five months?",golden,unresolved_complaint,policy_dispute_unresolved,Kenya,unresolved,polite → hostile,"professional, defensive, policy-anchored",policy_dispute,0.025,0.838,0.137,0.8519
GS_007,10,AGENT,"I hear you, Brian, and I understand why this is alarming. I want to assure you that the charges applied are legitimate under your agreement. What I can do is escalate your concern to our loans review team, who can provide you with a full breakdown of every charge applied to your account and the clause under which it was applied.",golden,unresolved_complaint,policy_dispute_unresolved,Kenya,unresolved,polite → hostile,"professional, defensive, policy-anchored",policy_dispute,0.059,0.829,0.112,0.5106
GS_007,11,CUSTOMER,"I work as an accountant. I understand numbers. If I borrowed KES 300,000 and I have been paying KES 17,500 every month for five months, that is KES 87,500 paid. Even at 10% monthly interest the math does not produce a balance of KES 487,000. Something is wrong and a breakdown of charges does not fix that. Sitaki mchezo — I want to know what Mogo is going to do to correct this.",golden,unresolved_complaint,policy_dispute_unresolved,Kenya,unresolved,polite → hostile,"professional, defensive, policy-anchored",policy_dispute,0.074,0.865,0.061,-0.2263
GS_007,12,AGENT,"I completely understand your concern, and I want to assure you that your case will be reviewed seriously. I am logging this as a formal dispute — reference number DSP-MG-20260812-5541 — and escalating it to our loans review team. They will contact you within five to seven business days with a full account statement and explanation.",golden,unresolved_complaint,policy_dispute_unresolved,Kenya,unresolved,polite → hostile,"professional, defensive, policy-anchored",policy_dispute,0.082,0.824,0.094,-0.1027
GS_007,13,CUSTOMER,"Five to seven business days. And in those five to seven days my balance continues to accrue more charges. Watu hawajui — the Competition Authority of Kenya exists for exactly this reason. If Mogo cannot explain these charges and correct this account, that is where this is going. I will also be reporting this to the Central Bank. I know my rights.",golden,unresolved_complaint,policy_dispute_unresolved,Kenya,unresolved,polite → hostile,"professional, defensive, policy-anchored",policy_dispute,0.077,0.902,0.021,-0.5402
GS_007,14,AGENT,"I hear you, and I respect your right to pursue that. I want to assure you that Mogo operates within all regulatory requirements and our team will provide full transparency on your account. Your dispute reference is DSP-MG-20260812-5541. Is there anything else I can assist you with today?",golden,unresolved_complaint,policy_dispute_unresolved,Kenya,unresolved,polite → hostile,"professional, defensive, policy-anchored",policy_dispute,0.055,0.808,0.137,0.4767
GS_007,15,CUSTOMER,No. But I want it on record that I am disputing every single charge added to my account after March 2026 without my written consent. Every single one. Mwisho wa story.,golden,unresolved_complaint,policy_dispute_unresolved,Kenya,unresolved,polite → hostile,"professional, defensive, policy-anchored",policy_dispute,0.213,0.744,0.043,-0.6907
GS_007,16,AGENT,"That has been noted on your account, Brian. Our team will be in touch within —",golden,unresolved_complaint,policy_dispute_unresolved,Kenya,unresolved,polite → hostile,"professional, defensive, policy-anchored",policy_dispute,0.0,1.0,0.0,0.0
GS_007,17,CUSTOMER,[Call ends],golden,unresolved_complaint,policy_dispute_unresolved,Kenya,unresolved,polite → hostile,"professional, defensive, policy-anchored",policy_dispute,0.0,1.0,0.0,0.0
GS_008,0,AGENT,Thank you for calling GTBank Customer Support. My name is Kemi. How may I assist you today?,golden,kyc_verification,standard_kyc_pass,Nigeria,resolved,neutral → satisfied,"stable, methodical, procedural",kyc_verification,0.0,0.729,0.271,0.6369
GS_008,1,CUSTOMER,"Good morning. My name is Tunde Fashola. I have a GTBank account I opened a few years ago. I have not used it in a while but I need to reactivate it. My new employer requires that salary be paid into a traditional bank account and not a fintech, so I need this account working before the end of the month.",golden,kyc_verification,standard_kyc_pass,Nigeria,resolved,neutral → satisfied,"stable, methodical, procedural",kyc_verification,0.0,0.962,0.038,0.2382
GS_008,2,AGENT,"Good morning, Tunde. I can help you with that. GTBank accounts that have had no transaction activity for six months or more are automatically placed on a dormancy restriction. To reactivate your account I will need to re-verify your identity and confirm your details are still current. Can you please confirm your registered phone number and date of birth?",golden,kyc_verification,standard_kyc_pass,Nigeria,resolved,neutral → satisfied,"stable, methodical, procedural",kyc_verification,0.068,0.787,0.145,0.5994
GS_008,3,CUSTOMER,Yes. 08056 234 891. Date of birth is 14th March 1990.,golden,kyc_verification,standard_kyc_pass,Nigeria,resolved,neutral → satisfied,"stable, methodical, procedural",kyc_verification,0.0,0.787,0.213,0.4019
GS_008,4,AGENT,Thank you. I have your account here. I can see it has been inactive since October 2025 — that is ten months. Before I can lift the restriction I will need to re-verify your KYC documents. Can you confirm whether the BVN linked to this account is still active?,golden,kyc_verification,standard_kyc_pass,Nigeria,resolved,neutral → satisfied,"stable, methodical, procedural",kyc_verification,0.043,0.849,0.108,0.4767
GS_008,5,CUSTOMER,"Yes, same BVN. Nothing has changed on that end.",golden,kyc_verification,standard_kyc_pass,Nigeria,resolved,neutral → satisfied,"stable, methodical, procedural",kyc_verification,0.0,0.748,0.252,0.4019
GS_008,6,AGENT,Good. Can you please provide your BVN for confirmation?,golden,kyc_verification,standard_kyc_pass,Nigeria,resolved,neutral → satisfied,"stable, methodical, procedural",kyc_verification,0.0,0.574,0.426,0.6369
GS_008,7,CUSTOMER,22345678901.,golden,kyc_verification,standard_kyc_pass,Nigeria,resolved,neutral → satisfied,"stable, methodical, procedural",kyc_verification,0.0,1.0,0.0,0.0
GS_008,8,AGENT,"Thank you, Tunde. That matches what we have on file. I also need to confirm your NIN. Can you provide that?",golden,kyc_verification,standard_kyc_pass,Nigeria,resolved,neutral → satisfied,"stable, methodical, procedural",kyc_verification,0.0,0.884,0.116,0.3612
GS_008,9,CUSTOMER,47823 39145.,golden,kyc_verification,standard_kyc_pass,Nigeria,resolved,neutral → satisfied,"stable, methodical, procedural",kyc_verification,0.0,1.0,0.0,0.0
GS_008,10,AGENT,Thank you. Confirmed. Now I need to verify your current residential address. Can you confirm the address we have on file or give me your current address if it has changed?,golden,kyc_verification,standard_kyc_pass,Nigeria,resolved,neutral → satisfied,"stable, methodical, procedural",kyc_verification,0.0,0.921,0.079,0.3612
GS_008,11,CUSTOMER,"The address on file is my old place in Surulere. I moved to Lekki Phase 1 about eight months ago. New address is 14B Admiralty Way, Lekki Phase 1, Lagos.",golden,kyc_verification,standard_kyc_pass,Nigeria,resolved,neutral → satisfied,"stable, methodical, procedural",kyc_verification,0.0,0.925,0.075,0.296
GS_008,12,AGENT,Thank you for that. I will update your address on the account. For the new address I will need a recent proof of address — a utility bill or bank statement dated within the last three months showing your name and the Lekki address. Do you have something like that available?,golden,kyc_verification,standard_kyc_pass,Nigeria,resolved,neutral → satisfied,"stable, methodical, procedural",kyc_verification,0.0,0.898,0.102,0.6124
GS_008,13,CUSTOMER,I have a LAWMA bill from July. Will that be okay?,golden,kyc_verification,standard_kyc_pass,Nigeria,resolved,neutral → satisfied,"stable, methodical, procedural",kyc_verification,0.0,0.808,0.192,0.2263
GS_008,14,AGENT,"Yes, that is acceptable. You can walk into any GTBank branch with the original bill, or you can upload a clear scan or photo through the GTWorld app under the document submission section. I will flag your account for pending address verification so the branch or app team knows to expect it.",golden,kyc_verification,standard_kyc_pass,Nigeria,resolved,neutral → satisfied,"stable, methodical, procedural",kyc_verification,0.0,0.823,0.177,0.836
GS_008,15,CUSTOMER,I will just upload it on the app. That is easier. How long will the full reactivation take after I upload?,golden,kyc_verification,standard_kyc_pass,Nigeria,resolved,neutral → satisfied,"stable, methodical, procedural",kyc_verification,0.0,0.865,0.135,0.4215
GS_008,16,AGENT,Once the document is received and verified it typically takes twenty four hours. In the meantime I can lift the restriction partially right now — you will be able to log into GTWorld and receive incoming transfers. Outgoing transfers will be fully enabled once the proof of address clears.,golden,kyc_verification,standard_kyc_pass,Nigeria,resolved,neutral → satisfied,"stable, methodical, procedural",kyc_verification,0.042,0.887,0.071,0.1027
GS_008,17,CUSTOMER,That works. So I can give my employer the account details now and the salary will land even before the document is fully verified?,golden,kyc_verification,standard_kyc_pass,Nigeria,resolved,neutral → satisfied,"stable, methodical, procedural",kyc_verification,0.0,1.0,0.0,0.0
GS_008,18,AGENT,Correct — incoming transfers are enabled immediately. Can you please try logging into GTWorld now while we are still on the call to confirm access?,golden,kyc_verification,standard_kyc_pass,Nigeria,resolved,neutral → satisfied,"stable, methodical, procedural",kyc_verification,0.0,0.909,0.091,0.3182
GS_008,19,CUSTOMER,"One moment. Yes — I am in. Account is showing, balance is there.",golden,kyc_verification,standard_kyc_pass,Nigeria,resolved,neutral → satisfied,"stable, methodical, procedural",kyc_verification,0.0,0.787,0.213,0.4019
GS_008,20,AGENT,Perfect. Your BVN and NIN are both verified and your address update has been flagged for completion once the LAWMA bill is uploaded. Your reactivation reference number is GT-REACT- 20260813-4471. You will receive an SMS confirmation once the account is fully unrestricted. Is there anything else I can help you with today?,golden,kyc_verification,standard_kyc_pass,Nigeria,resolved,neutral → satisfied,"stable, methodical, procedural",kyc_verification,0.0,0.862,0.138,0.7717
GS_008,21,CUSTOMER,"No, that covers everything. This was easier than I expected honestly.",golden,kyc_verification,standard_kyc_pass,Nigeria,resolved,neutral → satisfied,"stable, methodical, procedural",kyc_verification,0.147,0.467,0.387,0.5574
GS_008,22,AGENT,"I am glad to hear that, Tunde. Welcome back to GTBank. Have a great day.",golden,kyc_verification,standard_kyc_pass,Nigeria,resolved,neutral → satisfied,"stable, methodical, procedural",kyc_verification,0.0,0.498,0.502,0.8779
GS_008,23,CUSTOMER,Thank you. Goodbye.,golden,kyc_verification,standard_kyc_pass,Nigeria,resolved,neutral → satisfied,"stable, methodical, procedural",kyc_verification,0.0,0.444,0.556,0.3612
GS_009,0,AGENT,Thank you for calling KCB Customer Support. My name is Grace. How may I assist you today?,golden,kyc_verification,kyc_document_issue,Kenya,unresolved,polite → mildly frustrated,"stable, patient, instructional",kyc_incomplete,0.0,0.619,0.381,0.7906
GS_009,1,CUSTOMER,Good afternoon. My name is Wanjiru Otieno. I am calling because I have been trying to complete my account verification on the app for the past two days and it keeps rejecting my ID. I do not understand what the problem is because it is a valid ID.,golden,kyc_verification,kyc_document_issue,Kenya,unresolved,polite → mildly frustrated,"stable, patient, instructional",kyc_incomplete,0.115,0.827,0.058,-0.4215
GS_009,2,AGENT,"Good afternoon, Wanjiru. I am sorry to hear you have been having trouble with that. I will look into it for you. Can you please confirm your registered phone number and date of birth so I can access your account?",golden,kyc_verification,kyc_document_issue,Kenya,unresolved,polite → mildly frustrated,"stable, patient, instructional",kyc_incomplete,0.094,0.753,0.153,0.3612
GS_009,3,CUSTOMER,Yes. 0733 456 782. Date of birth is 3rd September 1995.,golden,kyc_verification,kyc_document_issue,Kenya,unresolved,polite → mildly frustrated,"stable, patient, instructional",kyc_incomplete,0.0,0.787,0.213,0.4019
GS_009,4,AGENT,"Thank you, Wanjiru. I have your account here. I can see that your KYC verification has been flagged — the national ID you submitted was rejected by our system. I can see the reason noted here is that the ID appears to have expired. Can you confirm when your national ID was issued?",golden,kyc_verification,kyc_document_issue,Kenya,unresolved,polite → mildly frustrated,"stable, patient, instructional",kyc_incomplete,0.062,0.89,0.047,-0.2023
GS_009,5,CUSTOMER,"It was issued in 2017. But I did not know Kenyan national IDs expire. I have been using it everywhere — for M-Pesa registration, for everything. Nobody has ever told me it was expired.",golden,kyc_verification,kyc_document_issue,Kenya,unresolved,polite → mildly frustrated,"stable, patient, instructional",kyc_incomplete,0.0,1.0,0.0,0.0
GS_009,6,AGENT,"I completely understand your confusion, Wanjiru. Kenyan national IDs issued before 2019 do not technically expire in the traditional sense, however our system flags IDs that are more than eight years old for manual review because the photograph and details may no longer accurately represent the account holder. It is a compliance requirement on our end rather than a government expiry rule.",golden,kyc_verification,kyc_document_issue,Kenya,unresolved,polite → mildly frustrated,"stable, patient, instructional",kyc_incomplete,0.076,0.924,0.0,-0.5667
GS_009,7,CUSTOMER,So the ID itself is not expired but your system is rejecting it because it is old. That is a bit confusing. What am I supposed to do then? I cannot just get a new ID overnight.,golden,kyc_verification,kyc_document_issue,Kenya,unresolved,polite → mildly frustrated,"stable, patient, instructional",kyc_incomplete,0.17,0.83,0.0,-0.7469
GS_009,8,AGENT,"I understand, and I apologise for the inconvenience. You have two options. The first option is to visit a Huduma Centre to apply for an updated national ID — the process typically takes two to three weeks. Once you have the new ID you can resubmit through the app and verification should go through cleanly.",golden,kyc_verification,kyc_document_issue,Kenya,unresolved,polite → mildly frustrated,"stable, patient, instructional",kyc_incomplete,0.046,0.906,0.048,0.0258
GS_009,9,CUSTOMER,Two to three weeks. My account is restricted right now and I need to make transactions. Is there a faster option?,golden,kyc_verification,kyc_document_issue,Kenya,unresolved,polite → mildly frustrated,"stable, patient, instructional",kyc_incomplete,0.126,0.874,0.0,-0.3818
GS_009,10,AGENT,Yes — the second option is to submit an alternative government issued document in place of the national ID. A valid Kenyan passport or a KRA PIN certificate combined with a recent utility bill dated within the last three months would be accepted for verification purposes.,golden,kyc_verification,kyc_document_issue,Kenya,unresolved,polite → mildly frustrated,"stable, patient, instructional",kyc_incomplete,0.0,0.893,0.107,0.5859
GS_009,11,CUSTOMER,I do not have a passport. But I have my KRA PIN. What counts as a recent utility bill — does a Safaricom bill work?,golden,kyc_verification,kyc_document_issue,Kenya,unresolved,polite → mildly frustrated,"stable, patient, instructional",kyc_incomplete,0.0,1.0,0.0,0.0
GS_009,12,AGENT,"Yes, a Safaricom statement showing your name and current address dated within the last three months is acceptable. You would need to submit both the KRA PIN certificate and the Safaricom statement together through the app under the document submission section. Once both are uploaded our verification team will review within forty eight hours.",golden,kyc_verification,kyc_document_issue,Kenya,unresolved,polite → mildly frustrated,"stable, patient, instructional",kyc_incomplete,0.0,0.911,0.089,0.6124
GS_009,13,CUSTOMER,Okay. And my account will stay restricted until they finish reviewing?,golden,kyc_verification,kyc_document_issue,Kenya,unresolved,polite → mildly frustrated,"stable, patient, instructional",kyc_incomplete,0.193,0.667,0.141,-0.1779
GS_009,14,AGENT,Unfortunately yes — your account will remain on restricted status until verification is complete. However once the documents are approved the restriction will be lifted automatically and you will receive an SMS confirmation.,golden,kyc_verification,kyc_document_issue,Kenya,unresolved,polite → mildly frustrated,"stable, patient, instructional",kyc_incomplete,0.179,0.682,0.139,-0.1531
GS_009,15,CUSTOMER,So I have been waiting two days already and now I have to wait another forty eight hours on top of that. I wish the app had explained this clearly when it rejected my ID instead of just saying verification failed. I would have called sooner.,golden,kyc_verification,kyc_document_issue,Kenya,unresolved,polite → mildly frustrated,"stable, patient, instructional",kyc_incomplete,0.129,0.722,0.149,0.0065
GS_009,16,AGENT,"You are absolutely right and I apologise for that. The error message on the app should have been more specific about the reason for rejection. I will note that feedback on your account. Your case reference number is KCB-KYC-20260813-3341. Once you upload the KRA PIN certificate and Safaricom statement, quote that reference number in the app comments section so our team picks it up quickly.",golden,kyc_verification,kyc_document_issue,Kenya,unresolved,polite → mildly frustrated,"stable, patient, instructional",kyc_incomplete,0.089,0.833,0.078,-0.4091
GS_009,17,CUSTOMER,Okay. KCB-KYC-20260813-3341. I will upload them today. I just hope this gets resolved quickly because I have payments to make.,golden,kyc_verification,kyc_document_issue,Kenya,unresolved,polite → mildly frustrated,"stable, patient, instructional",kyc_incomplete,0.0,0.683,0.317,0.6705
GS_009,18,AGENT,"I understand, Wanjiru, and I hope so too. Our team will prioritise it. Is there anything else I can help you with today?",golden,kyc_verification,kyc_document_issue,Kenya,unresolved,polite → mildly frustrated,"stable, patient, instructional",kyc_incomplete,0.0,0.763,0.237,0.6808
GS_009,19,CUSTOMER,"No, that is all. Asante.",golden,kyc_verification,kyc_document_issue,Kenya,unresolved,polite → mildly frustrated,"stable, patient, instructional",kyc_incomplete,0.355,0.645,0.0,-0.296
GS_009,20,AGENT,You are welcome. Good luck with the upload and enjoy the rest of your day.,golden,kyc_verification,kyc_document_issue,Kenya,unresolved,polite → mildly frustrated,"stable, patient, instructional",kyc_incomplete,0.0,0.476,0.524,0.9022
GS_009,21,CUSTOMER,Thank you. Bye.,golden,kyc_verification,kyc_document_issue,Kenya,unresolved,polite → mildly frustrated,"stable, patient, instructional",kyc_incomplete,0.0,0.444,0.556,0.3612
GS_009,22,AGENT,Goodbye.,golden,kyc_verification,kyc_document_issue,Kenya,unresolved,polite → mildly frustrated,"stable, patient, instructional",kyc_incomplete,0.0,1.0,0.0,0.0
GS_010,0,AGENT,Thank you for calling Mashreq Bank Customer Support. My name is Tariq. How may I assist you today?,golden,kyc_verification,kyc_fraud_flag,Gulf (UAE),unresolved,neutral → confused/defensive,"neutral, protocol-driven, reveals nothing",kyc_escalation,0.0,0.743,0.257,0.6369
GS_010,1,CUSTOMER,"Good evening. My name is Hassan Al-Mansoori. I am trying to complete my account opening with Mashreq Neo. I submitted all my documents three days ago — my Emirates ID, passport copy, and proof of address — and the app is still showing my verification as pending. I just want to know what is happening.",golden,kyc_verification,kyc_fraud_flag,Gulf (UAE),unresolved,neutral → confused/defensive,"neutral, protocol-driven, reveals nothing",kyc_escalation,0.0,0.92,0.08,0.4939
GS_010,2,AGENT,"Good evening, Hassan. I can look into that for you. Can you please confirm your registered mobile number and your Emirates ID number so I can access your application?",golden,kyc_verification,kyc_fraud_flag,Gulf (UAE),unresolved,neutral → confused/defensive,"neutral, protocol-driven, reveals nothing",kyc_escalation,0.0,0.747,0.253,0.7003
GS_010,3,CUSTOMER,Yes. 052 341 7823. Emirates ID is 784-1990-4521836-2.,golden,kyc_verification,kyc_fraud_flag,Gulf (UAE),unresolved,neutral → confused/defensive,"neutral, protocol-driven, reveals nothing",kyc_escalation,0.0,0.722,0.278,0.4019
GS_010,4,AGENT,"Thank you, Hassan. One moment while I pull up your application. I can see your onboarding submission here. Your application is currently under an extended review. I apologise for the delay.",golden,kyc_verification,kyc_fraud_flag,Gulf (UAE),unresolved,neutral → confused/defensive,"neutral, protocol-driven, reveals nothing",kyc_escalation,0.071,0.772,0.157,0.4215
GS_010,5,CUSTOMER,"Extended review — what does that mean exactly? I submitted everything that was asked. My Emirates ID is valid, my passport is valid, my proof of address is a current DEWA bill. What else is needed?",golden,kyc_verification,kyc_fraud_flag,Gulf (UAE),unresolved,neutral → confused/defensive,"neutral, protocol-driven, reveals nothing",kyc_escalation,0.0,1.0,0.0,0.0
GS_010,6,AGENT,"I understand your frustration, Hassan, and I apologise for the inconvenience. An extended review simply means that your application requires additional verification steps beyond the standard automated process. This can happen for a number of reasons and does not necessarily indicate a problem with your documents.",golden,kyc_verification,kyc_fraud_flag,Gulf (UAE),unresolved,neutral → confused/defensive,"neutral, protocol-driven, reveals nothing",kyc_escalation,0.115,0.759,0.126,-0.1134
GS_010,7,CUSTOMER,But I have banked with Emirates NBD for six years. I have never had a problem with any verification anywhere. Can you tell me specifically what is being reviewed?,golden,kyc_verification,kyc_fraud_flag,Gulf (UAE),unresolved,neutral → confused/defensive,"neutral, protocol-driven, reveals nothing",kyc_escalation,0.0,0.776,0.224,0.7868
GS_010,8,AGENT,"I understand this is concerning, Hassan, and I appreciate your patience. I am not able to share the specific details of what is under review at this stage as our compliance team handles extended reviews confidentially. What I can tell you is that your application has not been rejected — it is active and being reviewed by our team.",golden,kyc_verification,kyc_fraud_flag,Gulf (UAE),unresolved,neutral → confused/defensive,"neutral, protocol-driven, reveals nothing",kyc_escalation,0.031,0.833,0.135,0.7363
GS_010,9,CUSTOMER,So you cannot tell me what the problem is. How long will this extended review take? Because I opened this account specifically to manage my freelance payments and I have clients waiting.,golden,kyc_verification,kyc_fraud_flag,Gulf (UAE),unresolved,neutral → confused/defensive,"neutral, protocol-driven, reveals nothing",kyc_escalation,0.082,0.851,0.067,-0.128
GS_010,10,AGENT,"I completely understand the urgency, Hassan. Extended reviews typically take three to five business days from the point they are escalated to the compliance team. I can see your application was escalated on August 11th, so you should expect an update by August 18th at the latest. You will be contacted via the email address on your application.",golden,kyc_verification,kyc_fraud_flag,Gulf (UAE),unresolved,neutral → confused/defensive,"neutral, protocol-driven, reveals nothing",kyc_escalation,0.0,1.0,0.0,0.0
GS_010,11,CUSTOMER,August 18th. That is almost a week away. And nobody contacted me to tell me this was happening — I had to call myself to find out. That is not good service.,golden,kyc_verification,kyc_fraud_flag,Gulf (UAE),unresolved,neutral → confused/defensive,"neutral, protocol-driven, reveals nothing",kyc_escalation,0.079,0.921,0.0,-0.3412
GS_010,12,AGENT,"You are absolutely right and I sincerely apologise for that, Hassan. You should have received a notification when your application moved to extended review. I will log that as a service failure on your application and flag it to the team. Your application reference is MQ-KYC-20260811-7732. Is there anything else I can assist you with?",golden,kyc_verification,kyc_fraud_flag,Gulf (UAE),unresolved,neutral → confused/defensive,"neutral, protocol-driven, reveals nothing",kyc_escalation,0.059,0.835,0.106,0.3947
GS_010,13,CUSTOMER,"Yes actually. Is there anything I can do from my side to speed this up? Submit more documents, come into a branch — anything?",golden,kyc_verification,kyc_fraud_flag,Gulf (UAE),unresolved,neutral → confused/defensive,"neutral, protocol-driven, reveals nothing",kyc_escalation,0.0,0.867,0.133,0.4696
GS_010,14,AGENT,That is a reasonable question. At this stage the review is being handled internally and additional documents are not required unless our compliance team specifically requests them. If they need anything further from you they will reach out directly via email or phone. Coming into a branch would not accelerate the process at this point.,golden,kyc_verification,kyc_fraud_flag,Gulf (UAE),unresolved,neutral → confused/defensive,"neutral, protocol-driven, reveals nothing",kyc_escalation,0.0,0.979,0.021,0.0258
GS_010,15,CUSTOMER,"So there is nothing I can do but wait. I do not understand why this is happening. I am a UAE resident, I have valid documents, I pay my taxes. Wallah, this is frustrating.",golden,kyc_verification,kyc_fraud_flag,Gulf (UAE),unresolved,neutral → confused/defensive,"neutral, protocol-driven, reveals nothing",kyc_escalation,0.173,0.827,0.0,-0.6652
GS_010,16,AGENT,"I completely understand, Hassan, and I am sorry I cannot provide more detail at this stage. What I can assure you is that your application is being actively reviewed and you will be contacted before August 18th if anything is needed from your side. Your reference number is MQ-KYC-20260811-7732. Please keep that handy for any follow up.",golden,kyc_verification,kyc_fraud_flag,Gulf (UAE),unresolved,neutral → confused/defensive,"neutral, protocol-driven, reveals nothing",kyc_escalation,0.023,0.833,0.144,0.7184
GS_010,17,CUSTOMER,Fine. I will wait. But if I do not hear anything by the 18th I am calling back.,golden,kyc_verification,kyc_fraud_flag,Gulf (UAE),unresolved,neutral → confused/defensive,"neutral, protocol-driven, reveals nothing",kyc_escalation,0.0,0.909,0.091,0.1027
GS_010,18,AGENT,"That is completely fair, Hassan. Please do not hesitate to call if you have not received an update by then. Enjoy the rest of your evening.",golden,kyc_verification,kyc_fraud_flag,Gulf (UAE),unresolved,neutral → confused/defensive,"neutral, protocol-driven, reveals nothing",kyc_escalation,0.0,0.684,0.316,0.847
GS_010,19,CUSTOMER,Thank you. Goodbye.,golden,kyc_verification,kyc_fraud_flag,Gulf (UAE),unresolved,neutral → confused/defensive,"neutral, protocol-driven, reveals nothing",kyc_escalation,0.0,0.444,0.556,0.3612
GS_010,20,AGENT,"Goodbye, Hassan. Take care.",golden,kyc_verification,kyc_fraud_flag,Gulf (UAE),unresolved,neutral → confused/defensive,"neutral, protocol-driven, reveals nothing",kyc_escalation,0.0,0.484,0.516,0.4939
GS_011,0,AGENT,Good afternoon. Am I speaking with Emeka Nwosu?,golden,loan_recovery,payment_reminder_compliant,Nigeria,resolved,slightly defensive → cooperative,"firm, friendly, non-aggressive",loan_reminder,0.0,0.674,0.326,0.4404
GS_011,1,CUSTOMER,"Yes, who is this?",golden,loan_recovery,payment_reminder_compliant,Nigeria,resolved,slightly defensive → cooperative,"firm, friendly, non-aggressive",loan_reminder,0.0,0.526,0.474,0.4019
GS_011,2,AGENT,"Good afternoon, Mr. Emeka. My name is Ibrahim and I am calling from OKash customer support. I am reaching out regarding your loan account with us. Is this a good time to talk?",golden,loan_recovery,payment_reminder_compliant,Nigeria,resolved,slightly defensive → cooperative,"firm, friendly, non-aggressive",loan_reminder,0.0,0.707,0.293,0.8682
GS_011,3,CUSTOMER,OKash. Okay. What is the issue?,golden,loan_recovery,payment_reminder_compliant,Nigeria,resolved,slightly defensive → cooperative,"firm, friendly, non-aggressive",loan_reminder,0.0,0.725,0.275,0.2263
GS_011,4,AGENT,"Mr. Emeka, your loan repayment of ₦18,500 was due on August 10th and we have not received the payment as of today August 13th. I am calling to remind you and to help you make arrangements to settle the outstanding balance. Your account is currently five days past due.",golden,loan_recovery,payment_reminder_compliant,Nigeria,resolved,slightly defensive → cooperative,"firm, friendly, non-aggressive",loan_reminder,0.0,0.873,0.127,0.7717
GS_011,5,CUSTOMER,"Yes, I know. I have been meaning to pay. Things have just been tight this week. I was not trying to run away from it, I just have not had the chance to sort it out.",golden,loan_recovery,payment_reminder_compliant,Nigeria,resolved,slightly defensive → cooperative,"firm, friendly, non-aggressive",loan_reminder,0.09,0.832,0.077,0.1431
GS_011,6,AGENT,"I appreciate you saying that, Mr. Emeka, and I completely understand that things can get difficult. The outstanding amount including the five days of accrued daily interest is now ₦19,240. I want to help you close this out quickly so it does not continue to grow. When do you think you will be able to make the payment?",golden,loan_recovery,payment_reminder_compliant,Nigeria,resolved,slightly defensive → cooperative,"firm, friendly, non-aggressive",loan_reminder,0.038,0.752,0.21,0.8807
GS_011,7,CUSTOMER,I should be able to sort it out by Friday. My salary drops on Thursday so I can pay first thing Friday morning.,golden,loan_recovery,payment_reminder_compliant,Nigeria,resolved,slightly defensive → cooperative,"firm, friendly, non-aggressive",loan_reminder,0.077,0.923,0.0,-0.1725
GS_011,8,AGENT,"That works. Friday August 15th. To confirm — you are committing to settling the full outstanding balance of ₦19,240 by Friday August 15th. Is that correct?",golden,loan_recovery,payment_reminder_compliant,Nigeria,resolved,slightly defensive → cooperative,"firm, friendly, non-aggressive",loan_reminder,0.0,0.813,0.187,0.6486
GS_011,9,CUSTOMER,Yes. Friday. I will pay through the OKash app directly.,golden,loan_recovery,payment_reminder_compliant,Nigeria,resolved,slightly defensive → cooperative,"firm, friendly, non-aggressive",loan_reminder,0.126,0.631,0.243,0.3182
GS_011,10,AGENT,Perfect. Payment through the app is the fastest way to update your account. Once you make the payment your account status will update automatically within a few minutes and you will receive an SMS confirmation. I will log this commitment on your account — reference number OK-REM-20260813-5521. If for any reason you are unable to pay by Friday please call us before the due date so we can make alternative arrangements.,golden,loan_recovery,payment_reminder_compliant,Nigeria,resolved,slightly defensive → cooperative,"firm, friendly, non-aggressive",loan_reminder,0.019,0.843,0.138,0.836
GS_011,11,CUSTOMER,Okay. I will pay Friday. No need to call again before then.,golden,loan_recovery,payment_reminder_compliant,Nigeria,resolved,slightly defensive → cooperative,"firm, friendly, non-aggressive",loan_reminder,0.267,0.593,0.141,-0.1779
GS_011,12,AGENT,"Understood, Mr. Emeka. I appreciate your cooperation and I will note your commitment on the account. Is there anything else I can help you with today?",golden,loan_recovery,payment_reminder_compliant,Nigeria,resolved,slightly defensive → cooperative,"firm, friendly, non-aggressive",loan_reminder,0.0,0.714,0.286,0.7906
GS_011,13,CUSTOMER,"No, that is all.",golden,loan_recovery,payment_reminder_compliant,Nigeria,resolved,slightly defensive → cooperative,"firm, friendly, non-aggressive",loan_reminder,0.423,0.577,0.0,-0.296
GS_011,14,AGENT,Thank you for your time. Enjoy the rest of your day.,golden,loan_recovery,payment_reminder_compliant,Nigeria,resolved,slightly defensive → cooperative,"firm, friendly, non-aggressive",loan_reminder,0.0,0.612,0.388,0.6908
GS_011,15,CUSTOMER,Okay. Bye.,golden,loan_recovery,payment_reminder_compliant,Nigeria,resolved,slightly defensive → cooperative,"firm, friendly, non-aggressive",loan_reminder,0.0,0.345,0.655,0.2263
GS_011,16,AGENT,Goodbye.,golden,loan_recovery,payment_reminder_compliant,Nigeria,resolved,slightly defensive → cooperative,"firm, friendly, non-aggressive",loan_reminder,0.0,1.0,0.0,0.0
GS_012,0,AGENT,Good afternoon. Am I speaking with Aisha Otieno?,golden,loan_recovery,hardship_negotiation,Kenya,resolved,distressed → cautiously relieved,"empathetic, flexible, solution-focused",hardship_plan,0.0,0.674,0.326,0.4404
GS_012,1,CUSTOMER,"Yes, this is Aisha.",golden,loan_recovery,hardship_negotiation,Kenya,resolved,distressed → cautiously relieved,"empathetic, flexible, solution-focused",hardship_plan,0.0,0.526,0.474,0.4019
GS_012,2,AGENT,"Good afternoon, Aisha. My name is Kevin and I am calling from M-Shwari loan recovery support. I am reaching out regarding your M-Shwari loan account. Is this a good time to speak?",golden,loan_recovery,hardship_negotiation,Kenya,resolved,distressed → cautiously relieved,"empathetic, flexible, solution-focused",hardship_plan,0.0,0.699,0.301,0.8682
GS_012,3,CUSTOMER,Yes. I have been expecting a call. I know I have missed payments. I want to explain what happened.,golden,loan_recovery,hardship_negotiation,Kenya,resolved,distressed → cautiously relieved,"empathetic, flexible, solution-focused",hardship_plan,0.128,0.64,0.233,0.2023
GS_012,4,AGENT,"Of course, Aisha. Please go ahead. I am here to listen and to see how we can find a way forward together.",golden,loan_recovery,hardship_negotiation,Kenya,resolved,distressed → cautiously relieved,"empathetic, flexible, solution-focused",hardship_plan,0.0,0.892,0.108,0.3182
GS_012,5,CUSTOMER,"I lost my job in June. I was working as an accounts assistant at a logistics company in Nairobi and they did a round of retrenchments. I took the M-Shwari loan in May when I was still employed — KSh 35,000 — because I needed to cover my daughter's school fees. I have been trying to find work since June but it has not been easy. I have paid what I can — I sent KSh 5,000 in July — but I cannot pay the full outstanding amount right now. I am not running away from this debt. I just genuinely do not have the money.",golden,loan_recovery,hardship_negotiation,Kenya,resolved,distressed → cautiously relieved,"empathetic, flexible, solution-focused",hardship_plan,0.087,0.843,0.07,-0.1599
GS_012,6,AGENT,"Aisha, thank you for being honest with me about your situation. Losing your job is a serious hardship and I can hear that you are doing your best. The KSh 5,000 payment you made in July has been noted on your account and I want you to know that counts. Can I pull up your account details so we can look at the full picture together?",golden,loan_recovery,hardship_negotiation,Kenya,resolved,distressed → cautiously relieved,"empathetic, flexible, solution-focused",hardship_plan,0.086,0.759,0.156,0.7269
GS_012,7,CUSTOMER,Sawa. My phone number is 0718 234 567.,golden,loan_recovery,hardship_negotiation,Kenya,resolved,distressed → cautiously relieved,"empathetic, flexible, solution-focused",hardship_plan,0.0,0.843,0.157,0.0772
GS_012,8,AGENT,"Thank you. I have your account here. Your original loan was KSh 35,000 disbursed on May 3rd. After the KSh 5,000 July payment the outstanding balance including accrued interest and late fees is currently KSh 33,840. I want to be transparent with you about that number before we discuss options.",golden,loan_recovery,hardship_negotiation,Kenya,resolved,distressed → cautiously relieved,"empathetic, flexible, solution-focused",hardship_plan,0.0,0.745,0.255,0.9081
GS_012,9,CUSTOMER,"Aki — KSh 33,840. That is almost what I borrowed. Mungu wangu, the interest and fees have eaten my payment completely. That is very discouraging to hear.",golden,loan_recovery,hardship_negotiation,Kenya,resolved,distressed → cautiously relieved,"empathetic, flexible, solution-focused",hardship_plan,0.109,0.788,0.103,-0.0498
GS_012,10,AGENT,"I understand, and that frustration is completely valid. What I want to do today is find a restructured plan that works for your current situation — not what your situation was in May, but what it is right now. Can I ask — what can you realistically commit to paying per month at the moment? Even a small amount. I want to work with what is actually possible for you, not what looks good on paper.",golden,loan_recovery,hardship_negotiation,Kenya,resolved,distressed → cautiously relieved,"empathetic, flexible, solution-focused",hardship_plan,0.07,0.85,0.08,-0.0597
GS_012,11,CUSTOMER,"Ukweli ni — honestly, I can manage KSh 3,000 per month right now. My sister has been helping me with rent and I am doing some casual work here and there. KSh 3,000 I can commit to. Maybe more once I get a permanent job but I cannot promise that yet.",golden,loan_recovery,hardship_negotiation,Kenya,resolved,distressed → cautiously relieved,"empathetic, flexible, solution-focused",hardship_plan,0.051,0.812,0.137,0.2862
GS_012,12,AGENT,"I appreciate your honesty, Aisha. KSh 3,000 per month is workable. Let me tell you what I can offer. I can restructure your loan over twelve months at KSh 3,000 per month. That covers KSh 36,000 over the full period which settles the outstanding balance including the accrued interest. I will also request that late fees stop accruing from today provided you maintain the monthly payments consistently.",golden,loan_recovery,hardship_negotiation,Kenya,resolved,distressed → cautiously relieved,"empathetic, flexible, solution-focused",hardship_plan,0.03,0.793,0.176,0.8934
GS_012,13,CUSTOMER,"So KSh 3,000 every month for twelve months and the late fees stop. And that will clear the full debt?",golden,loan_recovery,hardship_negotiation,Kenya,resolved,distressed → cautiously relieved,"empathetic, flexible, solution-focused",hardship_plan,0.193,0.7,0.107,-0.2732
GS_012,14,AGENT,"Correct. As long as payments are made consistently each month by the agreed date the late fees will be frozen from today and the KSh 36,000 total will fully settle your account. If you miss a payment the late fees would resume, so consistency is important. I want to be clear about that so there are no surprises.",golden,loan_recovery,hardship_negotiation,Kenya,resolved,distressed → cautiously relieved,"empathetic, flexible, solution-focused",hardship_plan,0.064,0.777,0.158,0.5994
GS_012,15,CUSTOMER,"I understand. And the KSh 3,000 — I pay through M-Pesa as usual?",golden,loan_recovery,hardship_negotiation,Kenya,resolved,distressed → cautiously relieved,"empathetic, flexible, solution-focused",hardship_plan,0.135,0.865,0.0,-0.1027
GS_012,16,AGENT,"Yes, same M-Pesa process you have been using. Paybill number for M-Shwari is 222111 with your phone number as the account number. Each payment will reflect on your account within a few hours and you will receive an SMS confirmation. I would suggest setting a reminder for the same date each month so it becomes routine.",golden,loan_recovery,hardship_negotiation,Kenya,resolved,distressed → cautiously relieved,"empathetic, flexible, solution-focused",hardship_plan,0.0,0.881,0.119,0.5574
GS_012,17,CUSTOMER,That is a good idea. Which date should I aim for each month?,golden,loan_recovery,hardship_negotiation,Kenya,resolved,distressed → cautiously relieved,"empathetic, flexible, solution-focused",hardship_plan,0.0,0.775,0.225,0.4404
GS_012,18,AGENT,You can choose a date that works best for you — ideally aligned with when you typically receive income. What date would suit you?,golden,loan_recovery,hardship_negotiation,Kenya,resolved,distressed → cautiously relieved,"empathetic, flexible, solution-focused",hardship_plan,0.0,0.741,0.259,0.7906
GS_012,19,CUSTOMER,"The 5th of each month, na Mungu akipenda. That is usually when my casual work payments come in.",golden,loan_recovery,hardship_negotiation,Kenya,resolved,distressed → cautiously relieved,"empathetic, flexible, solution-focused",hardship_plan,0.0,0.904,0.096,0.2023
GS_012,20,AGENT,Perfect. The 5th of each month starting September 5th 2026. I am documenting this restructured agreement on your account now. Your restructuring reference number is MSW-HRSH-20260813-4401. You will receive an SMS confirmation of this agreement to your registered number shortly. Please keep that message for your records.,golden,loan_recovery,hardship_negotiation,Kenya,resolved,distressed → cautiously relieved,"empathetic, flexible, solution-focused",hardship_plan,0.0,0.727,0.273,0.9186
GS_012,21,CUSTOMER,"MSW-HRSH-20260813-4401. Okay. Kevin, nilikuwa naogopa sana before I picked up this call. I thought you were going to threaten me or something. This is not what I expected at all.",golden,loan_recovery,hardship_negotiation,Kenya,resolved,distressed → cautiously relieved,"empathetic, flexible, solution-focused",hardship_plan,0.088,0.847,0.064,-0.1779
GS_012,22,AGENT,"I am glad we could find a way forward together, Aisha. These situations happen and the most important thing is that we work through them together rather than avoid them. You were honest with me and that made everything easier. Is there anything else I can help you with today?",golden,loan_recovery,hardship_negotiation,Kenya,resolved,distressed → cautiously relieved,"empathetic, flexible, solution-focused",hardship_plan,0.039,0.718,0.243,0.8932
GS_012,23,CUSTOMER,"No. Just KSh 3,000 on the 5th. Sitaangusha — I will not miss it.",golden,loan_recovery,hardship_negotiation,Kenya,resolved,distressed → cautiously relieved,"empathetic, flexible, solution-focused",hardship_plan,0.161,0.733,0.106,-0.1916
GS_012,24,AGENT,"I believe you. Good luck with the job search, Aisha. Enjoy the rest of your day.",golden,loan_recovery,hardship_negotiation,Kenya,resolved,distressed → cautiously relieved,"empathetic, flexible, solution-focused",hardship_plan,0.0,0.569,0.431,0.8442
GS_012,25,CUSTOMER,"Asante sana, Kevin. Goodbye.",golden,loan_recovery,hardship_negotiation,Kenya,resolved,distressed → cautiously relieved,"empathetic, flexible, solution-focused",hardship_plan,0.0,1.0,0.0,0.0
GS_012,26,AGENT,"Goodbye, Aisha. Take care.",golden,loan_recovery,hardship_negotiation,Kenya,resolved,distressed → cautiously relieved,"empathetic, flexible, solution-focused",hardship_plan,0.0,0.484,0.516,0.4939
GS_013,0,AGENT,Good afternoon. Am I speaking with Khalid Al-Hammadi?,golden,loan_recovery,loan_recovery_escalation,Gulf (UAE),unresolved,hostile from open → hostile throughout,"professional, de-escalation attempts",loan_escalation,0.0,0.674,0.326,0.4404
GS_013,1,CUSTOMER,Who is asking?,golden,loan_recovery,loan_recovery_escalation,Gulf (UAE),unresolved,hostile from open → hostile throughout,"professional, de-escalation attempts",loan_escalation,0.0,1.0,0.0,0.0
GS_013,2,AGENT,Good afternoon. My name is Mohammed and I am calling from ADIB loan recovery support. Am I speaking with Khalid Al-Hammadi?,golden,loan_recovery,loan_recovery_escalation,Gulf (UAE),unresolved,hostile from open → hostile throughout,"professional, de-escalation attempts",loan_escalation,0.0,0.752,0.248,0.6808
GS_013,3,CUSTOMER,Yes. What do you want?,golden,loan_recovery,loan_recovery_escalation,Gulf (UAE),unresolved,hostile from open → hostile throughout,"professional, de-escalation attempts",loan_escalation,0.0,0.429,0.571,0.4588
GS_013,4,AGENT,"Mr. Khalid, I am reaching out regarding your personal finance account with ADIB. Your account is currently four months in arrears with an outstanding balance of AED 28,750 including accrued fees. I am calling to discuss how we can resolve this together. Is this a good time?",golden,loan_recovery,loan_recovery_escalation,Gulf (UAE),unresolved,hostile from open → hostile throughout,"professional, de-escalation attempts",loan_escalation,0.0,0.773,0.227,0.8951
GS_013,5,CUSTOMER,Four months. You people have been calling me every week for four months. What is there to discuss that has not already been discussed? I told the last person who called — I am disputing this amount. I did not agree to these charges and I am not paying something I did not agree to.,golden,loan_recovery,loan_recovery_escalation,Gulf (UAE),unresolved,hostile from open → hostile throughout,"professional, de-escalation attempts",loan_escalation,0.167,0.833,0.0,-0.7918
GS_013,6,AGENT,"Mr. Khalid, I understand you have raised a dispute previously. I want to make sure we address that properly today. Can you help me understand specifically which charges you are disputing so I can look into this on your account?",golden,loan_recovery,loan_recovery_escalation,Gulf (UAE),unresolved,hostile from open → hostile throughout,"professional, de-escalation attempts",loan_escalation,0.171,0.685,0.144,-0.296
GS_013,7,CUSTOMER,"The restructuring fee that was added in April. AED 3,200. Nobody told me about that fee when I took the finance. It appeared on my statement without any notification. If ADIB wants to add fees to my account they need my consent. I did not give consent and I am not paying it. Simple.",golden,loan_recovery,loan_recovery_escalation,Gulf (UAE),unresolved,hostile from open → hostile throughout,"professional, de-escalation attempts",loan_escalation,0.0,0.928,0.072,0.4215
GS_013,8,AGENT,"I hear you, Mr. Khalid, and I want to look into that specifically. I can see on your account that a restructuring fee of AED 3,200 was applied in April following a payment arrangement that was set up in March. This fee is outlined in the terms of your finance agreement under the restructuring clause. I can arrange for a full breakdown of the charge to be sent to your registered email if that would help clarify it.",golden,loan_recovery,loan_recovery_escalation,Gulf (UAE),unresolved,hostile from open → hostile throughout,"professional, de-escalation attempts",loan_escalation,0.0,0.904,0.096,0.7351
GS_013,9,CUSTOMER,"I have read the agreement. That clause does not give ADIB the right to add fees without written notification to the customer beforehand. You sent me nothing before adding that charge. Nothing. And now you are calling me every week demanding money. Wallah, this is harassment. I have a good mind to report this to the Central Bank.",golden,loan_recovery,loan_recovery_escalation,Gulf (UAE),unresolved,hostile from open → hostile throughout,"professional, de-escalation attempts",loan_escalation,0.086,0.816,0.098,0.1779
GS_013,10,AGENT,"Mr. Khalid, I want to assure you that ADIB operates fully within CBUAE regulations and all communication has been within permitted guidelines. You are absolutely within your right to file a complaint with the Central Bank — that is your right as a customer and I would not discourage you from doing so. What I would like to focus on today is whether there is a way we can resolve the outstanding balance while your dispute is reviewed. The remaining balance outside of the disputed fee is AED 25,550 — would you be willing to discuss a payment arrangement for that portion?",golden,loan_recovery,loan_recovery_escalation,Gulf (UAE),unresolved,hostile from open → hostile throughout,"professional, de-escalation attempts",loan_escalation,0.068,0.787,0.144,0.7961
GS_013,11,CUSTOMER,No. I am not paying anything until the dispute is resolved. If I pay now you will say I accepted the charges. I know how these things work. I am not touching this account until ADIB acknowledges that the fee was applied incorrectly.,golden,loan_recovery,loan_recovery_escalation,Gulf (UAE),unresolved,hostile from open → hostile throughout,"professional, de-escalation attempts",loan_escalation,0.19,0.724,0.086,-0.5574
GS_013,12,AGENT,"I understand your position, Mr. Khalid. I want to be transparent with you about what happens next so you are fully informed. Your account has been in arrears for four months. If no payment arrangement is made today I am required to refer this account to our legal recovery team. At that stage the matter moves outside of customer support and into a formal legal process. That may include a formal demand notice and further action under UAE civil law. I am not saying this to pressure you — I am telling you so you can make an informed decision.",golden,loan_recovery,loan_recovery_escalation,Gulf (UAE),unresolved,hostile from open → hostile throughout,"professional, de-escalation attempts",loan_escalation,0.06,0.857,0.083,0.0516
GS_013,13,CUSTOMER,"Legal team. Fine. Let them come. I have my own lawyer and I have documented every call, every charge, every notification that ADIB failed to send me. If ADIB wants to take this to court I will see them there. Maybe then someone will actually look at what they did to my account.",golden,loan_recovery,loan_recovery_escalation,Gulf (UAE),unresolved,hostile from open → hostile throughout,"professional, de-escalation attempts",loan_escalation,0.062,0.877,0.062,-0.25
GS_013,14,AGENT,"Mr. Khalid, I hear you and I respect that you have documented your case. Before I escalate I want to make one final attempt — is there any arrangement, even a partial payment against the undisputed portion, that you would consider today to prevent this moving to legal recovery?",golden,loan_recovery,loan_recovery_escalation,Gulf (UAE),unresolved,hostile from open → hostile throughout,"professional, de-escalation attempts",loan_escalation,0.0,0.848,0.152,0.6124
GS_013,15,CUSTOMER,Ana gelt lak — I already told you. Nothing. Not one fils until this is resolved properly. I am done with this call.,golden,loan_recovery,loan_recovery_escalation,Gulf (UAE),unresolved,hostile from open → hostile throughout,"professional, de-escalation attempts",loan_escalation,0.0,0.918,0.082,0.1779
GS_013,16,AGENT,"Understood, Mr. Khalid. I have noted your position on the account. Your account reference for this interaction is ADIB-ESC-20260813-9981. As of today your account is being referred to our legal recovery team and you will receive formal written communication within five business days. If you wish to discuss this further before that communication arrives you can contact ADIB customer support directly. I wish you a good afternoon.",golden,loan_recovery,loan_recovery_escalation,Gulf (UAE),unresolved,hostile from open → hostile throughout,"professional, de-escalation attempts",loan_escalation,0.0,0.825,0.175,0.8885
GS_013,17,CUSTOMER,La. Goodbye.,golden,loan_recovery,loan_recovery_escalation,Gulf (UAE),unresolved,hostile from open → hostile throughout,"professional, de-escalation attempts",loan_escalation,0.0,1.0,0.0,0.0
GS_013,18,AGENT,"Goodbye, Mr. Khalid.",golden,loan_recovery,loan_recovery_escalation,Gulf (UAE),unresolved,hostile from open → hostile throughout,"professional, de-escalation attempts",loan_escalation,0.0,1.0,0.0,0.0
GS_014,0,AGENT,"Good afternoon, thank you for calling GTBank, my name is Kelechi, how may I help you today?",golden,RESOLVED_SUPPORT,billing_error_resolved,Nigeria/GTBank,resolved,frustrated -> relieved,neutral_positive_throughout,billing_error,0.0,0.616,0.384,0.7964
GS_014,1,CUSTOMER,"Abeg, Kelechi, good afternoon. My name is Segun. I have been charged twice for the same transaction — ₦12,858 taken out on July 4, 2026, and nobody has done anything about it.",golden,RESOLVED_SUPPORT,billing_error_resolved,Nigeria/GTBank,resolved,frustrated -> relieved,neutral_positive_throughout,billing_error,0.055,0.856,0.089,0.2732
GS_014,2,AGENT,"Good afternoon, Segun. I'm sorry to hear that. I'll look into this for you right away. Can you please confirm your registered phone number and the last four digits of your account number so I can pull up your account?",golden,RESOLVED_SUPPORT,billing_error_resolved,Nigeria/GTBank,resolved,frustrated -> relieved,neutral_positive_throughout,billing_error,0.03,0.789,0.181,0.6705
GS_014,3,CUSTOMER,Yes. 0709184876. Account ends in 1464.,golden,RESOLVED_SUPPORT,billing_error_resolved,Nigeria/GTBank,resolved,frustrated -> relieved,neutral_positive_throughout,billing_error,0.0,0.649,0.351,0.4019
GS_014,4,AGENT,"Thank you, Segun. I can see your account now. Can you tell me approximately when this charge occurred and what the transaction was for?",golden,RESOLVED_SUPPORT,billing_error_resolved,Nigeria/GTBank,resolved,frustrated -> relieved,neutral_positive_throughout,billing_error,0.0,0.898,0.102,0.3612
GS_014,5,CUSTOMER,"It was on July 4, 2026. I need this resolved today, please.",golden,RESOLVED_SUPPORT,billing_error_resolved,Nigeria/GTBank,resolved,frustrated -> relieved,neutral_positive_throughout,billing_error,0.0,0.683,0.317,0.4897
GS_014,6,AGENT,"I completely understand your frustration, Segun, and I sincerely apologize for the delay. Let me pull up your transaction history for July 4, 2026 now.",golden,RESOLVED_SUPPORT,billing_error_resolved,Nigeria/GTBank,resolved,frustrated -> relieved,neutral_positive_throughout,billing_error,0.194,0.651,0.154,-0.2878
GS_014,7,CUSTOMER,Please. Because this is not small money.,golden,RESOLVED_SUPPORT,billing_error_resolved,Nigeria/GTBank,resolved,frustrated -> relieved,neutral_positive_throughout,billing_error,0.0,0.723,0.277,0.3182
GS_014,8,AGENT,"I can see it here — a network retry on our end double-submitted the transaction. That is clearly a duplicate charge, and I am initiating a reversal for the second transaction now.",golden,RESOLVED_SUPPORT,billing_error_resolved,Nigeria/GTBank,resolved,frustrated -> relieved,neutral_positive_throughout,billing_error,0.0,0.903,0.097,0.4019
GS_014,9,CUSTOMER,"Okay. So the ₦12,858 will come back?",golden,RESOLVED_SUPPORT,billing_error_resolved,Nigeria/GTBank,resolved,frustrated -> relieved,neutral_positive_throughout,billing_error,0.0,0.759,0.241,0.2263
GS_014,10,AGENT,"Yes, exactly. The reversal for ₦12,858 has been initiated. Your reference number is GT-BILL-20260716-7219. The funds will reflect in your account within 24 to 48 hours, and you will also receive an SMS confirmation shortly.",golden,RESOLVED_SUPPORT,billing_error_resolved,Nigeria/GTBank,resolved,frustrated -> relieved,neutral_positive_throughout,billing_error,0.0,0.892,0.108,0.4588
GS_014,11,CUSTOMER,"Okay, GT-BILL-20260716-7219. Good. So I should see it by tomorrow at the latest?",golden,RESOLVED_SUPPORT,billing_error_resolved,Nigeria/GTBank,resolved,frustrated -> relieved,neutral_positive_throughout,billing_error,0.0,0.676,0.324,0.5859
GS_014,12,AGENT,"That is correct, by tomorrow at the latest. Is there anything else I can help you with today?",golden,RESOLVED_SUPPORT,billing_error_resolved,Nigeria/GTBank,resolved,frustrated -> relieved,neutral_positive_throughout,billing_error,0.0,0.856,0.144,0.4019
GS_014,13,CUSTOMER,"No, that is all. Thank you, Kelechi. At least someone has finally sorted it out.",golden,RESOLVED_SUPPORT,billing_error_resolved,Nigeria/GTBank,resolved,frustrated -> relieved,neutral_positive_throughout,billing_error,0.124,0.734,0.141,0.0772
GS_014,14,AGENT,"You are welcome, Segun. I am glad we could resolve this for you. Have a lovely evening.",golden,RESOLVED_SUPPORT,billing_error_resolved,Nigeria/GTBank,resolved,frustrated -> relieved,neutral_positive_throughout,billing_error,0.0,0.47,0.53,0.9081
GS_014,15,CUSTOMER,You too. Bye.,golden,RESOLVED_SUPPORT,billing_error_resolved,Nigeria/GTBank,resolved,frustrated -> relieved,neutral_positive_throughout,billing_error,0.0,1.0,0.0,0.0
GS_014,16,AGENT,Goodbye.,golden,RESOLVED_SUPPORT,billing_error_resolved,Nigeria/GTBank,resolved,frustrated -> relieved,neutral_positive_throughout,billing_error,0.0,1.0,0.0,0.0
GS_015,0,AGENT,"Good afternoon, thank you for calling Equity Bank, my name is David, how may I help you today?",golden,RESOLVED_SUPPORT,billing_error_resolved,Kenya/Equity Bank,resolved,frustrated -> relieved,neutral_positive_throughout,billing_error,0.0,0.633,0.367,0.7964
GS_015,1,CUSTOMER,"Sawa, David, good afternoon. My name is Owino. I was charged KSh 13,227 twice for what should have been one payment on June 24, 2026, and I've been trying to sort this out for two days now.",golden,RESOLVED_SUPPORT,billing_error_resolved,Kenya/Equity Bank,resolved,frustrated -> relieved,neutral_positive_throughout,billing_error,0.047,0.879,0.075,0.2732
GS_015,2,AGENT,"Good afternoon, Owino. I'm sorry to hear that. I'll look into this for you right away. Can you please confirm your registered phone number and the last four digits of your account number so I can pull up your account?",golden,RESOLVED_SUPPORT,billing_error_resolved,Kenya/Equity Bank,resolved,frustrated -> relieved,neutral_positive_throughout,billing_error,0.03,0.789,0.181,0.6705
GS_015,3,CUSTOMER,Yes. 0710 126 765. Account ends in 9870.,golden,RESOLVED_SUPPORT,billing_error_resolved,Kenya/Equity Bank,resolved,frustrated -> relieved,neutral_positive_throughout,billing_error,0.0,0.722,0.278,0.4019
GS_015,4,AGENT,"Thank you, Owino. I can see your account now. Can you tell me approximately when this charge occurred and what the transaction was for?",golden,RESOLVED_SUPPORT,billing_error_resolved,Kenya/Equity Bank,resolved,frustrated -> relieved,neutral_positive_throughout,billing_error,0.0,0.898,0.102,0.3612
GS_015,5,CUSTOMER,"It was on June 24, 2026. I need this resolved today, please.",golden,RESOLVED_SUPPORT,billing_error_resolved,Kenya/Equity Bank,resolved,frustrated -> relieved,neutral_positive_throughout,billing_error,0.0,0.683,0.317,0.4897
GS_015,6,AGENT,"I completely understand your frustration, Owino, and I sincerely apologize for the delay. Let me pull up your transaction history for June 24, 2026 now.",golden,RESOLVED_SUPPORT,billing_error_resolved,Kenya/Equity Bank,resolved,frustrated -> relieved,neutral_positive_throughout,billing_error,0.194,0.651,0.154,-0.2878
GS_015,7,CUSTOMER,Please. Because this is not small money.,golden,RESOLVED_SUPPORT,billing_error_resolved,Kenya/Equity Bank,resolved,frustrated -> relieved,neutral_positive_throughout,billing_error,0.0,0.723,0.277,0.3182
GS_015,8,AGENT,"I can see it here — our merchant gateway logged two separate authorizations for a single tap. That is clearly a duplicate charge, and I am initiating a reversal for the second transaction now.",golden,RESOLVED_SUPPORT,billing_error_resolved,Kenya/Equity Bank,resolved,frustrated -> relieved,neutral_positive_throughout,billing_error,0.0,0.909,0.091,0.4019
GS_015,9,CUSTOMER,"Okay. So the KSh 13,227 will come back?",golden,RESOLVED_SUPPORT,billing_error_resolved,Kenya/Equity Bank,resolved,frustrated -> relieved,neutral_positive_throughout,billing_error,0.0,0.787,0.213,0.2263
GS_015,10,AGENT,"Yes, exactly. The reversal for KSh 13,227 has been initiated. Your reference number is EQ-BILL-20260804-6200. The funds will reflect in your account within 24 to 48 hours, and you will also receive an SMS confirmation shortly.",golden,RESOLVED_SUPPORT,billing_error_resolved,Kenya/Equity Bank,resolved,frustrated -> relieved,neutral_positive_throughout,billing_error,0.0,0.895,0.105,0.4588
GS_015,11,CUSTOMER,"Okay, EQ-BILL-20260804-6200. Good. So I should see it by tomorrow at the latest?",golden,RESOLVED_SUPPORT,billing_error_resolved,Kenya/Equity Bank,resolved,frustrated -> relieved,neutral_positive_throughout,billing_error,0.0,0.676,0.324,0.5859
GS_015,12,AGENT,"That is correct, by tomorrow at the latest. Is there anything else I can help you with today?",golden,RESOLVED_SUPPORT,billing_error_resolved,Kenya/Equity Bank,resolved,frustrated -> relieved,neutral_positive_throughout,billing_error,0.0,0.856,0.144,0.4019
GS_015,13,CUSTOMER,"And this won't happen again, right?",golden,RESOLVED_SUPPORT,billing_error_resolved,Kenya/Equity Bank,resolved,frustrated -> relieved,neutral_positive_throughout,billing_error,0.0,1.0,0.0,0.0
GS_015,14,AGENT,"I've flagged this on our end so our systems team can look into the retry issue — it shouldn't recur, but do reach out immediately if it does.",golden,RESOLVED_SUPPORT,billing_error_resolved,Kenya/Equity Bank,resolved,frustrated -> relieved,neutral_positive_throughout,billing_error,0.0,0.958,0.042,0.0387
GS_015,15,CUSTOMER,"No, that is all. Thank you, David. At least someone has finally sorted it out.",golden,RESOLVED_SUPPORT,billing_error_resolved,Kenya/Equity Bank,resolved,frustrated -> relieved,neutral_positive_throughout,billing_error,0.124,0.734,0.141,0.0772
GS_015,16,AGENT,"You are welcome, Owino. I am glad we could resolve this for you. Have a lovely evening.",golden,RESOLVED_SUPPORT,billing_error_resolved,Kenya/Equity Bank,resolved,frustrated -> relieved,neutral_positive_throughout,billing_error,0.0,0.47,0.53,0.9081
GS_015,17,CUSTOMER,You too. Bye.,golden,RESOLVED_SUPPORT,billing_error_resolved,Kenya/Equity Bank,resolved,frustrated -> relieved,neutral_positive_throughout,billing_error,0.0,1.0,0.0,0.0
GS_015,18,AGENT,Goodbye.,golden,RESOLVED_SUPPORT,billing_error_resolved,Kenya/Equity Bank,resolved,frustrated -> relieved,neutral_positive_throughout,billing_error,0.0,1.0,0.0,0.0
GS_016,0,AGENT,"Good afternoon, thank you for calling Mashreq Neo, my name is Ada, how may I help you today?",golden,RESOLVED_SUPPORT,billing_error_resolved,Gulf/UAE/Mashreq Neo,resolved,frustrated -> relieved,neutral_positive_throughout,billing_error,0.0,0.633,0.367,0.7964
GS_016,1,CUSTOMER,"Shukran, Ada, good afternoon. My name is Layla. You took AED 1,480 from my account on July 8, 2026 for a subscription I already cancelled last month, and this is not small money to me.",golden,RESOLVED_SUPPORT,billing_error_resolved,Gulf/UAE/Mashreq Neo,resolved,frustrated -> relieved,neutral_positive_throughout,billing_error,0.056,0.864,0.081,0.2263
GS_016,2,AGENT,"Good afternoon, Layla. I'm sorry to hear that. I'll look into this for you right away. Can you please confirm your registered phone number and the last four digits of your account number so I can pull up your account?",golden,RESOLVED_SUPPORT,billing_error_resolved,Gulf/UAE/Mashreq Neo,resolved,frustrated -> relieved,neutral_positive_throughout,billing_error,0.03,0.789,0.181,0.6705
GS_016,3,CUSTOMER,Yes. 053 793 4584. Account ends in 8530.,golden,RESOLVED_SUPPORT,billing_error_resolved,Gulf/UAE/Mashreq Neo,resolved,frustrated -> relieved,neutral_positive_throughout,billing_error,0.0,0.722,0.278,0.4019
GS_016,4,AGENT,"Thank you, Layla. I can see your account now. Can you tell me approximately when this charge occurred and what the transaction was for?",golden,RESOLVED_SUPPORT,billing_error_resolved,Gulf/UAE/Mashreq Neo,resolved,frustrated -> relieved,neutral_positive_throughout,billing_error,0.0,0.898,0.102,0.3612
GS_016,5,CUSTOMER,"It was on July 8, 2026. I need this resolved today, please.",golden,RESOLVED_SUPPORT,billing_error_resolved,Gulf/UAE/Mashreq Neo,resolved,frustrated -> relieved,neutral_positive_throughout,billing_error,0.0,0.683,0.317,0.4897
GS_016,6,AGENT,"I completely understand your frustration, Layla, and I sincerely apologize for the delay. Let me pull up your transaction history for July 8, 2026 now.",golden,RESOLVED_SUPPORT,billing_error_resolved,Gulf/UAE/Mashreq Neo,resolved,frustrated -> relieved,neutral_positive_throughout,billing_error,0.194,0.651,0.154,-0.2878
GS_016,7,CUSTOMER,Please. Because this is not small money.,golden,RESOLVED_SUPPORT,billing_error_resolved,Gulf/UAE/Mashreq Neo,resolved,frustrated -> relieved,neutral_positive_throughout,billing_error,0.0,0.723,0.277,0.3182
GS_016,8,AGENT,"I can see it here — the cancellation didn't sync to the billing cycle before it ran. That is clearly a duplicate charge, and I am initiating a reversal for the second transaction now.",golden,RESOLVED_SUPPORT,billing_error_resolved,Gulf/UAE/Mashreq Neo,resolved,frustrated -> relieved,neutral_positive_throughout,billing_error,0.0,0.912,0.088,0.4019
GS_016,9,CUSTOMER,"Okay. So the AED 1,480 will come back?",golden,RESOLVED_SUPPORT,billing_error_resolved,Gulf/UAE/Mashreq Neo,resolved,frustrated -> relieved,neutral_positive_throughout,billing_error,0.0,0.787,0.213,0.2263
GS_016,10,AGENT,"Yes, exactly. The reversal for AED 1,480 has been initiated. Your reference number is MQ-BILL-20260718-4818. The funds will reflect in your account within 24 to 48 hours, and you will also receive an SMS confirmation shortly.",golden,RESOLVED_SUPPORT,billing_error_resolved,Gulf/UAE/Mashreq Neo,resolved,frustrated -> relieved,neutral_positive_throughout,billing_error,0.0,0.895,0.105,0.4588
GS_016,11,CUSTOMER,"Okay, MQ-BILL-20260718-4818. Good. So I should see it by tomorrow at the latest?",golden,RESOLVED_SUPPORT,billing_error_resolved,Gulf/UAE/Mashreq Neo,resolved,frustrated -> relieved,neutral_positive_throughout,billing_error,0.0,0.676,0.324,0.5859
GS_016,12,AGENT,"That is correct, by tomorrow at the latest. Is there anything else I can help you with today?",golden,RESOLVED_SUPPORT,billing_error_resolved,Gulf/UAE/Mashreq Neo,resolved,frustrated -> relieved,neutral_positive_throughout,billing_error,0.0,0.856,0.144,0.4019
GS_016,13,CUSTOMER,"No, that is all. Thank you, Ada. At least someone has finally sorted it out.",golden,RESOLVED_SUPPORT,billing_error_resolved,Gulf/UAE/Mashreq Neo,resolved,frustrated -> relieved,neutral_positive_throughout,billing_error,0.124,0.734,0.141,0.0772
GS_016,14,AGENT,"You are welcome, Layla. I am glad we could resolve this for you. Have a lovely evening.",golden,RESOLVED_SUPPORT,billing_error_resolved,Gulf/UAE/Mashreq Neo,resolved,frustrated -> relieved,neutral_positive_throughout,billing_error,0.0,0.47,0.53,0.9081
GS_016,15,CUSTOMER,You too. Bye.,golden,RESOLVED_SUPPORT,billing_error_resolved,Gulf/UAE/Mashreq Neo,resolved,frustrated -> relieved,neutral_positive_throughout,billing_error,0.0,1.0,0.0,0.0
GS_016,16,AGENT,Goodbye.,golden,RESOLVED_SUPPORT,billing_error_resolved,Gulf/UAE/Mashreq Neo,resolved,frustrated -> relieved,neutral_positive_throughout,billing_error,0.0,1.0,0.0,0.0
GS_017,0,AGENT,"Good afternoon, thank you for calling Moniepoint, my name is Kelechi, how may I help you today?",golden,RESOLVED_SUPPORT,billing_error_resolved,Nigeria/Moniepoint,resolved,frustrated -> relieved,neutral_positive_throughout,billing_error,0.0,0.616,0.384,0.7964
GS_017,1,CUSTOMER,"Please o, Kelechi, good afternoon. My name is Amaka. I have been charged twice for the same transaction — ₦10,591 taken out on August 21, 2026, and nobody has done anything about it.",golden,RESOLVED_SUPPORT,billing_error_resolved,Nigeria/Moniepoint,resolved,frustrated -> relieved,neutral_positive_throughout,billing_error,0.051,0.8,0.149,0.5267
GS_017,2,AGENT,"Good afternoon, Amaka. I'm sorry to hear that. I'll look into this for you right away. Can you please confirm your registered phone number and the last four digits of your account number so I can pull up your account?",golden,RESOLVED_SUPPORT,billing_error_resolved,Nigeria/Moniepoint,resolved,frustrated -> relieved,neutral_positive_throughout,billing_error,0.03,0.789,0.181,0.6705
GS_017,3,CUSTOMER,Yes. 0914185149. Account ends in 5970.,golden,RESOLVED_SUPPORT,billing_error_resolved,Nigeria/Moniepoint,resolved,frustrated -> relieved,neutral_positive_throughout,billing_error,0.0,0.649,0.351,0.4019
GS_017,4,AGENT,"Thank you, Amaka. I can see your account now. Can you tell me approximately when this charge occurred and what the transaction was for?",golden,RESOLVED_SUPPORT,billing_error_resolved,Nigeria/Moniepoint,resolved,frustrated -> relieved,neutral_positive_throughout,billing_error,0.0,0.898,0.102,0.3612
GS_017,5,CUSTOMER,"It was on August 21, 2026. I need this resolved today, please.",golden,RESOLVED_SUPPORT,billing_error_resolved,Nigeria/Moniepoint,resolved,frustrated -> relieved,neutral_positive_throughout,billing_error,0.0,0.683,0.317,0.4897
GS_017,6,AGENT,"I completely understand your frustration, Amaka, and I sincerely apologize for the delay. Let me pull up your transaction history for August 21, 2026 now.",golden,RESOLVED_SUPPORT,billing_error_resolved,Nigeria/Moniepoint,resolved,frustrated -> relieved,neutral_positive_throughout,billing_error,0.194,0.651,0.154,-0.2878
GS_017,7,CUSTOMER,Please. Because this is not small money.,golden,RESOLVED_SUPPORT,billing_error_resolved,Nigeria/Moniepoint,resolved,frustrated -> relieved,neutral_positive_throughout,billing_error,0.0,0.723,0.277,0.3182
GS_017,8,AGENT,"I can see it here — a network retry on our end double-submitted the transaction. That is clearly a duplicate charge, and I am initiating a reversal for the second transaction now.",golden,RESOLVED_SUPPORT,billing_error_resolved,Nigeria/Moniepoint,resolved,frustrated -> relieved,neutral_positive_throughout,billing_error,0.0,0.903,0.097,0.4019
GS_017,9,CUSTOMER,"Okay. So the ₦10,591 will come back?",golden,RESOLVED_SUPPORT,billing_error_resolved,Nigeria/Moniepoint,resolved,frustrated -> relieved,neutral_positive_throughout,billing_error,0.0,0.759,0.241,0.2263
GS_017,10,AGENT,"Yes, exactly. The reversal for ₦10,591 has been initiated. Your reference number is MP-BILL-20260704-6450. The funds will reflect in your account within 24 to 48 hours, and you will also receive an SMS confirmation shortly.",golden,RESOLVED_SUPPORT,billing_error_resolved,Nigeria/Moniepoint,resolved,frustrated -> relieved,neutral_positive_throughout,billing_error,0.0,0.892,0.108,0.4588
GS_017,11,CUSTOMER,"Okay, MP-BILL-20260704-6450. Good. So I should see it by tomorrow at the latest?",golden,RESOLVED_SUPPORT,billing_error_resolved,Nigeria/Moniepoint,resolved,frustrated -> relieved,neutral_positive_throughout,billing_error,0.0,0.676,0.324,0.5859
GS_017,12,AGENT,"That is correct, by tomorrow at the latest. Is there anything else I can help you with today?",golden,RESOLVED_SUPPORT,billing_error_resolved,Nigeria/Moniepoint,resolved,frustrated -> relieved,neutral_positive_throughout,billing_error,0.0,0.856,0.144,0.4019
GS_017,13,CUSTOMER,"And this won't happen again, right?",golden,RESOLVED_SUPPORT,billing_error_resolved,Nigeria/Moniepoint,resolved,frustrated -> relieved,neutral_positive_throughout,billing_error,0.0,1.0,0.0,0.0
GS_017,14,AGENT,"I've flagged this on our end so our systems team can look into the retry issue — it shouldn't recur, but do reach out immediately if it does.",golden,RESOLVED_SUPPORT,billing_error_resolved,Nigeria/Moniepoint,resolved,frustrated -> relieved,neutral_positive_throughout,billing_error,0.0,0.958,0.042,0.0387
GS_017,15,CUSTOMER,"No, that is all. Thank you, Kelechi. At least someone has finally sorted it out.",golden,RESOLVED_SUPPORT,billing_error_resolved,Nigeria/Moniepoint,resolved,frustrated -> relieved,neutral_positive_throughout,billing_error,0.124,0.734,0.141,0.0772
GS_017,16,AGENT,"You are welcome, Amaka. I am glad we could resolve this for you. Have a lovely evening.",golden,RESOLVED_SUPPORT,billing_error_resolved,Nigeria/Moniepoint,resolved,frustrated -> relieved,neutral_positive_throughout,billing_error,0.0,0.47,0.53,0.9081
GS_017,17,CUSTOMER,You too. Bye.,golden,RESOLVED_SUPPORT,billing_error_resolved,Nigeria/Moniepoint,resolved,frustrated -> relieved,neutral_positive_throughout,billing_error,0.0,1.0,0.0,0.0
GS_017,18,AGENT,Goodbye.,golden,RESOLVED_SUPPORT,billing_error_resolved,Nigeria/Moniepoint,resolved,frustrated -> relieved,neutral_positive_throughout,billing_error,0.0,1.0,0.0,0.0
GS_018,0,AGENT,"Good afternoon, thank you for calling NCBA, my name is Chinwe, how may I help you today?",golden,RESOLVED_SUPPORT,billing_error_resolved,Kenya/NCBA,resolved,frustrated -> relieved,neutral_positive_throughout,billing_error,0.0,0.616,0.384,0.7964
GS_018,1,CUSTOMER,"Tafadhali, Chinwe, good afternoon. My name is Akinyi. I was charged KSh 5,631 twice for what should have been one payment on June 16, 2026, and I've been trying to sort this out for two days now.",golden,RESOLVED_SUPPORT,billing_error_resolved,Kenya/NCBA,resolved,frustrated -> relieved,neutral_positive_throughout,billing_error,0.047,0.879,0.075,0.2732
GS_018,2,AGENT,"Good afternoon, Akinyi. I'm sorry to hear that. I'll look into this for you right away. Can you please confirm your registered phone number and the last four digits of your account number so I can pull up your account?",golden,RESOLVED_SUPPORT,billing_error_resolved,Kenya/NCBA,resolved,frustrated -> relieved,neutral_positive_throughout,billing_error,0.03,0.789,0.181,0.6705
GS_018,3,CUSTOMER,Yes. 0731 277 475. Account ends in 9991.,golden,RESOLVED_SUPPORT,billing_error_resolved,Kenya/NCBA,resolved,frustrated -> relieved,neutral_positive_throughout,billing_error,0.0,0.722,0.278,0.4019
GS_018,4,AGENT,"Thank you, Akinyi. I can see your account now. Can you tell me approximately when this charge occurred and what the transaction was for?",golden,RESOLVED_SUPPORT,billing_error_resolved,Kenya/NCBA,resolved,frustrated -> relieved,neutral_positive_throughout,billing_error,0.0,0.898,0.102,0.3612
GS_018,5,CUSTOMER,"It was on June 16, 2026. I need this resolved today, please.",golden,RESOLVED_SUPPORT,billing_error_resolved,Kenya/NCBA,resolved,frustrated -> relieved,neutral_positive_throughout,billing_error,0.0,0.683,0.317,0.4897
GS_018,6,AGENT,"I completely understand your frustration, Akinyi, and I sincerely apologize for the delay. Let me pull up your transaction history for June 16, 2026 now.",golden,RESOLVED_SUPPORT,billing_error_resolved,Kenya/NCBA,resolved,frustrated -> relieved,neutral_positive_throughout,billing_error,0.194,0.651,0.154,-0.2878
GS_018,7,CUSTOMER,Please. Because this is not small money.,golden,RESOLVED_SUPPORT,billing_error_resolved,Kenya/NCBA,resolved,frustrated -> relieved,neutral_positive_throughout,billing_error,0.0,0.723,0.277,0.3182
GS_018,8,AGENT,"I can see it here — our merchant gateway logged two separate authorizations for a single tap. That is clearly a duplicate charge, and I am initiating a reversal for the second transaction now.",golden,RESOLVED_SUPPORT,billing_error_resolved,Kenya/NCBA,resolved,frustrated -> relieved,neutral_positive_throughout,billing_error,0.0,0.909,0.091,0.4019
GS_018,9,CUSTOMER,"Okay. So the KSh 5,631 will come back?",golden,RESOLVED_SUPPORT,billing_error_resolved,Kenya/NCBA,resolved,frustrated -> relieved,neutral_positive_throughout,billing_error,0.0,0.787,0.213,0.2263
GS_018,10,AGENT,"Yes, exactly. The reversal for KSh 5,631 has been initiated. Your reference number is NCBA-BILL-20260826-7623. The funds will reflect in your account within 24 to 48 hours, and you will also receive an SMS confirmation shortly.",golden,RESOLVED_SUPPORT,billing_error_resolved,Kenya/NCBA,resolved,frustrated -> relieved,neutral_positive_throughout,billing_error,0.0,0.895,0.105,0.4588
GS_018,11,CUSTOMER,"Okay, NCBA-BILL-20260826-7623. Good. So I should see it by tomorrow at the latest?",golden,RESOLVED_SUPPORT,billing_error_resolved,Kenya/NCBA,resolved,frustrated -> relieved,neutral_positive_throughout,billing_error,0.0,0.676,0.324,0.5859
GS_018,12,AGENT,"That is correct, by tomorrow at the latest. Is there anything else I can help you with today?",golden,RESOLVED_SUPPORT,billing_error_resolved,Kenya/NCBA,resolved,frustrated -> relieved,neutral_positive_throughout,billing_error,0.0,0.856,0.144,0.4019
GS_018,13,CUSTOMER,"No, that is all. Thank you, Chinwe. At least someone has finally sorted it out.",golden,RESOLVED_SUPPORT,billing_error_resolved,Kenya/NCBA,resolved,frustrated -> relieved,neutral_positive_throughout,billing_error,0.124,0.734,0.141,0.0772
GS_018,14,AGENT,"You are welcome, Akinyi. I am glad we could resolve this for you. Have a lovely evening.",golden,RESOLVED_SUPPORT,billing_error_resolved,Kenya/NCBA,resolved,frustrated -> relieved,neutral_positive_throughout,billing_error,0.0,0.47,0.53,0.9081
GS_018,15,CUSTOMER,You too. Bye.,golden,RESOLVED_SUPPORT,billing_error_resolved,Kenya/NCBA,resolved,frustrated -> relieved,neutral_positive_throughout,billing_error,0.0,1.0,0.0,0.0
GS_018,16,AGENT,Goodbye.,golden,RESOLVED_SUPPORT,billing_error_resolved,Kenya/NCBA,resolved,frustrated -> relieved,neutral_positive_throughout,billing_error,0.0,1.0,0.0,0.0
GS_019,0,AGENT,"Good afternoon, thank you for calling ADCB, my name is David, how may I help you today?",golden,RESOLVED_SUPPORT,billing_error_resolved,Gulf/UAE/ADCB,resolved,frustrated -> relieved,neutral_positive_throughout,billing_error,0.0,0.616,0.384,0.7964
GS_019,1,CUSTOMER,"Shukran, David, good afternoon. My name is Ahmed. You took AED 1,759 from my account on June 17, 2026 for a subscription I already cancelled last month, and this is not small money to me.",golden,RESOLVED_SUPPORT,billing_error_resolved,Gulf/UAE/ADCB,resolved,frustrated -> relieved,neutral_positive_throughout,billing_error,0.056,0.864,0.081,0.2263
GS_019,2,AGENT,"Good afternoon, Ahmed. I'm sorry to hear that. I'll look into this for you right away. Can you please confirm your registered phone number and the last four digits of your account number so I can pull up your account?",golden,RESOLVED_SUPPORT,billing_error_resolved,Gulf/UAE/ADCB,resolved,frustrated -> relieved,neutral_positive_throughout,billing_error,0.03,0.789,0.181,0.6705
GS_019,3,CUSTOMER,Yes. 057 850 1484. Account ends in 8689.,golden,RESOLVED_SUPPORT,billing_error_resolved,Gulf/UAE/ADCB,resolved,frustrated -> relieved,neutral_positive_throughout,billing_error,0.0,0.722,0.278,0.4019
GS_019,4,AGENT,"Thank you, Ahmed. I can see your account now. Can you tell me approximately when this charge occurred and what the transaction was for?",golden,RESOLVED_SUPPORT,billing_error_resolved,Gulf/UAE/ADCB,resolved,frustrated -> relieved,neutral_positive_throughout,billing_error,0.0,0.898,0.102,0.3612
GS_019,5,CUSTOMER,"It was on June 17, 2026. I need this resolved today, please.",golden,RESOLVED_SUPPORT,billing_error_resolved,Gulf/UAE/ADCB,resolved,frustrated -> relieved,neutral_positive_throughout,billing_error,0.0,0.683,0.317,0.4897
GS_019,6,AGENT,"I completely understand your frustration, Ahmed, and I sincerely apologize for the delay. Let me pull up your transaction history for June 17, 2026 now.",golden,RESOLVED_SUPPORT,billing_error_resolved,Gulf/UAE/ADCB,resolved,frustrated -> relieved,neutral_positive_throughout,billing_error,0.194,0.651,0.154,-0.2878
GS_019,7,CUSTOMER,Please. Because this is not small money.,golden,RESOLVED_SUPPORT,billing_error_resolved,Gulf/UAE/ADCB,resolved,frustrated -> relieved,neutral_positive_throughout,billing_error,0.0,0.723,0.277,0.3182
GS_019,8,AGENT,"I can see it here — the cancellation didn't sync to the billing cycle before it ran. That is clearly a duplicate charge, and I am initiating a reversal for the second transaction now.",golden,RESOLVED_SUPPORT,billing_error_resolved,Gulf/UAE/ADCB,resolved,frustrated -> relieved,neutral_positive_throughout,billing_error,0.0,0.912,0.088,0.4019
GS_019,9,CUSTOMER,"Okay. So the AED 1,759 will come back?",golden,RESOLVED_SUPPORT,billing_error_resolved,Gulf/UAE/ADCB,resolved,frustrated -> relieved,neutral_positive_throughout,billing_error,0.0,0.787,0.213,0.2263
GS_019,10,AGENT,"Yes, exactly. The reversal for AED 1,759 has been initiated. Your reference number is ADCB-BILL-20260617-7443. The funds will reflect in your account within 24 to 48 hours, and you will also receive an SMS confirmation shortly.",golden,RESOLVED_SUPPORT,billing_error_resolved,Gulf/UAE/ADCB,resolved,frustrated -> relieved,neutral_positive_throughout,billing_error,0.0,0.895,0.105,0.4588
GS_019,11,CUSTOMER,"Okay, ADCB-BILL-20260617-7443. Good. So I should see it by tomorrow at the latest?",golden,RESOLVED_SUPPORT,billing_error_resolved,Gulf/UAE/ADCB,resolved,frustrated -> relieved,neutral_positive_throughout,billing_error,0.0,0.676,0.324,0.5859
GS_019,12,AGENT,"That is correct, by tomorrow at the latest. Is there anything else I can help you with today?",golden,RESOLVED_SUPPORT,billing_error_resolved,Gulf/UAE/ADCB,resolved,frustrated -> relieved,neutral_positive_throughout,billing_error,0.0,0.856,0.144,0.4019
GS_019,13,CUSTOMER,"And this won't happen again, right?",golden,RESOLVED_SUPPORT,billing_error_resolved,Gulf/UAE/ADCB,resolved,frustrated -> relieved,neutral_positive_throughout,billing_error,0.0,1.0,0.0,0.0
GS_019,14,AGENT,"I've flagged this on our end so our systems team can look into the retry issue — it shouldn't recur, but do reach out immediately if it does.",golden,RESOLVED_SUPPORT,billing_error_resolved,Gulf/UAE/ADCB,resolved,frustrated -> relieved,neutral_positive_throughout,billing_error,0.0,0.958,0.042,0.0387
GS_019,15,CUSTOMER,"No, that is all. Thank you, David. At least someone has finally sorted it out.",golden,RESOLVED_SUPPORT,billing_error_resolved,Gulf/UAE/ADCB,resolved,frustrated -> relieved,neutral_positive_throughout,billing_error,0.124,0.734,0.141,0.0772
GS_019,16,AGENT,"You are welcome, Ahmed. I am glad we could resolve this for you. Have a lovely evening.",golden,RESOLVED_SUPPORT,billing_error_resolved,Gulf/UAE/ADCB,resolved,frustrated -> relieved,neutral_positive_throughout,billing_error,0.0,0.47,0.53,0.9081
GS_019,17,CUSTOMER,You too. Bye.,golden,RESOLVED_SUPPORT,billing_error_resolved,Gulf/UAE/ADCB,resolved,frustrated -> relieved,neutral_positive_throughout,billing_error,0.0,1.0,0.0,0.0
GS_019,18,AGENT,Goodbye.,golden,RESOLVED_SUPPORT,billing_error_resolved,Gulf/UAE/ADCB,resolved,frustrated -> relieved,neutral_positive_throughout,billing_error,0.0,1.0,0.0,0.0
GS_020,0,AGENT,"Good afternoon, thank you for calling Moniepoint, my name is Grace, how may I help you today?",golden,RESOLVED_SUPPORT,billing_error_resolved,Nigeria/Moniepoint,resolved,frustrated -> relieved,neutral_positive_throughout,billing_error,0.0,0.524,0.476,0.872
GS_020,1,CUSTOMER,"Abeg, Grace, good afternoon. My name is Uche. I have been charged twice for the same transaction — ₦10,024 taken out on June 17, 2026, and nobody has done anything about it.",golden,RESOLVED_SUPPORT,billing_error_resolved,Nigeria/Moniepoint,resolved,frustrated -> relieved,neutral_positive_throughout,billing_error,0.052,0.783,0.165,0.5994
GS_020,2,AGENT,"Good afternoon, Uche. I'm sorry to hear that. I'll look into this for you right away. Can you please confirm your registered phone number and the last four digits of your account number so I can pull up your account?",golden,RESOLVED_SUPPORT,billing_error_resolved,Nigeria/Moniepoint,resolved,frustrated -> relieved,neutral_positive_throughout,billing_error,0.03,0.789,0.181,0.6705
GS_020,3,CUSTOMER,Yes. 0909619658. Account ends in 6633.,golden,RESOLVED_SUPPORT,billing_error_resolved,Nigeria/Moniepoint,resolved,frustrated -> relieved,neutral_positive_throughout,billing_error,0.0,0.649,0.351,0.4019
GS_020,4,AGENT,"Thank you, Uche. I can see your account now. Can you tell me approximately when this charge occurred and what the transaction was for?",golden,RESOLVED_SUPPORT,billing_error_resolved,Nigeria/Moniepoint,resolved,frustrated -> relieved,neutral_positive_throughout,billing_error,0.0,0.898,0.102,0.3612
GS_020,5,CUSTOMER,"It was on June 17, 2026. I need this resolved today, please.",golden,RESOLVED_SUPPORT,billing_error_resolved,Nigeria/Moniepoint,resolved,frustrated -> relieved,neutral_positive_throughout,billing_error,0.0,0.683,0.317,0.4897
GS_020,6,AGENT,"I completely understand your frustration, Uche, and I sincerely apologize for the delay. Let me pull up your transaction history for June 17, 2026 now.",golden,RESOLVED_SUPPORT,billing_error_resolved,Nigeria/Moniepoint,resolved,frustrated -> relieved,neutral_positive_throughout,billing_error,0.194,0.651,0.154,-0.2878
GS_020,7,CUSTOMER,Please. Because this is not small money.,golden,RESOLVED_SUPPORT,billing_error_resolved,Nigeria/Moniepoint,resolved,frustrated -> relieved,neutral_positive_throughout,billing_error,0.0,0.723,0.277,0.3182
GS_020,8,AGENT,"I can see it here — a network retry on our end double-submitted the transaction. That is clearly a duplicate charge, and I am initiating a reversal for the second transaction now.",golden,RESOLVED_SUPPORT,billing_error_resolved,Nigeria/Moniepoint,resolved,frustrated -> relieved,neutral_positive_throughout,billing_error,0.0,0.903,0.097,0.4019
GS_020,9,CUSTOMER,"Okay. So the ₦10,024 will come back?",golden,RESOLVED_SUPPORT,billing_error_resolved,Nigeria/Moniepoint,resolved,frustrated -> relieved,neutral_positive_throughout,billing_error,0.0,0.759,0.241,0.2263
GS_020,10,AGENT,"Yes, exactly. The reversal for ₦10,024 has been initiated. Your reference number is MP-BILL-20260625-4268. The funds will reflect in your account within 24 to 48 hours, and you will also receive an SMS confirmation shortly.",golden,RESOLVED_SUPPORT,billing_error_resolved,Nigeria/Moniepoint,resolved,frustrated -> relieved,neutral_positive_throughout,billing_error,0.0,0.892,0.108,0.4588
GS_020,11,CUSTOMER,"Okay, MP-BILL-20260625-4268. Good. So I should see it by tomorrow at the latest?",golden,RESOLVED_SUPPORT,billing_error_resolved,Nigeria/Moniepoint,resolved,frustrated -> relieved,neutral_positive_throughout,billing_error,0.0,0.676,0.324,0.5859
GS_020,12,AGENT,"That is correct, by tomorrow at the latest. Is there anything else I can help you with today?",golden,RESOLVED_SUPPORT,billing_error_resolved,Nigeria/Moniepoint,resolved,frustrated -> relieved,neutral_positive_throughout,billing_error,0.0,0.856,0.144,0.4019
GS_020,13,CUSTOMER,"No, that is all. Thank you, Grace. At least someone has finally sorted it out.",golden,RESOLVED_SUPPORT,billing_error_resolved,Nigeria/Moniepoint,resolved,frustrated -> relieved,neutral_positive_throughout,billing_error,0.113,0.615,0.272,0.4767
GS_020,14,AGENT,"You are welcome, Uche. I am glad we could resolve this for you. Have a lovely evening.",golden,RESOLVED_SUPPORT,billing_error_resolved,Nigeria/Moniepoint,resolved,frustrated -> relieved,neutral_positive_throughout,billing_error,0.0,0.47,0.53,0.9081
GS_020,15,CUSTOMER,You too. Bye.,golden,RESOLVED_SUPPORT,billing_error_resolved,Nigeria/Moniepoint,resolved,frustrated -> relieved,neutral_positive_throughout,billing_error,0.0,1.0,0.0,0.0
GS_020,16,AGENT,Goodbye.,golden,RESOLVED_SUPPORT,billing_error_resolved,Nigeria/Moniepoint,resolved,frustrated -> relieved,neutral_positive_throughout,billing_error,0.0,1.0,0.0,0.0
GS_021,0,AGENT,"Good afternoon, thank you for calling NCBA, my name is Zainab, how may I help you today?",golden,RESOLVED_SUPPORT,billing_error_resolved,Kenya/NCBA,resolved,frustrated -> relieved,neutral_positive_throughout,billing_error,0.0,0.616,0.384,0.7964
GS_021,1,CUSTOMER,"Pole, Zainab, good afternoon. My name is Njeri. I was charged KSh 4,687 twice for what should have been one payment on August 13, 2026, and I've been trying to sort this out for two days now.",golden,RESOLVED_SUPPORT,billing_error_resolved,Kenya/NCBA,resolved,frustrated -> relieved,neutral_positive_throughout,billing_error,0.047,0.879,0.075,0.2732
GS_021,2,AGENT,"Good afternoon, Njeri. I'm sorry to hear that. I'll look into this for you right away. Can you please confirm your registered phone number and the last four digits of your account number so I can pull up your account?",golden,RESOLVED_SUPPORT,billing_error_resolved,Kenya/NCBA,resolved,frustrated -> relieved,neutral_positive_throughout,billing_error,0.03,0.789,0.181,0.6705
GS_021,3,CUSTOMER,Yes. 0723 157 592. Account ends in 6975.,golden,RESOLVED_SUPPORT,billing_error_resolved,Kenya/NCBA,resolved,frustrated -> relieved,neutral_positive_throughout,billing_error,0.0,0.722,0.278,0.4019
GS_021,4,AGENT,"Thank you, Njeri. I can see your account now. Can you tell me approximately when this charge occurred and what the transaction was for?",golden,RESOLVED_SUPPORT,billing_error_resolved,Kenya/NCBA,resolved,frustrated -> relieved,neutral_positive_throughout,billing_error,0.0,0.898,0.102,0.3612
GS_021,5,CUSTOMER,"It was on August 13, 2026. I need this resolved today, please.",golden,RESOLVED_SUPPORT,billing_error_resolved,Kenya/NCBA,resolved,frustrated -> relieved,neutral_positive_throughout,billing_error,0.0,0.683,0.317,0.4897
GS_021,6,AGENT,"I completely understand your frustration, Njeri, and I sincerely apologize for the delay. Let me pull up your transaction history for August 13, 2026 now.",golden,RESOLVED_SUPPORT,billing_error_resolved,Kenya/NCBA,resolved,frustrated -> relieved,neutral_positive_throughout,billing_error,0.194,0.651,0.154,-0.2878
GS_021,7,CUSTOMER,Please. Because this is not small money.,golden,RESOLVED_SUPPORT,billing_error_resolved,Kenya/NCBA,resolved,frustrated -> relieved,neutral_positive_throughout,billing_error,0.0,0.723,0.277,0.3182
GS_021,8,AGENT,"I can see it here — our merchant gateway logged two separate authorizations for a single tap. That is clearly a duplicate charge, and I am initiating a reversal for the second transaction now.",golden,RESOLVED_SUPPORT,billing_error_resolved,Kenya/NCBA,resolved,frustrated -> relieved,neutral_positive_throughout,billing_error,0.0,0.909,0.091,0.4019
GS_021,9,CUSTOMER,"How did this even happen, is my account safe?",golden,RESOLVED_SUPPORT,billing_error_resolved,Kenya/NCBA,resolved,frustrated -> relieved,neutral_positive_throughout,billing_error,0.0,0.734,0.266,0.4404
GS_021,10,AGENT,"Great question — this was purely a processing error, not a security issue. Your account and card details are completely safe.",golden,RESOLVED_SUPPORT,billing_error_resolved,Kenya/NCBA,resolved,frustrated -> relieved,neutral_positive_throughout,billing_error,0.191,0.532,0.277,0.5071
GS_021,11,CUSTOMER,"Okay. So the KSh 4,687 will come back?",golden,RESOLVED_SUPPORT,billing_error_resolved,Kenya/NCBA,resolved,frustrated -> relieved,neutral_positive_throughout,billing_error,0.0,0.787,0.213,0.2263
GS_021,12,AGENT,"Yes, exactly. The reversal for KSh 4,687 has been initiated. Your reference number is NCBA-BILL-20260826-3117. The funds will reflect in your account within 24 to 48 hours, and you will also receive an SMS confirmation shortly.",golden,RESOLVED_SUPPORT,billing_error_resolved,Kenya/NCBA,resolved,frustrated -> relieved,neutral_positive_throughout,billing_error,0.0,0.895,0.105,0.4588
GS_021,13,CUSTOMER,"Okay, NCBA-BILL-20260826-3117. Good. So I should see it by tomorrow at the latest?",golden,RESOLVED_SUPPORT,billing_error_resolved,Kenya/NCBA,resolved,frustrated -> relieved,neutral_positive_throughout,billing_error,0.0,0.676,0.324,0.5859
GS_021,14,AGENT,"That is correct, by tomorrow at the latest. Is there anything else I can help you with today?",golden,RESOLVED_SUPPORT,billing_error_resolved,Kenya/NCBA,resolved,frustrated -> relieved,neutral_positive_throughout,billing_error,0.0,0.856,0.144,0.4019
GS_021,15,CUSTOMER,"No, that is all. Thank you, Zainab. At least someone has finally sorted it out.",golden,RESOLVED_SUPPORT,billing_error_resolved,Kenya/NCBA,resolved,frustrated -> relieved,neutral_positive_throughout,billing_error,0.124,0.734,0.141,0.0772
GS_021,16,AGENT,"You are welcome, Njeri. I am glad we could resolve this for you. Have a lovely evening.",golden,RESOLVED_SUPPORT,billing_error_resolved,Kenya/NCBA,resolved,frustrated -> relieved,neutral_positive_throughout,billing_error,0.0,0.47,0.53,0.9081
GS_021,17,CUSTOMER,You too. Bye.,golden,RESOLVED_SUPPORT,billing_error_resolved,Kenya/NCBA,resolved,frustrated -> relieved,neutral_positive_throughout,billing_error,0.0,1.0,0.0,0.0
GS_021,18,AGENT,Goodbye.,golden,RESOLVED_SUPPORT,billing_error_resolved,Kenya/NCBA,resolved,frustrated -> relieved,neutral_positive_throughout,billing_error,0.0,1.0,0.0,0.0
GS_022,0,AGENT,"Good afternoon, thank you for calling RAKBANK, my name is Ifeanyi, how may I help you today?",golden,RESOLVED_SUPPORT,billing_error_resolved,Gulf/UAE/RAKBANK,resolved,frustrated -> relieved,neutral_positive_throughout,billing_error,0.0,0.616,0.384,0.7964
GS_022,1,CUSTOMER,"Shukran, Ifeanyi, good afternoon. My name is Rashid. You took AED 1,248 from my account on June 12, 2026 for a subscription I already cancelled last month, and this is not small money to me.",golden,RESOLVED_SUPPORT,billing_error_resolved,Gulf/UAE/RAKBANK,resolved,frustrated -> relieved,neutral_positive_throughout,billing_error,0.056,0.864,0.081,0.2263
GS_022,2,AGENT,"Good afternoon, Rashid. I'm sorry to hear that. I'll look into this for you right away. Can you please confirm your registered phone number and the last four digits of your account number so I can pull up your account?",golden,RESOLVED_SUPPORT,billing_error_resolved,Gulf/UAE/RAKBANK,resolved,frustrated -> relieved,neutral_positive_throughout,billing_error,0.03,0.789,0.181,0.6705
GS_022,3,CUSTOMER,Yes. 059 128 4761. Account ends in 3903.,golden,RESOLVED_SUPPORT,billing_error_resolved,Gulf/UAE/RAKBANK,resolved,frustrated -> relieved,neutral_positive_throughout,billing_error,0.0,0.722,0.278,0.4019
GS_022,4,AGENT,"Thank you, Rashid. I can see your account now. Can you tell me approximately when this charge occurred and what the transaction was for?",golden,RESOLVED_SUPPORT,billing_error_resolved,Gulf/UAE/RAKBANK,resolved,frustrated -> relieved,neutral_positive_throughout,billing_error,0.0,0.898,0.102,0.3612
GS_022,5,CUSTOMER,"It was on June 12, 2026. I need this resolved today, please.",golden,RESOLVED_SUPPORT,billing_error_resolved,Gulf/UAE/RAKBANK,resolved,frustrated -> relieved,neutral_positive_throughout,billing_error,0.0,0.683,0.317,0.4897
GS_022,6,AGENT,"I completely understand your frustration, Rashid, and I sincerely apologize for the delay. Let me pull up your transaction history for June 12, 2026 now.",golden,RESOLVED_SUPPORT,billing_error_resolved,Gulf/UAE/RAKBANK,resolved,frustrated -> relieved,neutral_positive_throughout,billing_error,0.194,0.651,0.154,-0.2878
GS_022,7,CUSTOMER,Please. Because this is not small money.,golden,RESOLVED_SUPPORT,billing_error_resolved,Gulf/UAE/RAKBANK,resolved,frustrated -> relieved,neutral_positive_throughout,billing_error,0.0,0.723,0.277,0.3182
GS_022,8,AGENT,"I can see it here — the cancellation didn't sync to the billing cycle before it ran. That is clearly a duplicate charge, and I am initiating a reversal for the second transaction now.",golden,RESOLVED_SUPPORT,billing_error_resolved,Gulf/UAE/RAKBANK,resolved,frustrated -> relieved,neutral_positive_throughout,billing_error,0.0,0.912,0.088,0.4019
GS_022,9,CUSTOMER,"How did this even happen, is my account safe?",golden,RESOLVED_SUPPORT,billing_error_resolved,Gulf/UAE/RAKBANK,resolved,frustrated -> relieved,neutral_positive_throughout,billing_error,0.0,0.734,0.266,0.4404
GS_022,10,AGENT,"Great question — this was purely a processing error, not a security issue. Your account and card details are completely safe.",golden,RESOLVED_SUPPORT,billing_error_resolved,Gulf/UAE/RAKBANK,resolved,frustrated -> relieved,neutral_positive_throughout,billing_error,0.191,0.532,0.277,0.5071
GS_022,11,CUSTOMER,"Okay. So the AED 1,248 will come back?",golden,RESOLVED_SUPPORT,billing_error_resolved,Gulf/UAE/RAKBANK,resolved,frustrated -> relieved,neutral_positive_throughout,billing_error,0.0,0.787,0.213,0.2263
GS_022,12,AGENT,"Yes, exactly. The reversal for AED 1,248 has been initiated. Your reference number is RAK-BILL-20260818-6425. The funds will reflect in your account within 24 to 48 hours, and you will also receive an SMS confirmation shortly.",golden,RESOLVED_SUPPORT,billing_error_resolved,Gulf/UAE/RAKBANK,resolved,frustrated -> relieved,neutral_positive_throughout,billing_error,0.0,0.895,0.105,0.4588
GS_022,13,CUSTOMER,"Okay, RAK-BILL-20260818-6425. Good. So I should see it by tomorrow at the latest?",golden,RESOLVED_SUPPORT,billing_error_resolved,Gulf/UAE/RAKBANK,resolved,frustrated -> relieved,neutral_positive_throughout,billing_error,0.0,0.676,0.324,0.5859
GS_022,14,AGENT,"That is correct, by tomorrow at the latest. Is there anything else I can help you with today?",golden,RESOLVED_SUPPORT,billing_error_resolved,Gulf/UAE/RAKBANK,resolved,frustrated -> relieved,neutral_positive_throughout,billing_error,0.0,0.856,0.144,0.4019
GS_022,15,CUSTOMER,"No, that is all. Thank you, Ifeanyi. At least someone has finally sorted it out.",golden,RESOLVED_SUPPORT,billing_error_resolved,Gulf/UAE/RAKBANK,resolved,frustrated -> relieved,neutral_positive_throughout,billing_error,0.124,0.734,0.141,0.0772
GS_022,16,AGENT,"You are welcome, Rashid. I am glad we could resolve this for you. Have a lovely evening.",golden,RESOLVED_SUPPORT,billing_error_resolved,Gulf/UAE/RAKBANK,resolved,frustrated -> relieved,neutral_positive_throughout,billing_error,0.0,0.47,0.53,0.9081
GS_022,17,CUSTOMER,You too. Bye.,golden,RESOLVED_SUPPORT,billing_error_resolved,Gulf/UAE/RAKBANK,resolved,frustrated -> relieved,neutral_positive_throughout,billing_error,0.0,1.0,0.0,0.0
GS_022,18,AGENT,Goodbye.,golden,RESOLVED_SUPPORT,billing_error_resolved,Gulf/UAE/RAKBANK,resolved,frustrated -> relieved,neutral_positive_throughout,billing_error,0.0,1.0,0.0,0.0
GS_023,0,AGENT,"Good afternoon, thank you for calling Kuda, my name is Blessing, how may I help you today?",golden,RESOLVED_SUPPORT,billing_error_resolved,Nigeria/Kuda,resolved,frustrated -> relieved,neutral_positive_throughout,billing_error,0.0,0.515,0.485,0.8834
GS_023,1,CUSTOMER,"Please o, Blessing, good afternoon. My name is Amaka. I have been charged twice for the same transaction — ₦5,563 taken out on August 27, 2026, and nobody has done anything about it.",golden,RESOLVED_SUPPORT,billing_error_resolved,Nigeria/Kuda,resolved,frustrated -> relieved,neutral_positive_throughout,billing_error,0.048,0.726,0.226,0.765
GS_023,2,AGENT,"Good afternoon, Amaka. I'm sorry to hear that. I'll look into this for you right away. Can you please confirm your registered phone number and the last four digits of your account number so I can pull up your account?",golden,RESOLVED_SUPPORT,billing_error_resolved,Nigeria/Kuda,resolved,frustrated -> relieved,neutral_positive_throughout,billing_error,0.03,0.789,0.181,0.6705
GS_023,3,CUSTOMER,Yes. 0705717697. Account ends in 5088.,golden,RESOLVED_SUPPORT,billing_error_resolved,Nigeria/Kuda,resolved,frustrated -> relieved,neutral_positive_throughout,billing_error,0.0,0.649,0.351,0.4019
GS_023,4,AGENT,"Thank you, Amaka. I can see your account now. Can you tell me approximately when this charge occurred and what the transaction was for?",golden,RESOLVED_SUPPORT,billing_error_resolved,Nigeria/Kuda,resolved,frustrated -> relieved,neutral_positive_throughout,billing_error,0.0,0.898,0.102,0.3612
GS_023,5,CUSTOMER,"It was on August 27, 2026. I need this resolved today, please.",golden,RESOLVED_SUPPORT,billing_error_resolved,Nigeria/Kuda,resolved,frustrated -> relieved,neutral_positive_throughout,billing_error,0.0,0.683,0.317,0.4897
GS_023,6,AGENT,"I completely understand your frustration, Amaka, and I sincerely apologize for the delay. Let me pull up your transaction history for August 27, 2026 now.",golden,RESOLVED_SUPPORT,billing_error_resolved,Nigeria/Kuda,resolved,frustrated -> relieved,neutral_positive_throughout,billing_error,0.194,0.651,0.154,-0.2878
GS_023,7,CUSTOMER,Please. Because this is not small money.,golden,RESOLVED_SUPPORT,billing_error_resolved,Nigeria/Kuda,resolved,frustrated -> relieved,neutral_positive_throughout,billing_error,0.0,0.723,0.277,0.3182
GS_023,8,AGENT,"I can see it here — a network retry on our end double-submitted the transaction. That is clearly a duplicate charge, and I am initiating a reversal for the second transaction now.",golden,RESOLVED_SUPPORT,billing_error_resolved,Nigeria/Kuda,resolved,frustrated -> relieved,neutral_positive_throughout,billing_error,0.0,0.903,0.097,0.4019
GS_023,9,CUSTOMER,"Okay. So the ₦5,563 will come back?",golden,RESOLVED_SUPPORT,billing_error_resolved,Nigeria/Kuda,resolved,frustrated -> relieved,neutral_positive_throughout,billing_error,0.0,0.759,0.241,0.2263
GS_023,10,AGENT,"Yes, exactly. The reversal for ₦5,563 has been initiated. Your reference number is KD-BILL-20260603-1273. The funds will reflect in your account within 24 to 48 hours, and you will also receive an SMS confirmation shortly.",golden,RESOLVED_SUPPORT,billing_error_resolved,Nigeria/Kuda,resolved,frustrated -> relieved,neutral_positive_throughout,billing_error,0.0,0.892,0.108,0.4588
GS_023,11,CUSTOMER,"Okay, KD-BILL-20260603-1273. Good. So I should see it by tomorrow at the latest?",golden,RESOLVED_SUPPORT,billing_error_resolved,Nigeria/Kuda,resolved,frustrated -> relieved,neutral_positive_throughout,billing_error,0.0,0.676,0.324,0.5859
GS_023,12,AGENT,"That is correct, by tomorrow at the latest. Is there anything else I can help you with today?",golden,RESOLVED_SUPPORT,billing_error_resolved,Nigeria/Kuda,resolved,frustrated -> relieved,neutral_positive_throughout,billing_error,0.0,0.856,0.144,0.4019
GS_023,13,CUSTOMER,"And this won't happen again, right?",golden,RESOLVED_SUPPORT,billing_error_resolved,Nigeria/Kuda,resolved,frustrated -> relieved,neutral_positive_throughout,billing_error,0.0,1.0,0.0,0.0
GS_023,14,AGENT,"I've flagged this on our end so our systems team can look into the retry issue — it shouldn't recur, but do reach out immediately if it does.",golden,RESOLVED_SUPPORT,billing_error_resolved,Nigeria/Kuda,resolved,frustrated -> relieved,neutral_positive_throughout,billing_error,0.0,0.958,0.042,0.0387
GS_023,15,CUSTOMER,"No, that is all. Thank you, Blessing. At least someone has finally sorted it out.",golden,RESOLVED_SUPPORT,billing_error_resolved,Nigeria/Kuda,resolved,frustrated -> relieved,neutral_positive_throughout,billing_error,0.111,0.603,0.286,0.5423
GS_023,16,AGENT,"You are welcome, Amaka. I am glad we could resolve this for you. Have a lovely evening.",golden,RESOLVED_SUPPORT,billing_error_resolved,Nigeria/Kuda,resolved,frustrated -> relieved,neutral_positive_throughout,billing_error,0.0,0.47,0.53,0.9081
GS_023,17,CUSTOMER,You too. Bye.,golden,RESOLVED_SUPPORT,billing_error_resolved,Nigeria/Kuda,resolved,frustrated -> relieved,neutral_positive_throughout,billing_error,0.0,1.0,0.0,0.0
GS_023,18,AGENT,Goodbye.,golden,RESOLVED_SUPPORT,billing_error_resolved,Nigeria/Kuda,resolved,frustrated -> relieved,neutral_positive_throughout,billing_error,0.0,1.0,0.0,0.0
GS_024,0,AGENT,"Good afternoon, thank you for calling KCB, my name is Blessing, how may I help you today?",golden,RESOLVED_SUPPORT,billing_error_resolved,Kenya/KCB,resolved,frustrated -> relieved,neutral_positive_throughout,billing_error,0.0,0.515,0.485,0.8834
GS_024,1,CUSTOMER,"Asante, Blessing, good afternoon. My name is Odhiambo. I was charged KSh 6,777 twice for what should have been one payment on June 6, 2026, and I've been trying to sort this out for two days now.",golden,RESOLVED_SUPPORT,billing_error_resolved,Kenya/KCB,resolved,frustrated -> relieved,neutral_positive_throughout,billing_error,0.044,0.807,0.149,0.6486
GS_024,2,AGENT,"Good afternoon, Odhiambo. I'm sorry to hear that. I'll look into this for you right away. Can you please confirm your registered phone number and the last four digits of your account number so I can pull up your account?",golden,RESOLVED_SUPPORT,billing_error_resolved,Kenya/KCB,resolved,frustrated -> relieved,neutral_positive_throughout,billing_error,0.03,0.789,0.181,0.6705
GS_024,3,CUSTOMER,Yes. 0730 828 401. Account ends in 8449.,golden,RESOLVED_SUPPORT,billing_error_resolved,Kenya/KCB,resolved,frustrated -> relieved,neutral_positive_throughout,billing_error,0.0,0.722,0.278,0.4019
GS_024,4,AGENT,"Thank you, Odhiambo. I can see your account now. Can you tell me approximately when this charge occurred and what the transaction was for?",golden,RESOLVED_SUPPORT,billing_error_resolved,Kenya/KCB,resolved,frustrated -> relieved,neutral_positive_throughout,billing_error,0.0,0.898,0.102,0.3612
GS_024,5,CUSTOMER,"It was on June 6, 2026. I need this resolved today, please.",golden,RESOLVED_SUPPORT,billing_error_resolved,Kenya/KCB,resolved,frustrated -> relieved,neutral_positive_throughout,billing_error,0.0,0.683,0.317,0.4897
GS_024,6,AGENT,"I completely understand your frustration, Odhiambo, and I sincerely apologize for the delay. Let me pull up your transaction history for June 6, 2026 now.",golden,RESOLVED_SUPPORT,billing_error_resolved,Kenya/KCB,resolved,frustrated -> relieved,neutral_positive_throughout,billing_error,0.194,0.651,0.154,-0.2878
GS_024,7,CUSTOMER,Please. Because this is not small money.,golden,RESOLVED_SUPPORT,billing_error_resolved,Kenya/KCB,resolved,frustrated -> relieved,neutral_positive_throughout,billing_error,0.0,0.723,0.277,0.3182
GS_024,8,AGENT,"I can see it here — our merchant gateway logged two separate authorizations for a single tap. That is clearly a duplicate charge, and I am initiating a reversal for the second transaction now.",golden,RESOLVED_SUPPORT,billing_error_resolved,Kenya/KCB,resolved,frustrated -> relieved,neutral_positive_throughout,billing_error,0.0,0.909,0.091,0.4019
GS_024,9,CUSTOMER,"Okay. So the KSh 6,777 will come back?",golden,RESOLVED_SUPPORT,billing_error_resolved,Kenya/KCB,resolved,frustrated -> relieved,neutral_positive_throughout,billing_error,0.0,0.787,0.213,0.2263
GS_024,10,AGENT,"Yes, exactly. The reversal for KSh 6,777 has been initiated. Your reference number is KCB-BILL-20260717-3754. The funds will reflect in your account within 24 to 48 hours, and you will also receive an SMS confirmation shortly.",golden,RESOLVED_SUPPORT,billing_error_resolved,Kenya/KCB,resolved,frustrated -> relieved,neutral_positive_throughout,billing_error,0.0,0.895,0.105,0.4588
GS_024,11,CUSTOMER,"Okay, KCB-BILL-20260717-3754. Good. So I should see it by tomorrow at the latest?",golden,RESOLVED_SUPPORT,billing_error_resolved,Kenya/KCB,resolved,frustrated -> relieved,neutral_positive_throughout,billing_error,0.0,0.676,0.324,0.5859
GS_024,12,AGENT,"That is correct, by tomorrow at the latest. Is there anything else I can help you with today?",golden,RESOLVED_SUPPORT,billing_error_resolved,Kenya/KCB,resolved,frustrated -> relieved,neutral_positive_throughout,billing_error,0.0,0.856,0.144,0.4019
GS_024,13,CUSTOMER,"No, that is all. Thank you, Blessing. At least someone has finally sorted it out.",golden,RESOLVED_SUPPORT,billing_error_resolved,Kenya/KCB,resolved,frustrated -> relieved,neutral_positive_throughout,billing_error,0.111,0.603,0.286,0.5423
GS_024,14,AGENT,"You are welcome, Odhiambo. I am glad we could resolve this for you. Have a lovely evening.",golden,RESOLVED_SUPPORT,billing_error_resolved,Kenya/KCB,resolved,frustrated -> relieved,neutral_positive_throughout,billing_error,0.0,0.47,0.53,0.9081
GS_024,15,CUSTOMER,You too. Bye.,golden,RESOLVED_SUPPORT,billing_error_resolved,Kenya/KCB,resolved,frustrated -> relieved,neutral_positive_throughout,billing_error,0.0,1.0,0.0,0.0
GS_024,16,AGENT,Goodbye.,golden,RESOLVED_SUPPORT,billing_error_resolved,Kenya/KCB,resolved,frustrated -> relieved,neutral_positive_throughout,billing_error,0.0,1.0,0.0,0.0
GS_025,0,AGENT,"Good afternoon, thank you for calling Emirates NBD, my name is Blessing, how may I help you today?",golden,RESOLVED_SUPPORT,billing_error_resolved,Gulf/UAE/Emirates NBD,resolved,frustrated -> relieved,neutral_positive_throughout,billing_error,0.0,0.456,0.544,0.9236
GS_025,1,CUSTOMER,"Shukran, Blessing, good afternoon. My name is Fatima. You took AED 1,191 from my account on July 11, 2026 for a subscription I already cancelled last month, and this is not small money to me.",golden,RESOLVED_SUPPORT,billing_error_resolved,Gulf/UAE/Emirates NBD,resolved,frustrated -> relieved,neutral_positive_throughout,billing_error,0.052,0.787,0.16,0.6249
GS_025,2,AGENT,"Good afternoon, Fatima. I'm sorry to hear that. I'll look into this for you right away. Can you please confirm your registered phone number and the last four digits of your account number so I can pull up your account?",golden,RESOLVED_SUPPORT,billing_error_resolved,Gulf/UAE/Emirates NBD,resolved,frustrated -> relieved,neutral_positive_throughout,billing_error,0.03,0.789,0.181,0.6705
GS_025,3,CUSTOMER,Yes. 058 314 8072. Account ends in 1341.,golden,RESOLVED_SUPPORT,billing_error_resolved,Gulf/UAE/Emirates NBD,resolved,frustrated -> relieved,neutral_positive_throughout,billing_error,0.0,0.722,0.278,0.4019
GS_025,4,AGENT,"Thank you, Fatima. I can see your account now. Can you tell me approximately when this charge occurred and what the transaction was for?",golden,RESOLVED_SUPPORT,billing_error_resolved,Gulf/UAE/Emirates NBD,resolved,frustrated -> relieved,neutral_positive_throughout,billing_error,0.0,0.898,0.102,0.3612
GS_025,5,CUSTOMER,"It was on July 11, 2026. I need this resolved today, please.",golden,RESOLVED_SUPPORT,billing_error_resolved,Gulf/UAE/Emirates NBD,resolved,frustrated -> relieved,neutral_positive_throughout,billing_error,0.0,0.683,0.317,0.4897
GS_025,6,AGENT,"I completely understand your frustration, Fatima, and I sincerely apologize for the delay. Let me pull up your transaction history for July 11, 2026 now.",golden,RESOLVED_SUPPORT,billing_error_resolved,Gulf/UAE/Emirates NBD,resolved,frustrated -> relieved,neutral_positive_throughout,billing_error,0.194,0.651,0.154,-0.2878
GS_025,7,CUSTOMER,Please. Because this is not small money.,golden,RESOLVED_SUPPORT,billing_error_resolved,Gulf/UAE/Emirates NBD,resolved,frustrated -> relieved,neutral_positive_throughout,billing_error,0.0,0.723,0.277,0.3182
GS_025,8,AGENT,"I can see it here — the cancellation didn't sync to the billing cycle before it ran. That is clearly a duplicate charge, and I am initiating a reversal for the second transaction now.",golden,RESOLVED_SUPPORT,billing_error_resolved,Gulf/UAE/Emirates NBD,resolved,frustrated -> relieved,neutral_positive_throughout,billing_error,0.0,0.912,0.088,0.4019
GS_025,9,CUSTOMER,"Okay. So the AED 1,191 will come back?",golden,RESOLVED_SUPPORT,billing_error_resolved,Gulf/UAE/Emirates NBD,resolved,frustrated -> relieved,neutral_positive_throughout,billing_error,0.0,0.787,0.213,0.2263
GS_025,10,AGENT,"Yes, exactly. The reversal for AED 1,191 has been initiated. Your reference number is ENBD-BILL-20260609-2781. The funds will reflect in your account within 24 to 48 hours, and you will also receive an SMS confirmation shortly.",golden,RESOLVED_SUPPORT,billing_error_resolved,Gulf/UAE/Emirates NBD,resolved,frustrated -> relieved,neutral_positive_throughout,billing_error,0.0,0.895,0.105,0.4588
GS_025,11,CUSTOMER,"Okay, ENBD-BILL-20260609-2781. Good. So I should see it by tomorrow at the latest?",golden,RESOLVED_SUPPORT,billing_error_resolved,Gulf/UAE/Emirates NBD,resolved,frustrated -> relieved,neutral_positive_throughout,billing_error,0.0,0.676,0.324,0.5859
GS_025,12,AGENT,"That is correct, by tomorrow at the latest. Is there anything else I can help you with today?",golden,RESOLVED_SUPPORT,billing_error_resolved,Gulf/UAE/Emirates NBD,resolved,frustrated -> relieved,neutral_positive_throughout,billing_error,0.0,0.856,0.144,0.4019
GS_025,13,CUSTOMER,"And this won't happen again, right?",golden,RESOLVED_SUPPORT,billing_error_resolved,Gulf/UAE/Emirates NBD,resolved,frustrated -> relieved,neutral_positive_throughout,billing_error,0.0,1.0,0.0,0.0
GS_025,14,AGENT,"I've flagged this on our end so our systems team can look into the retry issue — it shouldn't recur, but do reach out immediately if it does.",golden,RESOLVED_SUPPORT,billing_error_resolved,Gulf/UAE/Emirates NBD,resolved,frustrated -> relieved,neutral_positive_throughout,billing_error,0.0,0.958,0.042,0.0387
GS_025,15,CUSTOMER,"No, that is all. Thank you, Blessing. At least someone has finally sorted it out.",golden,RESOLVED_SUPPORT,billing_error_resolved,Gulf/UAE/Emirates NBD,resolved,frustrated -> relieved,neutral_positive_throughout,billing_error,0.111,0.603,0.286,0.5423
GS_025,16,AGENT,"You are welcome, Fatima. I am glad we could resolve this for you. Have a lovely evening.",golden,RESOLVED_SUPPORT,billing_error_resolved,Gulf/UAE/Emirates NBD,resolved,frustrated -> relieved,neutral_positive_throughout,billing_error,0.0,0.47,0.53,0.9081
GS_025,17,CUSTOMER,You too. Bye.,golden,RESOLVED_SUPPORT,billing_error_resolved,Gulf/UAE/Emirates NBD,resolved,frustrated -> relieved,neutral_positive_throughout,billing_error,0.0,1.0,0.0,0.0
GS_025,18,AGENT,Goodbye.,golden,RESOLVED_SUPPORT,billing_error_resolved,Gulf/UAE/Emirates NBD,resolved,frustrated -> relieved,neutral_positive_throughout,billing_error,0.0,1.0,0.0,0.0
GS_026,0,AGENT,"Good afternoon, thank you for calling Kuda, my name is Grace, how may I help you today?",golden,RESOLVED_SUPPORT,billing_error_resolved,Nigeria/Kuda,resolved,frustrated -> relieved,neutral_positive_throughout,billing_error,0.0,0.524,0.476,0.872
GS_026,1,CUSTOMER,"Abeg, Grace, good afternoon. My name is Folake. I have been charged twice for the same transaction — ₦19,103 taken out on August 23, 2026, and nobody has done anything about it.",golden,RESOLVED_SUPPORT,billing_error_resolved,Nigeria/Kuda,resolved,frustrated -> relieved,neutral_positive_throughout,billing_error,0.052,0.783,0.165,0.5994
GS_026,2,AGENT,"Good afternoon, Folake. I'm sorry to hear that. I'll look into this for you right away. Can you please confirm your registered phone number and the last four digits of your account number so I can pull up your account?",golden,RESOLVED_SUPPORT,billing_error_resolved,Nigeria/Kuda,resolved,frustrated -> relieved,neutral_positive_throughout,billing_error,0.03,0.789,0.181,0.6705
GS_026,3,CUSTOMER,Yes. 0918563924. Account ends in 4656.,golden,RESOLVED_SUPPORT,billing_error_resolved,Nigeria/Kuda,resolved,frustrated -> relieved,neutral_positive_throughout,billing_error,0.0,0.649,0.351,0.4019
GS_026,4,AGENT,"Thank you, Folake. I can see your account now. Can you tell me approximately when this charge occurred and what the transaction was for?",golden,RESOLVED_SUPPORT,billing_error_resolved,Nigeria/Kuda,resolved,frustrated -> relieved,neutral_positive_throughout,billing_error,0.0,0.898,0.102,0.3612
GS_026,5,CUSTOMER,"It was on August 23, 2026. I need this resolved today, please.",golden,RESOLVED_SUPPORT,billing_error_resolved,Nigeria/Kuda,resolved,frustrated -> relieved,neutral_positive_throughout,billing_error,0.0,0.683,0.317,0.4897
GS_026,6,AGENT,"I completely understand your frustration, Folake, and I sincerely apologize for the delay. Let me pull up your transaction history for August 23, 2026 now.",golden,RESOLVED_SUPPORT,billing_error_resolved,Nigeria/Kuda,resolved,frustrated -> relieved,neutral_positive_throughout,billing_error,0.194,0.651,0.154,-0.2878
GS_026,7,CUSTOMER,Please. Because this is not small money.,golden,RESOLVED_SUPPORT,billing_error_resolved,Nigeria/Kuda,resolved,frustrated -> relieved,neutral_positive_throughout,billing_error,0.0,0.723,0.277,0.3182
GS_026,8,AGENT,"I can see it here — a network retry on our end double-submitted the transaction. That is clearly a duplicate charge, and I am initiating a reversal for the second transaction now.",golden,RESOLVED_SUPPORT,billing_error_resolved,Nigeria/Kuda,resolved,frustrated -> relieved,neutral_positive_throughout,billing_error,0.0,0.903,0.097,0.4019
GS_026,9,CUSTOMER,"How did this even happen, is my account safe?",golden,RESOLVED_SUPPORT,billing_error_resolved,Nigeria/Kuda,resolved,frustrated -> relieved,neutral_positive_throughout,billing_error,0.0,0.734,0.266,0.4404
GS_026,10,AGENT,"Great question — this was purely a processing error, not a security issue. Your account and card details are completely safe.",golden,RESOLVED_SUPPORT,billing_error_resolved,Nigeria/Kuda,resolved,frustrated -> relieved,neutral_positive_throughout,billing_error,0.191,0.532,0.277,0.5071
GS_026,11,CUSTOMER,"Okay. So the ₦19,103 will come back?",golden,RESOLVED_SUPPORT,billing_error_resolved,Nigeria/Kuda,resolved,frustrated -> relieved,neutral_positive_throughout,billing_error,0.0,0.759,0.241,0.2263
GS_026,12,AGENT,"Yes, exactly. The reversal for ₦19,103 has been initiated. Your reference number is KD-BILL-20260814-9924. The funds will reflect in your account within 24 to 48 hours, and you will also receive an SMS confirmation shortly.",golden,RESOLVED_SUPPORT,billing_error_resolved,Nigeria/Kuda,resolved,frustrated -> relieved,neutral_positive_throughout,billing_error,0.0,0.892,0.108,0.4588
GS_026,13,CUSTOMER,"Okay, KD-BILL-20260814-9924. Good. So I should see it by tomorrow at the latest?",golden,RESOLVED_SUPPORT,billing_error_resolved,Nigeria/Kuda,resolved,frustrated -> relieved,neutral_positive_throughout,billing_error,0.0,0.676,0.324,0.5859
GS_026,14,AGENT,"That is correct, by tomorrow at the latest. Is there anything else I can help you with today?",golden,RESOLVED_SUPPORT,billing_error_resolved,Nigeria/Kuda,resolved,frustrated -> relieved,neutral_positive_throughout,billing_error,0.0,0.856,0.144,0.4019
GS_026,15,CUSTOMER,"No, that is all. Thank you, Grace. At least someone has finally sorted it out.",golden,RESOLVED_SUPPORT,billing_error_resolved,Nigeria/Kuda,resolved,frustrated -> relieved,neutral_positive_throughout,billing_error,0.113,0.615,0.272,0.4767
GS_026,16,AGENT,"You are welcome, Folake. I am glad we could resolve this for you. Have a lovely evening.",golden,RESOLVED_SUPPORT,billing_error_resolved,Nigeria/Kuda,resolved,frustrated -> relieved,neutral_positive_throughout,billing_error,0.0,0.47,0.53,0.9081
GS_026,17,CUSTOMER,You too. Bye.,golden,RESOLVED_SUPPORT,billing_error_resolved,Nigeria/Kuda,resolved,frustrated -> relieved,neutral_positive_throughout,billing_error,0.0,1.0,0.0,0.0
GS_026,18,AGENT,Goodbye.,golden,RESOLVED_SUPPORT,billing_error_resolved,Nigeria/Kuda,resolved,frustrated -> relieved,neutral_positive_throughout,billing_error,0.0,1.0,0.0,0.0
GS_027,0,AGENT,"Good afternoon, thank you for calling GTBank, my name is Zainab, how may I help you today?",golden,RESOLVED_SUPPORT,failed_transaction_resolved,Nigeria/GTBank,resolved,anxious -> reassured,neutral_positive_throughout,failed_transaction,0.0,0.616,0.384,0.7964
GS_027,1,CUSTOMER,"Zainab, good afternoon. My name is Segun. I need urgent help. I made a transfer of ₦13,547 to my landlord about an hour ago. The transaction showed as failed on my end, but I'm not sure if the money left my account or if it's just gone. I've been worried about this.",golden,RESOLVED_SUPPORT,failed_transaction_resolved,Nigeria/GTBank,resolved,anxious -> reassured,neutral_positive_throughout,failed_transaction,0.133,0.773,0.094,-0.4927
GS_027,2,AGENT,"Good afternoon, Segun. I understand this is stressful and I will look into this for you right now. Can you please confirm your registered phone number and the last four digits of your account number so I can pull up your account?",golden,RESOLVED_SUPPORT,failed_transaction_resolved,Nigeria/GTBank,resolved,anxious -> reassured,neutral_positive_throughout,failed_transaction,0.073,0.754,0.173,0.3612
GS_027,3,CUSTOMER,Abeg. 0911220922. Account ends in 8687.,golden,RESOLVED_SUPPORT,failed_transaction_resolved,Nigeria/GTBank,resolved,anxious -> reassured,neutral_positive_throughout,failed_transaction,0.0,1.0,0.0,0.0
GS_027,4,AGENT,"Thank you, Segun. I have your account open now. One moment while I check the transaction.",golden,RESOLVED_SUPPORT,failed_transaction_resolved,Nigeria/GTBank,resolved,anxious -> reassured,neutral_positive_throughout,failed_transaction,0.0,0.839,0.161,0.3612
GS_027,5,CUSTOMER,"This is really stressful, I needed that money today.",golden,RESOLVED_SUPPORT,failed_transaction_resolved,Nigeria/GTBank,resolved,anxious -> reassured,neutral_positive_throughout,failed_transaction,0.339,0.661,0.0,-0.5563
GS_027,6,AGENT,"I completely understand, and I'll make sure this is resolved before we end the call.",golden,RESOLVED_SUPPORT,failed_transaction_resolved,Nigeria/GTBank,resolved,anxious -> reassured,neutral_positive_throughout,failed_transaction,0.0,0.75,0.25,0.4588
GS_027,7,CUSTOMER,"Okay, please.",golden,RESOLVED_SUPPORT,failed_transaction_resolved,Nigeria/GTBank,resolved,anxious -> reassured,neutral_positive_throughout,failed_transaction,0.0,0.0,1.0,0.4939
GS_027,8,AGENT,I can confirm the transaction genuinely did not go through on our side — no funds left your account at all. Your balance is untouched.,golden,RESOLVED_SUPPORT,failed_transaction_resolved,Nigeria/GTBank,resolved,anxious -> reassured,neutral_positive_throughout,failed_transaction,0.091,0.909,0.0,-0.296
GS_027,9,CUSTOMER,Are you sure? Because the app showed the amount was deducted for a moment.,golden,RESOLVED_SUPPORT,failed_transaction_resolved,Nigeria/GTBank,resolved,anxious -> reassured,neutral_positive_throughout,failed_transaction,0.0,0.839,0.161,0.3182
GS_027,10,AGENT,"That can happen when a transaction is pending confirmation before it fails — it briefly shows as a hold, but it was released automatically since the transfer didn't complete. Your available balance reflects that already.",golden,RESOLVED_SUPPORT,failed_transaction_resolved,Nigeria/GTBank,resolved,anxious -> reassured,neutral_positive_throughout,failed_transaction,0.058,0.942,0.0,-0.2263
GS_027,11,CUSTOMER,"Okay, let me check my balance now... yes, I can see it's correct. That's a relief.",golden,RESOLVED_SUPPORT,failed_transaction_resolved,Nigeria/GTBank,resolved,anxious -> reassured,neutral_positive_throughout,failed_transaction,0.0,0.588,0.412,0.7717
GS_027,12,AGENT,I'm glad that's cleared up for you. Is there anything else I can help you with today?,golden,RESOLVED_SUPPORT,failed_transaction_resolved,Nigeria/GTBank,resolved,anxious -> reassured,neutral_positive_throughout,failed_transaction,0.0,0.647,0.353,0.7269
GS_027,13,CUSTOMER,"No, that's all. Thank you so much.",golden,RESOLVED_SUPPORT,failed_transaction_resolved,Nigeria/GTBank,resolved,anxious -> reassured,neutral_positive_throughout,failed_transaction,0.227,0.515,0.258,0.0772
GS_027,14,AGENT,"You're very welcome, Segun, I'm glad we could give you clarity on this. Have a good evening.",golden,RESOLVED_SUPPORT,failed_transaction_resolved,Nigeria/GTBank,resolved,anxious -> reassured,neutral_positive_throughout,failed_transaction,0.0,0.502,0.498,0.8977
GS_027,15,CUSTOMER,You too. Bye.,golden,RESOLVED_SUPPORT,failed_transaction_resolved,Nigeria/GTBank,resolved,anxious -> reassured,neutral_positive_throughout,failed_transaction,0.0,1.0,0.0,0.0
GS_027,16,AGENT,"Goodbye, and take care.",golden,RESOLVED_SUPPORT,failed_transaction_resolved,Nigeria/GTBank,resolved,anxious -> reassured,neutral_positive_throughout,failed_transaction,0.0,0.484,0.516,0.4939
GS_028,0,AGENT,"Good afternoon, thank you for calling NCBA, my name is Zainab, how may I help you today?",golden,RESOLVED_SUPPORT,failed_transaction_resolved,Kenya/NCBA,resolved,anxious -> reassured,neutral_positive_throughout,failed_transaction,0.0,0.616,0.384,0.7964
GS_028,1,CUSTOMER,"Zainab, good afternoon. My name is Akinyi. I need urgent help. I made a transfer of KSh 36,218 to my brother about an hour ago. The transaction showed as failed on my end, but I'm not sure if the money left my account or if it's just gone. I've been worried about this.",golden,RESOLVED_SUPPORT,failed_transaction_resolved,Kenya/NCBA,resolved,anxious -> reassured,neutral_positive_throughout,failed_transaction,0.131,0.777,0.092,-0.4927
GS_028,2,AGENT,"Good afternoon, Akinyi. I understand this is stressful and I will look into this for you right now. Can you please confirm your registered phone number and the last four digits of your account number so I can pull up your account?",golden,RESOLVED_SUPPORT,failed_transaction_resolved,Kenya/NCBA,resolved,anxious -> reassured,neutral_positive_throughout,failed_transaction,0.073,0.754,0.173,0.3612
GS_028,3,CUSTOMER,Pole. 0730 255 988. Account ends in 9571.,golden,RESOLVED_SUPPORT,failed_transaction_resolved,Kenya/NCBA,resolved,anxious -> reassured,neutral_positive_throughout,failed_transaction,0.0,1.0,0.0,0.0
GS_028,4,AGENT,"Thank you, Akinyi. I have your account open now. One moment while I check the transaction.",golden,RESOLVED_SUPPORT,failed_transaction_resolved,Kenya/NCBA,resolved,anxious -> reassured,neutral_positive_throughout,failed_transaction,0.0,0.839,0.161,0.3612
GS_028,5,CUSTOMER,"Okay, please.",golden,RESOLVED_SUPPORT,failed_transaction_resolved,Kenya/NCBA,resolved,anxious -> reassured,neutral_positive_throughout,failed_transaction,0.0,0.0,1.0,0.4939
GS_028,6,AGENT,"I can see the KSh 36,218 did leave your account, but it never reached the recipient — it's currently sitting in our clearing account because the transaction failed to settle on the receiving end.",golden,RESOLVED_SUPPORT,failed_transaction_resolved,Kenya/NCBA,resolved,anxious -> reassured,neutral_positive_throughout,failed_transaction,0.194,0.806,0.0,-0.7179
GS_028,7,CUSTOMER,Okay so the money didn't just disappear? It is somewhere?,golden,RESOLVED_SUPPORT,failed_transaction_resolved,Kenya/NCBA,resolved,anxious -> reassured,neutral_positive_throughout,failed_transaction,0.0,0.671,0.329,0.4453
GS_028,8,AGENT,"Correct — it is not lost. Because the transaction failed at the settlement stage, the funds are sitting in a clearing account and will be reversed back to your account. I am initiating that reversal now.",golden,RESOLVED_SUPPORT,failed_transaction_resolved,Kenya/NCBA,resolved,anxious -> reassured,neutral_positive_throughout,failed_transaction,0.091,0.855,0.054,-0.3265
GS_028,9,CUSTOMER,"So where is my money right now, and how do I get it back?",golden,RESOLVED_SUPPORT,failed_transaction_resolved,Kenya/NCBA,resolved,anxious -> reassured,neutral_positive_throughout,failed_transaction,0.0,1.0,0.0,0.0
GS_028,10,AGENT,"I'm reversing it back to your account right now. This is an internal reversal, so it should reflect within 24 to 48 hours. Your reference number is NCBA-TXN-20260721-3467, and you'll receive an SMS confirmation.",golden,RESOLVED_SUPPORT,failed_transaction_resolved,Kenya/NCBA,resolved,anxious -> reassured,neutral_positive_throughout,failed_transaction,0.0,0.962,0.038,0.0772
GS_028,11,CUSTOMER,"Okay, NCBA-TXN-20260721-3467. So by tomorrow or the day after at the latest?",golden,RESOLVED_SUPPORT,failed_transaction_resolved,Kenya/NCBA,resolved,anxious -> reassured,neutral_positive_throughout,failed_transaction,0.0,0.853,0.147,0.2263
GS_028,12,AGENT,"That is correct. Once the reversal clears, you can retry the transfer and it will go through cleanly. Is there anything else I can help you with today?",golden,RESOLVED_SUPPORT,failed_transaction_resolved,Kenya/NCBA,resolved,anxious -> reassured,neutral_positive_throughout,failed_transaction,0.0,0.862,0.138,0.4588
GS_028,13,CUSTOMER,"No, that's all. Thank you so much.",golden,RESOLVED_SUPPORT,failed_transaction_resolved,Kenya/NCBA,resolved,anxious -> reassured,neutral_positive_throughout,failed_transaction,0.227,0.515,0.258,0.0772
GS_028,14,AGENT,"You're very welcome, Akinyi, I'm glad we could give you clarity on this. Have a good evening.",golden,RESOLVED_SUPPORT,failed_transaction_resolved,Kenya/NCBA,resolved,anxious -> reassured,neutral_positive_throughout,failed_transaction,0.0,0.502,0.498,0.8977
GS_028,15,CUSTOMER,You too. Bye.,golden,RESOLVED_SUPPORT,failed_transaction_resolved,Kenya/NCBA,resolved,anxious -> reassured,neutral_positive_throughout,failed_transaction,0.0,1.0,0.0,0.0
GS_028,16,AGENT,"Goodbye, and take care.",golden,RESOLVED_SUPPORT,failed_transaction_resolved,Kenya/NCBA,resolved,anxious -> reassured,neutral_positive_throughout,failed_transaction,0.0,0.484,0.516,0.4939
GS_029,0,AGENT,"Good afternoon, thank you for calling Emirates NBD, my name is Michael, how may I help you today?",golden,RESOLVED_SUPPORT,failed_transaction_resolved,Gulf/UAE/Emirates NBD,resolved,anxious -> reassured,neutral_positive_throughout,failed_transaction,0.0,0.539,0.461,0.8788
GS_029,1,CUSTOMER,"Michael, good afternoon. My name is Mariam. I need urgent help. I made a transfer of AED 475 to a supplier about an hour ago. The transaction showed as failed on my end, but I'm not sure if the money left my account or if it's just gone. I've been worried about this.",golden,RESOLVED_SUPPORT,failed_transaction_resolved,Gulf/UAE/Emirates NBD,resolved,anxious -> reassured,neutral_positive_throughout,failed_transaction,0.133,0.773,0.094,-0.4927
GS_029,2,AGENT,"Good afternoon, Mariam. I understand this is stressful and I will look into this for you right now. Can you please confirm your registered phone number and the last four digits of your account number so I can pull up your account?",golden,RESOLVED_SUPPORT,failed_transaction_resolved,Gulf/UAE/Emirates NBD,resolved,anxious -> reassured,neutral_positive_throughout,failed_transaction,0.073,0.754,0.173,0.3612
GS_029,3,CUSTOMER,Shukran. 057 709 7350. Account ends in 7994.,golden,RESOLVED_SUPPORT,failed_transaction_resolved,Gulf/UAE/Emirates NBD,resolved,anxious -> reassured,neutral_positive_throughout,failed_transaction,0.0,1.0,0.0,0.0
GS_029,4,AGENT,"Thank you, Mariam. I have your account open now. One moment while I check the transaction.",golden,RESOLVED_SUPPORT,failed_transaction_resolved,Gulf/UAE/Emirates NBD,resolved,anxious -> reassured,neutral_positive_throughout,failed_transaction,0.0,0.839,0.161,0.3612
GS_029,5,CUSTOMER,"Okay, please.",golden,RESOLVED_SUPPORT,failed_transaction_resolved,Gulf/UAE/Emirates NBD,resolved,anxious -> reassured,neutral_positive_throughout,failed_transaction,0.0,0.0,1.0,0.4939
GS_029,6,AGENT,I can confirm the transaction genuinely did not go through on our side — no funds left your account at all. Your balance is untouched.,golden,RESOLVED_SUPPORT,failed_transaction_resolved,Gulf/UAE/Emirates NBD,resolved,anxious -> reassured,neutral_positive_throughout,failed_transaction,0.091,0.909,0.0,-0.296
GS_029,7,CUSTOMER,Are you sure? Because the app showed the amount was deducted for a moment.,golden,RESOLVED_SUPPORT,failed_transaction_resolved,Gulf/UAE/Emirates NBD,resolved,anxious -> reassured,neutral_positive_throughout,failed_transaction,0.0,0.839,0.161,0.3182
GS_029,8,AGENT,"That can happen when a transaction is pending confirmation before it fails — it briefly shows as a hold, but it was released automatically since the transfer didn't complete. Your available balance reflects that already.",golden,RESOLVED_SUPPORT,failed_transaction_resolved,Gulf/UAE/Emirates NBD,resolved,anxious -> reassured,neutral_positive_throughout,failed_transaction,0.058,0.942,0.0,-0.2263
GS_029,9,CUSTOMER,"Okay, let me check my balance now... yes, I can see it's correct. That's a relief.",golden,RESOLVED_SUPPORT,failed_transaction_resolved,Gulf/UAE/Emirates NBD,resolved,anxious -> reassured,neutral_positive_throughout,failed_transaction,0.0,0.588,0.412,0.7717
GS_029,10,AGENT,I'm glad that's cleared up for you. Is there anything else I can help you with today?,golden,RESOLVED_SUPPORT,failed_transaction_resolved,Gulf/UAE/Emirates NBD,resolved,anxious -> reassured,neutral_positive_throughout,failed_transaction,0.0,0.647,0.353,0.7269
GS_029,11,CUSTOMER,"No, that's all. Thank you so much.",golden,RESOLVED_SUPPORT,failed_transaction_resolved,Gulf/UAE/Emirates NBD,resolved,anxious -> reassured,neutral_positive_throughout,failed_transaction,0.227,0.515,0.258,0.0772
GS_029,12,AGENT,"You're very welcome, Mariam, I'm glad we could give you clarity on this. Have a good evening.",golden,RESOLVED_SUPPORT,failed_transaction_resolved,Gulf/UAE/Emirates NBD,resolved,anxious -> reassured,neutral_positive_throughout,failed_transaction,0.0,0.502,0.498,0.8977
GS_029,13,CUSTOMER,You too. Bye.,golden,RESOLVED_SUPPORT,failed_transaction_resolved,Gulf/UAE/Emirates NBD,resolved,anxious -> reassured,neutral_positive_throughout,failed_transaction,0.0,1.0,0.0,0.0
GS_029,14,AGENT,"Goodbye, and take care.",golden,RESOLVED_SUPPORT,failed_transaction_resolved,Gulf/UAE/Emirates NBD,resolved,anxious -> reassured,neutral_positive_throughout,failed_transaction,0.0,0.484,0.516,0.4939
GS_030,0,AGENT,"Good afternoon, thank you for calling GTBank, my name is Kelechi, how may I help you today?",golden,RESOLVED_SUPPORT,failed_transaction_resolved,Nigeria/GTBank,resolved,anxious -> reassured,neutral_positive_throughout,failed_transaction,0.0,0.616,0.384,0.7964
GS_030,1,CUSTOMER,"Kelechi, good afternoon. My name is Ifeoma. I need urgent help. I made a transfer of ₦7,351 to my landlord earlier this morning. The transaction showed as failed on my end, but I'm not sure if the money left my account or if it's just gone. I've been worried about this.",golden,RESOLVED_SUPPORT,failed_transaction_resolved,Nigeria/GTBank,resolved,anxious -> reassured,neutral_positive_throughout,failed_transaction,0.135,0.769,0.095,-0.4927
GS_030,2,AGENT,"Good afternoon, Ifeoma. I understand this is stressful and I will look into this for you right now. Can you please confirm your registered phone number and the last four digits of your account number so I can pull up your account?",golden,RESOLVED_SUPPORT,failed_transaction_resolved,Nigeria/GTBank,resolved,anxious -> reassured,neutral_positive_throughout,failed_transaction,0.073,0.754,0.173,0.3612
GS_030,3,CUSTOMER,Please o. 0906050381. Account ends in 7900.,golden,RESOLVED_SUPPORT,failed_transaction_resolved,Nigeria/GTBank,resolved,anxious -> reassured,neutral_positive_throughout,failed_transaction,0.0,0.723,0.277,0.3182
GS_030,4,AGENT,"Thank you, Ifeoma. I have your account open now. One moment while I check the transaction.",golden,RESOLVED_SUPPORT,failed_transaction_resolved,Nigeria/GTBank,resolved,anxious -> reassured,neutral_positive_throughout,failed_transaction,0.0,0.839,0.161,0.3612
GS_030,5,CUSTOMER,"Okay, please.",golden,RESOLVED_SUPPORT,failed_transaction_resolved,Nigeria/GTBank,resolved,anxious -> reassured,neutral_positive_throughout,failed_transaction,0.0,0.0,1.0,0.4939
GS_030,6,AGENT,"I can see the ₦7,351 did leave your account, but it never reached the recipient — it's currently sitting in our clearing account because the transaction failed to settle on the receiving end.",golden,RESOLVED_SUPPORT,failed_transaction_resolved,Nigeria/GTBank,resolved,anxious -> reassured,neutral_positive_throughout,failed_transaction,0.2,0.8,0.0,-0.7179
GS_030,7,CUSTOMER,Okay so the money didn't just disappear? It is somewhere?,golden,RESOLVED_SUPPORT,failed_transaction_resolved,Nigeria/GTBank,resolved,anxious -> reassured,neutral_positive_throughout,failed_transaction,0.0,0.671,0.329,0.4453
GS_030,8,AGENT,"Correct — it is not lost. Because the transaction failed at the settlement stage, the funds are sitting in a clearing account and will be reversed back to your account. I am initiating that reversal now.",golden,RESOLVED_SUPPORT,failed_transaction_resolved,Nigeria/GTBank,resolved,anxious -> reassured,neutral_positive_throughout,failed_transaction,0.091,0.855,0.054,-0.3265
GS_030,9,CUSTOMER,"So where is my money right now, and how do I get it back?",golden,RESOLVED_SUPPORT,failed_transaction_resolved,Nigeria/GTBank,resolved,anxious -> reassured,neutral_positive_throughout,failed_transaction,0.0,1.0,0.0,0.0
GS_030,10,AGENT,"I'm reversing it back to your account right now. This is an internal reversal, so it should reflect within 24 to 48 hours. Your reference number is GT-TXN-20260616-4555, and you'll receive an SMS confirmation.",golden,RESOLVED_SUPPORT,failed_transaction_resolved,Nigeria/GTBank,resolved,anxious -> reassured,neutral_positive_throughout,failed_transaction,0.0,0.962,0.038,0.0772
GS_030,11,CUSTOMER,"Okay, GT-TXN-20260616-4555. So by tomorrow or the day after at the latest?",golden,RESOLVED_SUPPORT,failed_transaction_resolved,Nigeria/GTBank,resolved,anxious -> reassured,neutral_positive_throughout,failed_transaction,0.0,0.853,0.147,0.2263
GS_030,12,AGENT,"That is correct. Once the reversal clears, you can retry the transfer and it will go through cleanly. Is there anything else I can help you with today?",golden,RESOLVED_SUPPORT,failed_transaction_resolved,Nigeria/GTBank,resolved,anxious -> reassured,neutral_positive_throughout,failed_transaction,0.0,0.862,0.138,0.4588
GS_030,13,CUSTOMER,"No, that's all. Thank you so much.",golden,RESOLVED_SUPPORT,failed_transaction_resolved,Nigeria/GTBank,resolved,anxious -> reassured,neutral_positive_throughout,failed_transaction,0.227,0.515,0.258,0.0772
GS_030,14,AGENT,"You're very welcome, Ifeoma, I'm glad we could give you clarity on this. Have a good evening.",golden,RESOLVED_SUPPORT,failed_transaction_resolved,Nigeria/GTBank,resolved,anxious -> reassured,neutral_positive_throughout,failed_transaction,0.0,0.502,0.498,0.8977
GS_030,15,CUSTOMER,You too. Bye.,golden,RESOLVED_SUPPORT,failed_transaction_resolved,Nigeria/GTBank,resolved,anxious -> reassured,neutral_positive_throughout,failed_transaction,0.0,1.0,0.0,0.0
GS_030,16,AGENT,"Goodbye, and take care.",golden,RESOLVED_SUPPORT,failed_transaction_resolved,Nigeria/GTBank,resolved,anxious -> reassured,neutral_positive_throughout,failed_transaction,0.0,0.484,0.516,0.4939
GS_031,0,AGENT,"Good afternoon, thank you for calling NCBA, my name is Femi, how may I help you today?",golden,RESOLVED_SUPPORT,failed_transaction_resolved,Kenya/NCBA,resolved,anxious -> reassured,neutral_positive_throughout,failed_transaction,0.0,0.616,0.384,0.7964
GS_031,1,CUSTOMER,"Femi, good afternoon. My name is Kariuki. I need urgent help. I made a transfer of KSh 27,070 to my brother earlier this morning. The transaction showed as failed on my end, but I'm not sure if the money left my account or if it's just gone. I've been worried about this.",golden,RESOLVED_SUPPORT,failed_transaction_resolved,Kenya/NCBA,resolved,anxious -> reassured,neutral_positive_throughout,failed_transaction,0.133,0.773,0.094,-0.4927
GS_031,2,AGENT,"Good afternoon, Kariuki. I understand this is stressful and I will look into this for you right now. Can you please confirm your registered phone number and the last four digits of your account number so I can pull up your account?",golden,RESOLVED_SUPPORT,failed_transaction_resolved,Kenya/NCBA,resolved,anxious -> reassured,neutral_positive_throughout,failed_transaction,0.073,0.754,0.173,0.3612
GS_031,3,CUSTOMER,Pole. 0732 981 434. Account ends in 9876.,golden,RESOLVED_SUPPORT,failed_transaction_resolved,Kenya/NCBA,resolved,anxious -> reassured,neutral_positive_throughout,failed_transaction,0.0,1.0,0.0,0.0
GS_031,4,AGENT,"Thank you, Kariuki. I have your account open now. One moment while I check the transaction.",golden,RESOLVED_SUPPORT,failed_transaction_resolved,Kenya/NCBA,resolved,anxious -> reassured,neutral_positive_throughout,failed_transaction,0.0,0.839,0.161,0.3612
GS_031,5,CUSTOMER,"Okay, please.",golden,RESOLVED_SUPPORT,failed_transaction_resolved,Kenya/NCBA,resolved,anxious -> reassured,neutral_positive_throughout,failed_transaction,0.0,0.0,1.0,0.4939
GS_031,6,AGENT,I can confirm the transaction genuinely did not go through on our side — no funds left your account at all. Your balance is untouched.,golden,RESOLVED_SUPPORT,failed_transaction_resolved,Kenya/NCBA,resolved,anxious -> reassured,neutral_positive_throughout,failed_transaction,0.091,0.909,0.0,-0.296
GS_031,7,CUSTOMER,Are you sure? Because the app showed the amount was deducted for a moment.,golden,RESOLVED_SUPPORT,failed_transaction_resolved,Kenya/NCBA,resolved,anxious -> reassured,neutral_positive_throughout,failed_transaction,0.0,0.839,0.161,0.3182
GS_031,8,AGENT,"That can happen when a transaction is pending confirmation before it fails — it briefly shows as a hold, but it was released automatically since the transfer didn't complete. Your available balance reflects that already.",golden,RESOLVED_SUPPORT,failed_transaction_resolved,Kenya/NCBA,resolved,anxious -> reassured,neutral_positive_throughout,failed_transaction,0.058,0.942,0.0,-0.2263
GS_031,9,CUSTOMER,"Okay, let me check my balance now... yes, I can see it's correct. That's a relief.",golden,RESOLVED_SUPPORT,failed_transaction_resolved,Kenya/NCBA,resolved,anxious -> reassured,neutral_positive_throughout,failed_transaction,0.0,0.588,0.412,0.7717
GS_031,10,AGENT,I'm glad that's cleared up for you. Is there anything else I can help you with today?,golden,RESOLVED_SUPPORT,failed_transaction_resolved,Kenya/NCBA,resolved,anxious -> reassured,neutral_positive_throughout,failed_transaction,0.0,0.647,0.353,0.7269
GS_031,11,CUSTOMER,"No, that's all. Thank you so much.",golden,RESOLVED_SUPPORT,failed_transaction_resolved,Kenya/NCBA,resolved,anxious -> reassured,neutral_positive_throughout,failed_transaction,0.227,0.515,0.258,0.0772
GS_031,12,AGENT,"You're very welcome, Kariuki, I'm glad we could give you clarity on this. Have a good evening.",golden,RESOLVED_SUPPORT,failed_transaction_resolved,Kenya/NCBA,resolved,anxious -> reassured,neutral_positive_throughout,failed_transaction,0.0,0.502,0.498,0.8977
GS_031,13,CUSTOMER,You too. Bye.,golden,RESOLVED_SUPPORT,failed_transaction_resolved,Kenya/NCBA,resolved,anxious -> reassured,neutral_positive_throughout,failed_transaction,0.0,1.0,0.0,0.0
GS_031,14,AGENT,"Goodbye, and take care.",golden,RESOLVED_SUPPORT,failed_transaction_resolved,Kenya/NCBA,resolved,anxious -> reassured,neutral_positive_throughout,failed_transaction,0.0,0.484,0.516,0.4939
GS_032,0,AGENT,"Good afternoon, thank you for calling Mashreq Neo, my name is Michael, how may I help you today?",golden,RESOLVED_SUPPORT,failed_transaction_resolved,Gulf/UAE/Mashreq Neo,resolved,anxious -> reassured,neutral_positive_throughout,failed_transaction,0.0,0.633,0.367,0.7964
GS_032,1,CUSTOMER,"Michael, good afternoon. My name is Salim. I need urgent help. I made a transfer of AED 1,393 to a supplier about an hour ago. The transaction showed as failed on my end, but I'm not sure if the money left my account or if it's just gone. I've been worried about this.",golden,RESOLVED_SUPPORT,failed_transaction_resolved,Gulf/UAE/Mashreq Neo,resolved,anxious -> reassured,neutral_positive_throughout,failed_transaction,0.133,0.773,0.094,-0.4927
GS_032,2,AGENT,"Good afternoon, Salim. I understand this is stressful and I will look into this for you right now. Can you please confirm your registered phone number and the last four digits of your account number so I can pull up your account?",golden,RESOLVED_SUPPORT,failed_transaction_resolved,Gulf/UAE/Mashreq Neo,resolved,anxious -> reassured,neutral_positive_throughout,failed_transaction,0.073,0.754,0.173,0.3612
GS_032,3,CUSTOMER,Shukran. 057 190 6637. Account ends in 2091.,golden,RESOLVED_SUPPORT,failed_transaction_resolved,Gulf/UAE/Mashreq Neo,resolved,anxious -> reassured,neutral_positive_throughout,failed_transaction,0.0,1.0,0.0,0.0
GS_032,4,AGENT,"Thank you, Salim. I have your account open now. One moment while I check the transaction.",golden,RESOLVED_SUPPORT,failed_transaction_resolved,Gulf/UAE/Mashreq Neo,resolved,anxious -> reassured,neutral_positive_throughout,failed_transaction,0.0,0.839,0.161,0.3612
GS_032,5,CUSTOMER,"This is really stressful, I needed that money today.",golden,RESOLVED_SUPPORT,failed_transaction_resolved,Gulf/UAE/Mashreq Neo,resolved,anxious -> reassured,neutral_positive_throughout,failed_transaction,0.339,0.661,0.0,-0.5563
GS_032,6,AGENT,"I completely understand, and I'll make sure this is resolved before we end the call.",golden,RESOLVED_SUPPORT,failed_transaction_resolved,Gulf/UAE/Mashreq Neo,resolved,anxious -> reassured,neutral_positive_throughout,failed_transaction,0.0,0.75,0.25,0.4588
GS_032,7,CUSTOMER,"Okay, please.",golden,RESOLVED_SUPPORT,failed_transaction_resolved,Gulf/UAE/Mashreq Neo,resolved,anxious -> reassured,neutral_positive_throughout,failed_transaction,0.0,0.0,1.0,0.4939
GS_032,8,AGENT,"I can see the AED 1,393 did leave your account, but it never reached the recipient — it's currently sitting in our clearing account because the transaction failed to settle on the receiving end.",golden,RESOLVED_SUPPORT,failed_transaction_resolved,Gulf/UAE/Mashreq Neo,resolved,anxious -> reassured,neutral_positive_throughout,failed_transaction,0.194,0.806,0.0,-0.7179
GS_032,9,CUSTOMER,Okay so the money didn't just disappear? It is somewhere?,golden,RESOLVED_SUPPORT,failed_transaction_resolved,Gulf/UAE/Mashreq Neo,resolved,anxious -> reassured,neutral_positive_throughout,failed_transaction,0.0,0.671,0.329,0.4453
GS_032,10,AGENT,"Correct — it is not lost. Because the transaction failed at the settlement stage, the funds are sitting in a clearing account and will be reversed back to your account. I am initiating that reversal now.",golden,RESOLVED_SUPPORT,failed_transaction_resolved,Gulf/UAE/Mashreq Neo,resolved,anxious -> reassured,neutral_positive_throughout,failed_transaction,0.091,0.855,0.054,-0.3265
GS_032,11,CUSTOMER,"So where is my money right now, and how do I get it back?",golden,RESOLVED_SUPPORT,failed_transaction_resolved,Gulf/UAE/Mashreq Neo,resolved,anxious -> reassured,neutral_positive_throughout,failed_transaction,0.0,1.0,0.0,0.0
GS_032,12,AGENT,"I'm reversing it back to your account right now. This is an internal reversal, so it should reflect within 24 to 48 hours. Your reference number is MQ-TXN-20260704-2039, and you'll receive an SMS confirmation.",golden,RESOLVED_SUPPORT,failed_transaction_resolved,Gulf/UAE/Mashreq Neo,resolved,anxious -> reassured,neutral_positive_throughout,failed_transaction,0.0,0.962,0.038,0.0772
GS_032,13,CUSTOMER,"Okay, MQ-TXN-20260704-2039. So by tomorrow or the day after at the latest?",golden,RESOLVED_SUPPORT,failed_transaction_resolved,Gulf/UAE/Mashreq Neo,resolved,anxious -> reassured,neutral_positive_throughout,failed_transaction,0.0,0.853,0.147,0.2263
GS_032,14,AGENT,"That is correct. Once the reversal clears, you can retry the transfer and it will go through cleanly. Is there anything else I can help you with today?",golden,RESOLVED_SUPPORT,failed_transaction_resolved,Gulf/UAE/Mashreq Neo,resolved,anxious -> reassured,neutral_positive_throughout,failed_transaction,0.0,0.862,0.138,0.4588
GS_032,15,CUSTOMER,"No, that's all. Thank you so much.",golden,RESOLVED_SUPPORT,failed_transaction_resolved,Gulf/UAE/Mashreq Neo,resolved,anxious -> reassured,neutral_positive_throughout,failed_transaction,0.227,0.515,0.258,0.0772
GS_032,16,AGENT,"You're very welcome, Salim, I'm glad we could give you clarity on this. Have a good evening.",golden,RESOLVED_SUPPORT,failed_transaction_resolved,Gulf/UAE/Mashreq Neo,resolved,anxious -> reassured,neutral_positive_throughout,failed_transaction,0.0,0.502,0.498,0.8977
GS_032,17,CUSTOMER,You too. Bye.,golden,RESOLVED_SUPPORT,failed_transaction_resolved,Gulf/UAE/Mashreq Neo,resolved,anxious -> reassured,neutral_positive_throughout,failed_transaction,0.0,1.0,0.0,0.0
GS_032,18,AGENT,"Goodbye, and take care.",golden,RESOLVED_SUPPORT,failed_transaction_resolved,Gulf/UAE/Mashreq Neo,resolved,anxious -> reassured,neutral_positive_throughout,failed_transaction,0.0,0.484,0.516,0.4939
GS_033,0,AGENT,"Good afternoon, thank you for calling Moniepoint, my name is Kelechi, how may I help you today?",golden,RESOLVED_SUPPORT,failed_transaction_resolved,Nigeria/Moniepoint,resolved,anxious -> reassured,neutral_positive_throughout,failed_transaction,0.0,0.616,0.384,0.7964
GS_033,1,CUSTOMER,"Kelechi, good afternoon. My name is Bolanle. I need urgent help. I made a transfer of ₦7,896 to my landlord earlier this morning. The transaction showed as failed on my end, but I'm not sure if the money left my account or if it's just gone. I've been worried about this.",golden,RESOLVED_SUPPORT,failed_transaction_resolved,Nigeria/Moniepoint,resolved,anxious -> reassured,neutral_positive_throughout,failed_transaction,0.135,0.769,0.095,-0.4927
GS_033,2,AGENT,"Good afternoon, Bolanle. I understand this is stressful and I will look into this for you right now. Can you please confirm your registered phone number and the last four digits of your account number so I can pull up your account?",golden,RESOLVED_SUPPORT,failed_transaction_resolved,Nigeria/Moniepoint,resolved,anxious -> reassured,neutral_positive_throughout,failed_transaction,0.073,0.754,0.173,0.3612
GS_033,3,CUSTOMER,Please o. 0916552489. Account ends in 5572.,golden,RESOLVED_SUPPORT,failed_transaction_resolved,Nigeria/Moniepoint,resolved,anxious -> reassured,neutral_positive_throughout,failed_transaction,0.0,0.723,0.277,0.3182
GS_033,4,AGENT,"Thank you, Bolanle. I have your account open now. One moment while I check the transaction.",golden,RESOLVED_SUPPORT,failed_transaction_resolved,Nigeria/Moniepoint,resolved,anxious -> reassured,neutral_positive_throughout,failed_transaction,0.0,0.839,0.161,0.3612
GS_033,5,CUSTOMER,"This is really stressful, I needed that money today.",golden,RESOLVED_SUPPORT,failed_transaction_resolved,Nigeria/Moniepoint,resolved,anxious -> reassured,neutral_positive_throughout,failed_transaction,0.339,0.661,0.0,-0.5563
GS_033,6,AGENT,"I completely understand, and I'll make sure this is resolved before we end the call.",golden,RESOLVED_SUPPORT,failed_transaction_resolved,Nigeria/Moniepoint,resolved,anxious -> reassured,neutral_positive_throughout,failed_transaction,0.0,0.75,0.25,0.4588
GS_033,7,CUSTOMER,"Okay, please.",golden,RESOLVED_SUPPORT,failed_transaction_resolved,Nigeria/Moniepoint,resolved,anxious -> reassured,neutral_positive_throughout,failed_transaction,0.0,0.0,1.0,0.4939
GS_033,8,AGENT,I can confirm the transaction genuinely did not go through on our side — no funds left your account at all. Your balance is untouched.,golden,RESOLVED_SUPPORT,failed_transaction_resolved,Nigeria/Moniepoint,resolved,anxious -> reassured,neutral_positive_throughout,failed_transaction,0.091,0.909,0.0,-0.296
GS_033,9,CUSTOMER,Are you sure? Because the app showed the amount was deducted for a moment.,golden,RESOLVED_SUPPORT,failed_transaction_resolved,Nigeria/Moniepoint,resolved,anxious -> reassured,neutral_positive_throughout,failed_transaction,0.0,0.839,0.161,0.3182
GS_033,10,AGENT,"That can happen when a transaction is pending confirmation before it fails — it briefly shows as a hold, but it was released automatically since the transfer didn't complete. Your available balance reflects that already.",golden,RESOLVED_SUPPORT,failed_transaction_resolved,Nigeria/Moniepoint,resolved,anxious -> reassured,neutral_positive_throughout,failed_transaction,0.058,0.942,0.0,-0.2263
GS_033,11,CUSTOMER,"Okay, let me check my balance now... yes, I can see it's correct. That's a relief.",golden,RESOLVED_SUPPORT,failed_transaction_resolved,Nigeria/Moniepoint,resolved,anxious -> reassured,neutral_positive_throughout,failed_transaction,0.0,0.588,0.412,0.7717
GS_033,12,AGENT,I'm glad that's cleared up for you. Is there anything else I can help you with today?,golden,RESOLVED_SUPPORT,failed_transaction_resolved,Nigeria/Moniepoint,resolved,anxious -> reassured,neutral_positive_throughout,failed_transaction,0.0,0.647,0.353,0.7269
GS_033,13,CUSTOMER,How do I make sure this doesn't happen again next time?,golden,RESOLVED_SUPPORT,failed_transaction_resolved,Nigeria/Moniepoint,resolved,anxious -> reassured,neutral_positive_throughout,failed_transaction,0.0,0.796,0.204,0.3182
GS_033,14,AGENT,"This was a one-off settlement issue on the receiving end, not something on your account — there's nothing you need to change on your side.",golden,RESOLVED_SUPPORT,failed_transaction_resolved,Nigeria/Moniepoint,resolved,anxious -> reassured,neutral_positive_throughout,failed_transaction,0.0,1.0,0.0,0.0
GS_033,15,CUSTOMER,"No, that's all. Thank you so much.",golden,RESOLVED_SUPPORT,failed_transaction_resolved,Nigeria/Moniepoint,resolved,anxious -> reassured,neutral_positive_throughout,failed_transaction,0.227,0.515,0.258,0.0772
GS_033,16,AGENT,"You're very welcome, Bolanle, I'm glad we could give you clarity on this. Have a good evening.",golden,RESOLVED_SUPPORT,failed_transaction_resolved,Nigeria/Moniepoint,resolved,anxious -> reassured,neutral_positive_throughout,failed_transaction,0.0,0.502,0.498,0.8977
GS_033,17,CUSTOMER,You too. Bye.,golden,RESOLVED_SUPPORT,failed_transaction_resolved,Nigeria/Moniepoint,resolved,anxious -> reassured,neutral_positive_throughout,failed_transaction,0.0,1.0,0.0,0.0
GS_033,18,AGENT,"Goodbye, and take care.",golden,RESOLVED_SUPPORT,failed_transaction_resolved,Nigeria/Moniepoint,resolved,anxious -> reassured,neutral_positive_throughout,failed_transaction,0.0,0.484,0.516,0.4939
GS_034,0,AGENT,"Good afternoon, thank you for calling Equity Bank, my name is Kelechi, how may I help you today?",golden,RESOLVED_SUPPORT,failed_transaction_resolved,Kenya/Equity Bank,resolved,anxious -> reassured,neutral_positive_throughout,failed_transaction,0.0,0.633,0.367,0.7964
GS_034,1,CUSTOMER,"Kelechi, good afternoon. My name is Otieno. I need urgent help. I made a transfer of KSh 7,056 to my brother about an hour ago. The transaction showed as failed on my end, but I'm not sure if the money left my account or if it's just gone. I've been worried about this.",golden,RESOLVED_SUPPORT,failed_transaction_resolved,Kenya/Equity Bank,resolved,anxious -> reassured,neutral_positive_throughout,failed_transaction,0.131,0.777,0.092,-0.4927
GS_034,2,AGENT,"Good afternoon, Otieno. I understand this is stressful and I will look into this for you right now. Can you please confirm your registered phone number and the last four digits of your account number so I can pull up your account?",golden,RESOLVED_SUPPORT,failed_transaction_resolved,Kenya/Equity Bank,resolved,anxious -> reassured,neutral_positive_throughout,failed_transaction,0.073,0.754,0.173,0.3612
GS_034,3,CUSTOMER,Asante. 0714 806 143. Account ends in 6567.,golden,RESOLVED_SUPPORT,failed_transaction_resolved,Kenya/Equity Bank,resolved,anxious -> reassured,neutral_positive_throughout,failed_transaction,0.0,0.625,0.375,0.6369
GS_034,4,AGENT,"Thank you, Otieno. I have your account open now. One moment while I check the transaction.",golden,RESOLVED_SUPPORT,failed_transaction_resolved,Kenya/Equity Bank,resolved,anxious -> reassured,neutral_positive_throughout,failed_transaction,0.0,0.839,0.161,0.3612
GS_034,5,CUSTOMER,"This is really stressful, I needed that money today.",golden,RESOLVED_SUPPORT,failed_transaction_resolved,Kenya/Equity Bank,resolved,anxious -> reassured,neutral_positive_throughout,failed_transaction,0.339,0.661,0.0,-0.5563
GS_034,6,AGENT,"I completely understand, and I'll make sure this is resolved before we end the call.",golden,RESOLVED_SUPPORT,failed_transaction_resolved,Kenya/Equity Bank,resolved,anxious -> reassured,neutral_positive_throughout,failed_transaction,0.0,0.75,0.25,0.4588
GS_034,7,CUSTOMER,"Okay, please.",golden,RESOLVED_SUPPORT,failed_transaction_resolved,Kenya/Equity Bank,resolved,anxious -> reassured,neutral_positive_throughout,failed_transaction,0.0,0.0,1.0,0.4939
GS_034,8,AGENT,"I can see the KSh 7,056 did leave your account, but it never reached the recipient — it's currently sitting in our clearing account because the transaction failed to settle on the receiving end.",golden,RESOLVED_SUPPORT,failed_transaction_resolved,Kenya/Equity Bank,resolved,anxious -> reassured,neutral_positive_throughout,failed_transaction,0.194,0.806,0.0,-0.7179
GS_034,9,CUSTOMER,Okay so the money didn't just disappear? It is somewhere?,golden,RESOLVED_SUPPORT,failed_transaction_resolved,Kenya/Equity Bank,resolved,anxious -> reassured,neutral_positive_throughout,failed_transaction,0.0,0.671,0.329,0.4453
GS_034,10,AGENT,"Correct — it is not lost. Because the transaction failed at the settlement stage, the funds are sitting in a clearing account and will be reversed back to your account. I am initiating that reversal now.",golden,RESOLVED_SUPPORT,failed_transaction_resolved,Kenya/Equity Bank,resolved,anxious -> reassured,neutral_positive_throughout,failed_transaction,0.091,0.855,0.054,-0.3265
GS_034,11,CUSTOMER,"So where is my money right now, and how do I get it back?",golden,RESOLVED_SUPPORT,failed_transaction_resolved,Kenya/Equity Bank,resolved,anxious -> reassured,neutral_positive_throughout,failed_transaction,0.0,1.0,0.0,0.0
GS_034,12,AGENT,"I'm reversing it back to your account right now. This is an internal reversal, so it should reflect within 24 to 48 hours. Your reference number is EQ-TXN-20260614-5777, and you'll receive an SMS confirmation.",golden,RESOLVED_SUPPORT,failed_transaction_resolved,Kenya/Equity Bank,resolved,anxious -> reassured,neutral_positive_throughout,failed_transaction,0.0,0.962,0.038,0.0772
GS_034,13,CUSTOMER,"Okay, EQ-TXN-20260614-5777. So by tomorrow or the day after at the latest?",golden,RESOLVED_SUPPORT,failed_transaction_resolved,Kenya/Equity Bank,resolved,anxious -> reassured,neutral_positive_throughout,failed_transaction,0.0,0.853,0.147,0.2263
GS_034,14,AGENT,"That is correct. Once the reversal clears, you can retry the transfer and it will go through cleanly. Is there anything else I can help you with today?",golden,RESOLVED_SUPPORT,failed_transaction_resolved,Kenya/Equity Bank,resolved,anxious -> reassured,neutral_positive_throughout,failed_transaction,0.0,0.862,0.138,0.4588
GS_034,15,CUSTOMER,"No, that's all. Thank you so much.",golden,RESOLVED_SUPPORT,failed_transaction_resolved,Kenya/Equity Bank,resolved,anxious -> reassured,neutral_positive_throughout,failed_transaction,0.227,0.515,0.258,0.0772
GS_034,16,AGENT,"You're very welcome, Otieno, I'm glad we could give you clarity on this. Have a good evening.",golden,RESOLVED_SUPPORT,failed_transaction_resolved,Kenya/Equity Bank,resolved,anxious -> reassured,neutral_positive_throughout,failed_transaction,0.0,0.502,0.498,0.8977
GS_034,17,CUSTOMER,You too. Bye.,golden,RESOLVED_SUPPORT,failed_transaction_resolved,Kenya/Equity Bank,resolved,anxious -> reassured,neutral_positive_throughout,failed_transaction,0.0,1.0,0.0,0.0
GS_034,18,AGENT,"Goodbye, and take care.",golden,RESOLVED_SUPPORT,failed_transaction_resolved,Kenya/Equity Bank,resolved,anxious -> reassured,neutral_positive_throughout,failed_transaction,0.0,0.484,0.516,0.4939
GS_035,0,AGENT,"Good afternoon, thank you for calling RAKBANK, my name is David, how may I help you today?",golden,RESOLVED_SUPPORT,failed_transaction_resolved,Gulf/UAE/RAKBANK,resolved,anxious -> reassured,neutral_positive_throughout,failed_transaction,0.0,0.616,0.384,0.7964
GS_035,1,CUSTOMER,"David, good afternoon. My name is Layla. I need urgent help. I made a transfer of AED 2,430 to a supplier about an hour ago. The transaction showed as failed on my end, but I'm not sure if the money left my account or if it's just gone. I've been worried about this.",golden,RESOLVED_SUPPORT,failed_transaction_resolved,Gulf/UAE/RAKBANK,resolved,anxious -> reassured,neutral_positive_throughout,failed_transaction,0.133,0.773,0.094,-0.4927
GS_035,2,AGENT,"Good afternoon, Layla. I understand this is stressful and I will look into this for you right now. Can you please confirm your registered phone number and the last four digits of your account number so I can pull up your account?",golden,RESOLVED_SUPPORT,failed_transaction_resolved,Gulf/UAE/RAKBANK,resolved,anxious -> reassured,neutral_positive_throughout,failed_transaction,0.073,0.754,0.173,0.3612
GS_035,3,CUSTOMER,Shukran. 056 749 4893. Account ends in 5933.,golden,RESOLVED_SUPPORT,failed_transaction_resolved,Gulf/UAE/RAKBANK,resolved,anxious -> reassured,neutral_positive_throughout,failed_transaction,0.0,1.0,0.0,0.0
GS_035,4,AGENT,"Thank you, Layla. I have your account open now. One moment while I check the transaction.",golden,RESOLVED_SUPPORT,failed_transaction_resolved,Gulf/UAE/RAKBANK,resolved,anxious -> reassured,neutral_positive_throughout,failed_transaction,0.0,0.839,0.161,0.3612
GS_035,5,CUSTOMER,"Okay, please.",golden,RESOLVED_SUPPORT,failed_transaction_resolved,Gulf/UAE/RAKBANK,resolved,anxious -> reassured,neutral_positive_throughout,failed_transaction,0.0,0.0,1.0,0.4939
GS_035,6,AGENT,I can confirm the transaction genuinely did not go through on our side — no funds left your account at all. Your balance is untouched.,golden,RESOLVED_SUPPORT,failed_transaction_resolved,Gulf/UAE/RAKBANK,resolved,anxious -> reassured,neutral_positive_throughout,failed_transaction,0.091,0.909,0.0,-0.296
GS_035,7,CUSTOMER,Are you sure? Because the app showed the amount was deducted for a moment.,golden,RESOLVED_SUPPORT,failed_transaction_resolved,Gulf/UAE/RAKBANK,resolved,anxious -> reassured,neutral_positive_throughout,failed_transaction,0.0,0.839,0.161,0.3182
GS_035,8,AGENT,"That can happen when a transaction is pending confirmation before it fails — it briefly shows as a hold, but it was released automatically since the transfer didn't complete. Your available balance reflects that already.",golden,RESOLVED_SUPPORT,failed_transaction_resolved,Gulf/UAE/RAKBANK,resolved,anxious -> reassured,neutral_positive_throughout,failed_transaction,0.058,0.942,0.0,-0.2263
GS_035,9,CUSTOMER,"Okay, let me check my balance now... yes, I can see it's correct. That's a relief.",golden,RESOLVED_SUPPORT,failed_transaction_resolved,Gulf/UAE/RAKBANK,resolved,anxious -> reassured,neutral_positive_throughout,failed_transaction,0.0,0.588,0.412,0.7717
GS_035,10,AGENT,I'm glad that's cleared up for you. Is there anything else I can help you with today?,golden,RESOLVED_SUPPORT,failed_transaction_resolved,Gulf/UAE/RAKBANK,resolved,anxious -> reassured,neutral_positive_throughout,failed_transaction,0.0,0.647,0.353,0.7269
GS_035,11,CUSTOMER,"No, that's all. Thank you so much.",golden,RESOLVED_SUPPORT,failed_transaction_resolved,Gulf/UAE/RAKBANK,resolved,anxious -> reassured,neutral_positive_throughout,failed_transaction,0.227,0.515,0.258,0.0772
GS_035,12,AGENT,"You're very welcome, Layla, I'm glad we could give you clarity on this. Have a good evening.",golden,RESOLVED_SUPPORT,failed_transaction_resolved,Gulf/UAE/RAKBANK,resolved,anxious -> reassured,neutral_positive_throughout,failed_transaction,0.0,0.502,0.498,0.8977
GS_035,13,CUSTOMER,You too. Bye.,golden,RESOLVED_SUPPORT,failed_transaction_resolved,Gulf/UAE/RAKBANK,resolved,anxious -> reassured,neutral_positive_throughout,failed_transaction,0.0,1.0,0.0,0.0
GS_035,14,AGENT,"Goodbye, and take care.",golden,RESOLVED_SUPPORT,failed_transaction_resolved,Gulf/UAE/RAKBANK,resolved,anxious -> reassured,neutral_positive_throughout,failed_transaction,0.0,0.484,0.516,0.4939
GS_036,0,AGENT,"Good afternoon, thank you for calling OPay, my name is Chinwe, how may I help you today?",golden,RESOLVED_SUPPORT,failed_transaction_resolved,Nigeria/OPay,resolved,anxious -> reassured,neutral_positive_throughout,failed_transaction,0.0,0.616,0.384,0.7964
GS_036,1,CUSTOMER,"Chinwe, good afternoon. My name is Chiamaka. I need urgent help. I made a transfer of ₦25,635 to my landlord earlier this morning. The transaction showed as failed on my end, but I'm not sure if the money left my account or if it's just gone. I've been worried about this.",golden,RESOLVED_SUPPORT,failed_transaction_resolved,Nigeria/OPay,resolved,anxious -> reassured,neutral_positive_throughout,failed_transaction,0.135,0.769,0.095,-0.4927
GS_036,2,AGENT,"Good afternoon, Chiamaka. I understand this is stressful and I will look into this for you right now. Can you please confirm your registered phone number and the last four digits of your account number so I can pull up your account?",golden,RESOLVED_SUPPORT,failed_transaction_resolved,Nigeria/OPay,resolved,anxious -> reassured,neutral_positive_throughout,failed_transaction,0.073,0.754,0.173,0.3612
GS_036,3,CUSTOMER,Abeg. 0818822384. Account ends in 6782.,golden,RESOLVED_SUPPORT,failed_transaction_resolved,Nigeria/OPay,resolved,anxious -> reassured,neutral_positive_throughout,failed_transaction,0.0,1.0,0.0,0.0
GS_036,4,AGENT,"Thank you, Chiamaka. I have your account open now. One moment while I check the transaction.",golden,RESOLVED_SUPPORT,failed_transaction_resolved,Nigeria/OPay,resolved,anxious -> reassured,neutral_positive_throughout,failed_transaction,0.0,0.839,0.161,0.3612
GS_036,5,CUSTOMER,"Okay, please.",golden,RESOLVED_SUPPORT,failed_transaction_resolved,Nigeria/OPay,resolved,anxious -> reassured,neutral_positive_throughout,failed_transaction,0.0,0.0,1.0,0.4939
GS_036,6,AGENT,"I can see the ₦25,635 did leave your account, but it never reached the recipient — it's currently sitting in our clearing account because the transaction failed to settle on the receiving end.",golden,RESOLVED_SUPPORT,failed_transaction_resolved,Nigeria/OPay,resolved,anxious -> reassured,neutral_positive_throughout,failed_transaction,0.2,0.8,0.0,-0.7179
GS_036,7,CUSTOMER,Okay so the money didn't just disappear? It is somewhere?,golden,RESOLVED_SUPPORT,failed_transaction_resolved,Nigeria/OPay,resolved,anxious -> reassured,neutral_positive_throughout,failed_transaction,0.0,0.671,0.329,0.4453
GS_036,8,AGENT,"Correct — it is not lost. Because the transaction failed at the settlement stage, the funds are sitting in a clearing account and will be reversed back to your account. I am initiating that reversal now.",golden,RESOLVED_SUPPORT,failed_transaction_resolved,Nigeria/OPay,resolved,anxious -> reassured,neutral_positive_throughout,failed_transaction,0.091,0.855,0.054,-0.3265
GS_036,9,CUSTOMER,"So where is my money right now, and how do I get it back?",golden,RESOLVED_SUPPORT,failed_transaction_resolved,Nigeria/OPay,resolved,anxious -> reassured,neutral_positive_throughout,failed_transaction,0.0,1.0,0.0,0.0
GS_036,10,AGENT,"I'm reversing it back to your account right now. This is an internal reversal, so it should reflect within 24 to 48 hours. Your reference number is OP-TXN-20260613-3183, and you'll receive an SMS confirmation.",golden,RESOLVED_SUPPORT,failed_transaction_resolved,Nigeria/OPay,resolved,anxious -> reassured,neutral_positive_throughout,failed_transaction,0.0,0.962,0.038,0.0772
GS_036,11,CUSTOMER,"Okay, OP-TXN-20260613-3183. So by tomorrow or the day after at the latest?",golden,RESOLVED_SUPPORT,failed_transaction_resolved,Nigeria/OPay,resolved,anxious -> reassured,neutral_positive_throughout,failed_transaction,0.0,0.853,0.147,0.2263
GS_036,12,AGENT,"That is correct. Once the reversal clears, you can retry the transfer and it will go through cleanly. Is there anything else I can help you with today?",golden,RESOLVED_SUPPORT,failed_transaction_resolved,Nigeria/OPay,resolved,anxious -> reassured,neutral_positive_throughout,failed_transaction,0.0,0.862,0.138,0.4588
GS_036,13,CUSTOMER,"No, that's all. Thank you so much.",golden,RESOLVED_SUPPORT,failed_transaction_resolved,Nigeria/OPay,resolved,anxious -> reassured,neutral_positive_throughout,failed_transaction,0.227,0.515,0.258,0.0772
GS_036,14,AGENT,"You're very welcome, Chiamaka, I'm glad we could give you clarity on this. Have a good evening.",golden,RESOLVED_SUPPORT,failed_transaction_resolved,Nigeria/OPay,resolved,anxious -> reassured,neutral_positive_throughout,failed_transaction,0.0,0.502,0.498,0.8977
GS_036,15,CUSTOMER,You too. Bye.,golden,RESOLVED_SUPPORT,failed_transaction_resolved,Nigeria/OPay,resolved,anxious -> reassured,neutral_positive_throughout,failed_transaction,0.0,1.0,0.0,0.0
GS_036,16,AGENT,"Goodbye, and take care.",golden,RESOLVED_SUPPORT,failed_transaction_resolved,Nigeria/OPay,resolved,anxious -> reassured,neutral_positive_throughout,failed_transaction,0.0,0.484,0.516,0.4939
GS_037,0,AGENT,"Good afternoon, thank you for calling Absa Kenya, my name is David, how may I help you today?",golden,RESOLVED_SUPPORT,failed_transaction_resolved,Kenya/Absa Kenya,resolved,anxious -> reassured,neutral_positive_throughout,failed_transaction,0.0,0.633,0.367,0.7964
GS_037,1,CUSTOMER,"David, good afternoon. My name is Owino. I need urgent help. I made a transfer of KSh 6,453 to my brother earlier this morning. The transaction showed as failed on my end, but I'm not sure if the money left my account or if it's just gone. I've been worried about this.",golden,RESOLVED_SUPPORT,failed_transaction_resolved,Kenya/Absa Kenya,resolved,anxious -> reassured,neutral_positive_throughout,failed_transaction,0.133,0.773,0.094,-0.4927
GS_037,2,AGENT,"Good afternoon, Owino. I understand this is stressful and I will look into this for you right now. Can you please confirm your registered phone number and the last four digits of your account number so I can pull up your account?",golden,RESOLVED_SUPPORT,failed_transaction_resolved,Kenya/Absa Kenya,resolved,anxious -> reassured,neutral_positive_throughout,failed_transaction,0.073,0.754,0.173,0.3612
GS_037,3,CUSTOMER,Asante. 0718 743 567. Account ends in 5892.,golden,RESOLVED_SUPPORT,failed_transaction_resolved,Kenya/Absa Kenya,resolved,anxious -> reassured,neutral_positive_throughout,failed_transaction,0.0,1.0,0.0,0.0
GS_037,4,AGENT,"Thank you, Owino. I have your account open now. One moment while I check the transaction.",golden,RESOLVED_SUPPORT,failed_transaction_resolved,Kenya/Absa Kenya,resolved,anxious -> reassured,neutral_positive_throughout,failed_transaction,0.0,0.839,0.161,0.3612
GS_037,5,CUSTOMER,"This is really stressful, I needed that money today.",golden,RESOLVED_SUPPORT,failed_transaction_resolved,Kenya/Absa Kenya,resolved,anxious -> reassured,neutral_positive_throughout,failed_transaction,0.339,0.661,0.0,-0.5563
GS_037,6,AGENT,"I completely understand, and I'll make sure this is resolved before we end the call.",golden,RESOLVED_SUPPORT,failed_transaction_resolved,Kenya/Absa Kenya,resolved,anxious -> reassured,neutral_positive_throughout,failed_transaction,0.0,0.75,0.25,0.4588
GS_037,7,CUSTOMER,"Okay, please.",golden,RESOLVED_SUPPORT,failed_transaction_resolved,Kenya/Absa Kenya,resolved,anxious -> reassured,neutral_positive_throughout,failed_transaction,0.0,0.0,1.0,0.4939
GS_037,8,AGENT,I can confirm the transaction genuinely did not go through on our side — no funds left your account at all. Your balance is untouched.,golden,RESOLVED_SUPPORT,failed_transaction_resolved,Kenya/Absa Kenya,resolved,anxious -> reassured,neutral_positive_throughout,failed_transaction,0.091,0.909,0.0,-0.296
GS_037,9,CUSTOMER,Are you sure? Because the app showed the amount was deducted for a moment.,golden,RESOLVED_SUPPORT,failed_transaction_resolved,Kenya/Absa Kenya,resolved,anxious -> reassured,neutral_positive_throughout,failed_transaction,0.0,0.839,0.161,0.3182
GS_037,10,AGENT,"That can happen when a transaction is pending confirmation before it fails — it briefly shows as a hold, but it was released automatically since the transfer didn't complete. Your available balance reflects that already.",golden,RESOLVED_SUPPORT,failed_transaction_resolved,Kenya/Absa Kenya,resolved,anxious -> reassured,neutral_positive_throughout,failed_transaction,0.058,0.942,0.0,-0.2263
GS_037,11,CUSTOMER,"Okay, let me check my balance now... yes, I can see it's correct. That's a relief.",golden,RESOLVED_SUPPORT,failed_transaction_resolved,Kenya/Absa Kenya,resolved,anxious -> reassured,neutral_positive_throughout,failed_transaction,0.0,0.588,0.412,0.7717
GS_037,12,AGENT,I'm glad that's cleared up for you. Is there anything else I can help you with today?,golden,RESOLVED_SUPPORT,failed_transaction_resolved,Kenya/Absa Kenya,resolved,anxious -> reassured,neutral_positive_throughout,failed_transaction,0.0,0.647,0.353,0.7269
GS_037,13,CUSTOMER,"No, that's all. Thank you so much.",golden,RESOLVED_SUPPORT,failed_transaction_resolved,Kenya/Absa Kenya,resolved,anxious -> reassured,neutral_positive_throughout,failed_transaction,0.227,0.515,0.258,0.0772
GS_037,14,AGENT,"You're very welcome, Owino, I'm glad we could give you clarity on this. Have a good evening.",golden,RESOLVED_SUPPORT,failed_transaction_resolved,Kenya/Absa Kenya,resolved,anxious -> reassured,neutral_positive_throughout,failed_transaction,0.0,0.502,0.498,0.8977
GS_037,15,CUSTOMER,You too. Bye.,golden,RESOLVED_SUPPORT,failed_transaction_resolved,Kenya/Absa Kenya,resolved,anxious -> reassured,neutral_positive_throughout,failed_transaction,0.0,1.0,0.0,0.0
GS_037,16,AGENT,"Goodbye, and take care.",golden,RESOLVED_SUPPORT,failed_transaction_resolved,Kenya/Absa Kenya,resolved,anxious -> reassured,neutral_positive_throughout,failed_transaction,0.0,0.484,0.516,0.4939
GS_038,0,AGENT,"Good afternoon, thank you for calling Mashreq Neo, my name is Ifeanyi, how may I help you today?",golden,RESOLVED_SUPPORT,failed_transaction_resolved,Gulf/UAE/Mashreq Neo,resolved,anxious -> reassured,neutral_positive_throughout,failed_transaction,0.0,0.633,0.367,0.7964
GS_038,1,CUSTOMER,"Ifeanyi, good afternoon. My name is Omar. I need urgent help. I made a transfer of AED 1,381 to a supplier earlier this morning. The transaction showed as failed on my end, but I'm not sure if the money left my account or if it's just gone. I've been worried about this.",golden,RESOLVED_SUPPORT,failed_transaction_resolved,Gulf/UAE/Mashreq Neo,resolved,anxious -> reassured,neutral_positive_throughout,failed_transaction,0.135,0.769,0.095,-0.4927
GS_038,2,AGENT,"Good afternoon, Omar. I understand this is stressful and I will look into this for you right now. Can you please confirm your registered phone number and the last four digits of your account number so I can pull up your account?",golden,RESOLVED_SUPPORT,failed_transaction_resolved,Gulf/UAE/Mashreq Neo,resolved,anxious -> reassured,neutral_positive_throughout,failed_transaction,0.073,0.754,0.173,0.3612
GS_038,3,CUSTOMER,Shukran. 050 682 3153. Account ends in 6079.,golden,RESOLVED_SUPPORT,failed_transaction_resolved,Gulf/UAE/Mashreq Neo,resolved,anxious -> reassured,neutral_positive_throughout,failed_transaction,0.0,1.0,0.0,0.0
GS_038,4,AGENT,"Thank you, Omar. I have your account open now. One moment while I check the transaction.",golden,RESOLVED_SUPPORT,failed_transaction_resolved,Gulf/UAE/Mashreq Neo,resolved,anxious -> reassured,neutral_positive_throughout,failed_transaction,0.0,0.839,0.161,0.3612
GS_038,5,CUSTOMER,"Okay, please.",golden,RESOLVED_SUPPORT,failed_transaction_resolved,Gulf/UAE/Mashreq Neo,resolved,anxious -> reassured,neutral_positive_throughout,failed_transaction,0.0,0.0,1.0,0.4939
GS_038,6,AGENT,"I can see the AED 1,381 did leave your account, but it never reached the recipient — it's currently sitting in our clearing account because the transaction failed to settle on the receiving end.",golden,RESOLVED_SUPPORT,failed_transaction_resolved,Gulf/UAE/Mashreq Neo,resolved,anxious -> reassured,neutral_positive_throughout,failed_transaction,0.194,0.806,0.0,-0.7179
GS_038,7,CUSTOMER,Okay so the money didn't just disappear? It is somewhere?,golden,RESOLVED_SUPPORT,failed_transaction_resolved,Gulf/UAE/Mashreq Neo,resolved,anxious -> reassured,neutral_positive_throughout,failed_transaction,0.0,0.671,0.329,0.4453
GS_038,8,AGENT,"Correct — it is not lost. Because the transaction failed at the settlement stage, the funds are sitting in a clearing account and will be reversed back to your account. I am initiating that reversal now.",golden,RESOLVED_SUPPORT,failed_transaction_resolved,Gulf/UAE/Mashreq Neo,resolved,anxious -> reassured,neutral_positive_throughout,failed_transaction,0.091,0.855,0.054,-0.3265
GS_038,9,CUSTOMER,"So where is my money right now, and how do I get it back?",golden,RESOLVED_SUPPORT,failed_transaction_resolved,Gulf/UAE/Mashreq Neo,resolved,anxious -> reassured,neutral_positive_throughout,failed_transaction,0.0,1.0,0.0,0.0
GS_038,10,AGENT,"I'm reversing it back to your account right now. This is an internal reversal, so it should reflect within 24 to 48 hours. Your reference number is MQ-TXN-20260726-7179, and you'll receive an SMS confirmation.",golden,RESOLVED_SUPPORT,failed_transaction_resolved,Gulf/UAE/Mashreq Neo,resolved,anxious -> reassured,neutral_positive_throughout,failed_transaction,0.0,0.962,0.038,0.0772
GS_038,11,CUSTOMER,"Okay, MQ-TXN-20260726-7179. So by tomorrow or the day after at the latest?",golden,RESOLVED_SUPPORT,failed_transaction_resolved,Gulf/UAE/Mashreq Neo,resolved,anxious -> reassured,neutral_positive_throughout,failed_transaction,0.0,0.853,0.147,0.2263
GS_038,12,AGENT,"That is correct. Once the reversal clears, you can retry the transfer and it will go through cleanly. Is there anything else I can help you with today?",golden,RESOLVED_SUPPORT,failed_transaction_resolved,Gulf/UAE/Mashreq Neo,resolved,anxious -> reassured,neutral_positive_throughout,failed_transaction,0.0,0.862,0.138,0.4588
GS_038,13,CUSTOMER,How do I make sure this doesn't happen again next time?,golden,RESOLVED_SUPPORT,failed_transaction_resolved,Gulf/UAE/Mashreq Neo,resolved,anxious -> reassured,neutral_positive_throughout,failed_transaction,0.0,0.796,0.204,0.3182
GS_038,14,AGENT,"This was a one-off settlement issue on the receiving end, not something on your account — there's nothing you need to change on your side.",golden,RESOLVED_SUPPORT,failed_transaction_resolved,Gulf/UAE/Mashreq Neo,resolved,anxious -> reassured,neutral_positive_throughout,failed_transaction,0.0,1.0,0.0,0.0
GS_038,15,CUSTOMER,"No, that's all. Thank you so much.",golden,RESOLVED_SUPPORT,failed_transaction_resolved,Gulf/UAE/Mashreq Neo,resolved,anxious -> reassured,neutral_positive_throughout,failed_transaction,0.227,0.515,0.258,0.0772
GS_038,16,AGENT,"You're very welcome, Omar, I'm glad we could give you clarity on this. Have a good evening.",golden,RESOLVED_SUPPORT,failed_transaction_resolved,Gulf/UAE/Mashreq Neo,resolved,anxious -> reassured,neutral_positive_throughout,failed_transaction,0.0,0.502,0.498,0.8977
GS_038,17,CUSTOMER,You too. Bye.,golden,RESOLVED_SUPPORT,failed_transaction_resolved,Gulf/UAE/Mashreq Neo,resolved,anxious -> reassured,neutral_positive_throughout,failed_transaction,0.0,1.0,0.0,0.0
GS_038,18,AGENT,"Goodbye, and take care.",golden,RESOLVED_SUPPORT,failed_transaction_resolved,Gulf/UAE/Mashreq Neo,resolved,anxious -> reassured,neutral_positive_throughout,failed_transaction,0.0,0.484,0.516,0.4939
GS_039,0,AGENT,"Good afternoon, thank you for calling GTBank, my name is Grace, how may I help you today?",golden,RESOLVED_SUPPORT,failed_transaction_resolved,Nigeria/GTBank,resolved,anxious -> reassured,neutral_positive_throughout,failed_transaction,0.0,0.524,0.476,0.872
GS_039,1,CUSTOMER,"Grace, good afternoon. My name is Ifeoma. I need urgent help. I made a transfer of ₦33,523 to my landlord earlier this morning. The transaction showed as failed on my end, but I'm not sure if the money left my account or if it's just gone. I've been worried about this.",golden,RESOLVED_SUPPORT,failed_transaction_resolved,Nigeria/GTBank,resolved,anxious -> reassured,neutral_positive_throughout,failed_transaction,0.133,0.739,0.128,-0.3167
GS_039,2,AGENT,"Good afternoon, Ifeoma. I understand this is stressful and I will look into this for you right now. Can you please confirm your registered phone number and the last four digits of your account number so I can pull up your account?",golden,RESOLVED_SUPPORT,failed_transaction_resolved,Nigeria/GTBank,resolved,anxious -> reassured,neutral_positive_throughout,failed_transaction,0.073,0.754,0.173,0.3612
GS_039,3,CUSTOMER,Abeg. 0916401692. Account ends in 6468.,golden,RESOLVED_SUPPORT,failed_transaction_resolved,Nigeria/GTBank,resolved,anxious -> reassured,neutral_positive_throughout,failed_transaction,0.0,1.0,0.0,0.0
GS_039,4,AGENT,"Thank you, Ifeoma. I have your account open now. One moment while I check the transaction.",golden,RESOLVED_SUPPORT,failed_transaction_resolved,Nigeria/GTBank,resolved,anxious -> reassured,neutral_positive_throughout,failed_transaction,0.0,0.839,0.161,0.3612
GS_039,5,CUSTOMER,"Okay, please.",golden,RESOLVED_SUPPORT,failed_transaction_resolved,Nigeria/GTBank,resolved,anxious -> reassured,neutral_positive_throughout,failed_transaction,0.0,0.0,1.0,0.4939
GS_039,6,AGENT,I can confirm the transaction genuinely did not go through on our side — no funds left your account at all. Your balance is untouched.,golden,RESOLVED_SUPPORT,failed_transaction_resolved,Nigeria/GTBank,resolved,anxious -> reassured,neutral_positive_throughout,failed_transaction,0.091,0.909,0.0,-0.296
GS_039,7,CUSTOMER,Are you sure? Because the app showed the amount was deducted for a moment.,golden,RESOLVED_SUPPORT,failed_transaction_resolved,Nigeria/GTBank,resolved,anxious -> reassured,neutral_positive_throughout,failed_transaction,0.0,0.839,0.161,0.3182
GS_039,8,AGENT,"That can happen when a transaction is pending confirmation before it fails — it briefly shows as a hold, but it was released automatically since the transfer didn't complete. Your available balance reflects that already.",golden,RESOLVED_SUPPORT,failed_transaction_resolved,Nigeria/GTBank,resolved,anxious -> reassured,neutral_positive_throughout,failed_transaction,0.058,0.942,0.0,-0.2263
GS_039,9,CUSTOMER,"Okay, let me check my balance now... yes, I can see it's correct. That's a relief.",golden,RESOLVED_SUPPORT,failed_transaction_resolved,Nigeria/GTBank,resolved,anxious -> reassured,neutral_positive_throughout,failed_transaction,0.0,0.588,0.412,0.7717
GS_039,10,AGENT,I'm glad that's cleared up for you. Is there anything else I can help you with today?,golden,RESOLVED_SUPPORT,failed_transaction_resolved,Nigeria/GTBank,resolved,anxious -> reassured,neutral_positive_throughout,failed_transaction,0.0,0.647,0.353,0.7269
GS_039,11,CUSTOMER,"No, that's all. Thank you so much.",golden,RESOLVED_SUPPORT,failed_transaction_resolved,Nigeria/GTBank,resolved,anxious -> reassured,neutral_positive_throughout,failed_transaction,0.227,0.515,0.258,0.0772
GS_039,12,AGENT,"You're very welcome, Ifeoma, I'm glad we could give you clarity on this. Have a good evening.",golden,RESOLVED_SUPPORT,failed_transaction_resolved,Nigeria/GTBank,resolved,anxious -> reassured,neutral_positive_throughout,failed_transaction,0.0,0.502,0.498,0.8977
GS_039,13,CUSTOMER,You too. Bye.,golden,RESOLVED_SUPPORT,failed_transaction_resolved,Nigeria/GTBank,resolved,anxious -> reassured,neutral_positive_throughout,failed_transaction,0.0,1.0,0.0,0.0
GS_039,14,AGENT,"Goodbye, and take care.",golden,RESOLVED_SUPPORT,failed_transaction_resolved,Nigeria/GTBank,resolved,anxious -> reassured,neutral_positive_throughout,failed_transaction,0.0,0.484,0.516,0.4939
GS_040,0,AGENT,"Good afternoon, thank you for calling GTBank, my name is Kelechi, how may I help you today?",golden,RESOLVED_SUPPORT,account_access_resolved,Nigeria/GTBank,resolved,frustrated -> relieved,neutral_positive_throughout,account_access,0.0,0.616,0.384,0.7964
GS_040,1,CUSTOMER,"Kelechi, good afternoon. My name is Yetunde. I've been trying to log into my account since this morning and it is completely locked. I have an urgent payment to make and I cannot access anything.",golden,RESOLVED_SUPPORT,account_access_resolved,Nigeria/GTBank,resolved,frustrated -> relieved,neutral_positive_throughout,account_access,0.0,0.868,0.132,0.5719
GS_040,2,AGENT,"Good afternoon, Yetunde. I'm sorry to hear this and I understand how urgent this is. Before I can access your details, I need to verify your identity. Can you please confirm your registered phone number and your BVN?",golden,RESOLVED_SUPPORT,account_access_resolved,Nigeria/GTBank,resolved,frustrated -> relieved,neutral_positive_throughout,account_access,0.033,0.758,0.21,0.7184
GS_040,3,CUSTOMER,Abeg. 0702115938. 61624721683.,golden,RESOLVED_SUPPORT,account_access_resolved,Nigeria/GTBank,resolved,frustrated -> relieved,neutral_positive_throughout,account_access,0.0,1.0,0.0,0.0
GS_040,4,AGENT,"Thank you, Yetunde. One moment while I pull up your account. I can see that your access was frozen this morning as a security precaution, triggered by a login attempt from a device we didn't recognize.",golden,RESOLVED_SUPPORT,account_access_resolved,Nigeria/GTBank,resolved,frustrated -> relieved,neutral_positive_throughout,account_access,0.0,0.855,0.145,0.5994
GS_040,5,CUSTOMER,That was me — I was using a colleague's phone because mine had no charge.,golden,RESOLVED_SUPPORT,account_access_resolved,Nigeria/GTBank,resolved,frustrated -> relieved,neutral_positive_throughout,account_access,0.167,0.833,0.0,-0.296
GS_040,6,AGENT,Understood — that explains it. This kind of thing triggers an automatic freeze as a security measure. I'll need to complete a secondary verification before I can restore your access. I'm going to ask you three security questions — please answer exactly as you registered.,golden,RESOLVED_SUPPORT,account_access_resolved,Nigeria/GTBank,resolved,frustrated -> relieved,neutral_positive_throughout,account_access,0.0,0.769,0.231,0.8176
GS_040,7,CUSTOMER,Is my account actually safe though? Should I be worried?,golden,RESOLVED_SUPPORT,account_access_resolved,Nigeria/GTBank,resolved,frustrated -> relieved,neutral_positive_throughout,account_access,0.177,0.562,0.262,0.264
GS_040,8,AGENT,"There's no indication of unauthorized access — this was a precautionary freeze, not a confirmed breach. Your funds were never at risk.",golden,RESOLVED_SUPPORT,account_access_resolved,Nigeria/GTBank,resolved,frustrated -> relieved,neutral_positive_throughout,account_access,0.104,0.754,0.142,-0.048
GS_040,9,CUSTOMER,"Okay, go ahead.",golden,RESOLVED_SUPPORT,account_access_resolved,Nigeria/GTBank,resolved,frustrated -> relieved,neutral_positive_throughout,account_access,0.0,0.513,0.487,0.2263
GS_040,10,AGENT,First — what is the name of the primary beneficiary on your account?,golden,RESOLVED_SUPPORT,account_access_resolved,Nigeria/GTBank,resolved,frustrated -> relieved,neutral_positive_throughout,account_access,0.0,0.78,0.22,0.4767
GS_040,11,CUSTOMER,Amaka.,golden,RESOLVED_SUPPORT,account_access_resolved,Nigeria/GTBank,resolved,frustrated -> relieved,neutral_positive_throughout,account_access,0.0,1.0,0.0,0.0
GS_040,12,AGENT,Correct. Second — what was the amount of your last inward transfer to this account?,golden,RESOLVED_SUPPORT,account_access_resolved,Nigeria/GTBank,resolved,frustrated -> relieved,neutral_positive_throughout,account_access,0.0,1.0,0.0,0.0
GS_040,13,CUSTOMER,"₦13,482.",golden,RESOLVED_SUPPORT,account_access_resolved,Nigeria/GTBank,resolved,frustrated -> relieved,neutral_positive_throughout,account_access,0.0,1.0,0.0,0.0
GS_040,14,AGENT,Correct. Third — can you confirm the main branch?,golden,RESOLVED_SUPPORT,account_access_resolved,Nigeria/GTBank,resolved,frustrated -> relieved,neutral_positive_throughout,account_access,0.0,1.0,0.0,0.0
GS_040,15,CUSTOMER,"Yes, that's correct.",golden,RESOLVED_SUPPORT,account_access_resolved,Nigeria/GTBank,resolved,frustrated -> relieved,neutral_positive_throughout,account_access,0.0,0.426,0.574,0.4019
GS_040,16,AGENT,"Thank you, Yetunde. All three verified. I'm restoring your access now — this will take approximately sixty seconds. Your reference number for this is GT-ACC-20260813-8845.",golden,RESOLVED_SUPPORT,account_access_resolved,Nigeria/GTBank,resolved,frustrated -> relieved,neutral_positive_throughout,account_access,0.0,0.778,0.222,0.6124
GS_040,17,CUSTOMER,"Okay, thank you.",golden,RESOLVED_SUPPORT,account_access_resolved,Nigeria/GTBank,resolved,frustrated -> relieved,neutral_positive_throughout,account_access,0.0,0.185,0.815,0.5267
GS_040,18,AGENT,"Your access has been restored. Can you try logging in now while we're still on the call, just to confirm everything is working?",golden,RESOLVED_SUPPORT,account_access_resolved,Nigeria/GTBank,resolved,frustrated -> relieved,neutral_positive_throughout,account_access,0.0,0.902,0.098,0.34
GS_040,19,CUSTOMER,"One moment... yes! I'm in, I can see my dashboard now. Thank you so much.",golden,RESOLVED_SUPPORT,account_access_resolved,Nigeria/GTBank,resolved,frustrated -> relieved,neutral_positive_throughout,account_access,0.0,0.686,0.314,0.6696
GS_040,20,AGENT,"Perfect. For your security, the earlier session has been terminated and won't be able to access your account again. Is there anything else I can help you with today?",golden,RESOLVED_SUPPORT,account_access_resolved,Nigeria/GTBank,resolved,frustrated -> relieved,neutral_positive_throughout,account_access,0.0,0.74,0.26,0.8316
GS_040,21,CUSTOMER,"No, that's all, thank you.",golden,RESOLVED_SUPPORT,account_access_resolved,Nigeria/GTBank,resolved,frustrated -> relieved,neutral_positive_throughout,account_access,0.286,0.39,0.325,0.0772
GS_040,22,AGENT,"You're very welcome, Yetunde. I'm glad we could resolve this for you quickly.",golden,RESOLVED_SUPPORT,account_access_resolved,Nigeria/GTBank,resolved,frustrated -> relieved,neutral_positive_throughout,account_access,0.0,0.529,0.471,0.8357
GS_040,23,CUSTOMER,Thank you. Goodbye.,golden,RESOLVED_SUPPORT,account_access_resolved,Nigeria/GTBank,resolved,frustrated -> relieved,neutral_positive_throughout,account_access,0.0,0.444,0.556,0.3612
GS_040,24,AGENT,"Goodbye, take care.",golden,RESOLVED_SUPPORT,account_access_resolved,Nigeria/GTBank,resolved,frustrated -> relieved,neutral_positive_throughout,account_access,0.0,0.385,0.615,0.4939
GS_041,0,AGENT,"Good afternoon, thank you for calling Absa Kenya, my name is Grace, how may I help you today?",golden,RESOLVED_SUPPORT,account_access_resolved,Kenya/Absa Kenya,resolved,frustrated -> relieved,neutral_positive_throughout,account_access,0.0,0.544,0.456,0.872
GS_041,1,CUSTOMER,"Grace, good afternoon. My name is Njeri. I've been trying to log into my account since this morning and it is completely locked. I have an urgent payment to make and I cannot access anything.",golden,RESOLVED_SUPPORT,account_access_resolved,Kenya/Absa Kenya,resolved,frustrated -> relieved,neutral_positive_throughout,account_access,0.0,0.8,0.2,0.7579
GS_041,2,AGENT,"Good afternoon, Njeri. I'm sorry to hear this and I understand how urgent this is. Before I can access your details, I need to verify your identity. Can you please confirm your registered phone number and your national ID number?",golden,RESOLVED_SUPPORT,account_access_resolved,Kenya/Absa Kenya,resolved,frustrated -> relieved,neutral_positive_throughout,account_access,0.031,0.74,0.229,0.743
GS_041,3,CUSTOMER,Sawa. 0736 756 926. 18732680.,golden,RESOLVED_SUPPORT,account_access_resolved,Kenya/Absa Kenya,resolved,frustrated -> relieved,neutral_positive_throughout,account_access,0.0,1.0,0.0,0.0
GS_041,4,AGENT,"Thank you, Njeri. One moment while I pull up your account. I can see that your access was frozen this morning as a security precaution, triggered by a login from a location that didn't match your usual pattern.",golden,RESOLVED_SUPPORT,account_access_resolved,Kenya/Absa Kenya,resolved,frustrated -> relieved,neutral_positive_throughout,account_access,0.0,0.864,0.136,0.5994
GS_041,5,CUSTOMER,"That was me, I'm travelling for work this week, that's probably why.",golden,RESOLVED_SUPPORT,account_access_resolved,Kenya/Absa Kenya,resolved,frustrated -> relieved,neutral_positive_throughout,account_access,0.0,1.0,0.0,0.0
GS_041,6,AGENT,Understood — that explains it. This kind of thing triggers an automatic freeze as a security measure. I'll need to complete a secondary verification before I can restore your access. I'm going to ask you three security questions — please answer exactly as you registered.,golden,RESOLVED_SUPPORT,account_access_resolved,Kenya/Absa Kenya,resolved,frustrated -> relieved,neutral_positive_throughout,account_access,0.0,0.769,0.231,0.8176
GS_041,7,CUSTOMER,"Okay, go ahead.",golden,RESOLVED_SUPPORT,account_access_resolved,Kenya/Absa Kenya,resolved,frustrated -> relieved,neutral_positive_throughout,account_access,0.0,0.513,0.487,0.2263
GS_041,8,AGENT,First — what is the name of the primary beneficiary on your account?,golden,RESOLVED_SUPPORT,account_access_resolved,Kenya/Absa Kenya,resolved,frustrated -> relieved,neutral_positive_throughout,account_access,0.0,0.78,0.22,0.4767
GS_041,9,CUSTOMER,Njeri.,golden,RESOLVED_SUPPORT,account_access_resolved,Kenya/Absa Kenya,resolved,frustrated -> relieved,neutral_positive_throughout,account_access,0.0,1.0,0.0,0.0
GS_041,10,AGENT,Correct. Second — what was the amount of your last inward transfer to this account?,golden,RESOLVED_SUPPORT,account_access_resolved,Kenya/Absa Kenya,resolved,frustrated -> relieved,neutral_positive_throughout,account_access,0.0,1.0,0.0,0.0
GS_041,11,CUSTOMER,"KSh 10,338.",golden,RESOLVED_SUPPORT,account_access_resolved,Kenya/Absa Kenya,resolved,frustrated -> relieved,neutral_positive_throughout,account_access,0.0,1.0,0.0,0.0
GS_041,12,AGENT,Correct. Third — can you confirm the main branch?,golden,RESOLVED_SUPPORT,account_access_resolved,Kenya/Absa Kenya,resolved,frustrated -> relieved,neutral_positive_throughout,account_access,0.0,1.0,0.0,0.0
GS_041,13,CUSTOMER,"Yes, that's correct.",golden,RESOLVED_SUPPORT,account_access_resolved,Kenya/Absa Kenya,resolved,frustrated -> relieved,neutral_positive_throughout,account_access,0.0,0.426,0.574,0.4019
GS_041,14,AGENT,"Thank you, Njeri. All three verified. I'm restoring your access now — this will take approximately sixty seconds. Your reference number for this is ABSA-ACC-20260609-4512.",golden,RESOLVED_SUPPORT,account_access_resolved,Kenya/Absa Kenya,resolved,frustrated -> relieved,neutral_positive_throughout,account_access,0.0,0.778,0.222,0.6124
GS_041,15,CUSTOMER,"Okay, thank you.",golden,RESOLVED_SUPPORT,account_access_resolved,Kenya/Absa Kenya,resolved,frustrated -> relieved,neutral_positive_throughout,account_access,0.0,0.185,0.815,0.5267
GS_041,16,AGENT,"Your access has been restored. Can you try logging in now while we're still on the call, just to confirm everything is working?",golden,RESOLVED_SUPPORT,account_access_resolved,Kenya/Absa Kenya,resolved,frustrated -> relieved,neutral_positive_throughout,account_access,0.0,0.902,0.098,0.34
GS_041,17,CUSTOMER,"One moment... yes! I'm in, I can see my dashboard now. Thank you so much.",golden,RESOLVED_SUPPORT,account_access_resolved,Kenya/Absa Kenya,resolved,frustrated -> relieved,neutral_positive_throughout,account_access,0.0,0.686,0.314,0.6696
GS_041,18,AGENT,"Perfect. For your security, the earlier session has been terminated and won't be able to access your account again. Is there anything else I can help you with today?",golden,RESOLVED_SUPPORT,account_access_resolved,Kenya/Absa Kenya,resolved,frustrated -> relieved,neutral_positive_throughout,account_access,0.0,0.74,0.26,0.8316
GS_041,19,CUSTOMER,"No, that's all, thank you.",golden,RESOLVED_SUPPORT,account_access_resolved,Kenya/Absa Kenya,resolved,frustrated -> relieved,neutral_positive_throughout,account_access,0.286,0.39,0.325,0.0772
GS_041,20,AGENT,"You're very welcome, Njeri. I'm glad we could resolve this for you quickly.",golden,RESOLVED_SUPPORT,account_access_resolved,Kenya/Absa Kenya,resolved,frustrated -> relieved,neutral_positive_throughout,account_access,0.0,0.529,0.471,0.8357
GS_041,21,CUSTOMER,Thank you. Goodbye.,golden,RESOLVED_SUPPORT,account_access_resolved,Kenya/Absa Kenya,resolved,frustrated -> relieved,neutral_positive_throughout,account_access,0.0,0.444,0.556,0.3612
GS_041,22,AGENT,"Goodbye, take care.",golden,RESOLVED_SUPPORT,account_access_resolved,Kenya/Absa Kenya,resolved,frustrated -> relieved,neutral_positive_throughout,account_access,0.0,0.385,0.615,0.4939
GS_042,0,AGENT,"Good afternoon, thank you for calling ADCB, my name is Michael, how may I help you today?",golden,RESOLVED_SUPPORT,account_access_resolved,Gulf/UAE/ADCB,resolved,frustrated -> relieved,neutral_positive_throughout,account_access,0.0,0.616,0.384,0.7964
GS_042,1,CUSTOMER,"Michael, good afternoon. My name is Ahmed. I've been trying to log into my account since this morning and it is completely locked. I have an urgent payment to make and I cannot access anything.",golden,RESOLVED_SUPPORT,account_access_resolved,Gulf/UAE/ADCB,resolved,frustrated -> relieved,neutral_positive_throughout,account_access,0.0,0.868,0.132,0.5719
GS_042,2,AGENT,"Good afternoon, Ahmed. I'm sorry to hear this and I understand how urgent this is. Before I can access your details, I need to verify your identity. Can you please confirm your registered phone number and your Emirates ID number?",golden,RESOLVED_SUPPORT,account_access_resolved,Gulf/UAE/ADCB,resolved,frustrated -> relieved,neutral_positive_throughout,account_access,0.031,0.74,0.229,0.743
GS_042,3,CUSTOMER,Shukran. 052 353 8759. 784-1988-2498980-9.,golden,RESOLVED_SUPPORT,account_access_resolved,Gulf/UAE/ADCB,resolved,frustrated -> relieved,neutral_positive_throughout,account_access,0.0,1.0,0.0,0.0
GS_042,4,AGENT,"Thank you, Ahmed. One moment while I pull up your account. I can see that your access was frozen this morning as a security precaution, triggered by several incorrect PIN attempts in a short window.",golden,RESOLVED_SUPPORT,account_access_resolved,Gulf/UAE/ADCB,resolved,frustrated -> relieved,neutral_positive_throughout,account_access,0.0,0.855,0.145,0.5994
GS_042,5,CUSTOMER,"That's my fault, I mistyped my PIN a few times this morning, sorry about that.",golden,RESOLVED_SUPPORT,account_access_resolved,Gulf/UAE/ADCB,resolved,frustrated -> relieved,neutral_positive_throughout,account_access,0.267,0.733,0.0,-0.4588
GS_042,6,AGENT,Understood — that explains it. This kind of thing triggers an automatic freeze as a security measure. I'll need to complete a secondary verification before I can restore your access. I'm going to ask you three security questions — please answer exactly as you registered.,golden,RESOLVED_SUPPORT,account_access_resolved,Gulf/UAE/ADCB,resolved,frustrated -> relieved,neutral_positive_throughout,account_access,0.0,0.769,0.231,0.8176
GS_042,7,CUSTOMER,"Okay, go ahead.",golden,RESOLVED_SUPPORT,account_access_resolved,Gulf/UAE/ADCB,resolved,frustrated -> relieved,neutral_positive_throughout,account_access,0.0,0.513,0.487,0.2263
GS_042,8,AGENT,First — what is the name of the primary beneficiary on your account?,golden,RESOLVED_SUPPORT,account_access_resolved,Gulf/UAE/ADCB,resolved,frustrated -> relieved,neutral_positive_throughout,account_access,0.0,0.78,0.22,0.4767
GS_042,9,CUSTOMER,Aisha.,golden,RESOLVED_SUPPORT,account_access_resolved,Gulf/UAE/ADCB,resolved,frustrated -> relieved,neutral_positive_throughout,account_access,0.0,1.0,0.0,0.0
GS_042,10,AGENT,Correct. Second — what was the amount of your last inward transfer to this account?,golden,RESOLVED_SUPPORT,account_access_resolved,Gulf/UAE/ADCB,resolved,frustrated -> relieved,neutral_positive_throughout,account_access,0.0,1.0,0.0,0.0
GS_042,11,CUSTOMER,AED 329.,golden,RESOLVED_SUPPORT,account_access_resolved,Gulf/UAE/ADCB,resolved,frustrated -> relieved,neutral_positive_throughout,account_access,0.0,1.0,0.0,0.0
GS_042,12,AGENT,Correct. Third — can you confirm the downtown branch?,golden,RESOLVED_SUPPORT,account_access_resolved,Gulf/UAE/ADCB,resolved,frustrated -> relieved,neutral_positive_throughout,account_access,0.0,1.0,0.0,0.0
GS_042,13,CUSTOMER,"Yes, that's correct.",golden,RESOLVED_SUPPORT,account_access_resolved,Gulf/UAE/ADCB,resolved,frustrated -> relieved,neutral_positive_throughout,account_access,0.0,0.426,0.574,0.4019
GS_042,14,AGENT,"Thank you, Ahmed. All three verified. I'm restoring your access now — this will take approximately sixty seconds. Your reference number for this is ADCB-ACC-20260722-7355.",golden,RESOLVED_SUPPORT,account_access_resolved,Gulf/UAE/ADCB,resolved,frustrated -> relieved,neutral_positive_throughout,account_access,0.0,0.778,0.222,0.6124
GS_042,15,CUSTOMER,"Okay, thank you.",golden,RESOLVED_SUPPORT,account_access_resolved,Gulf/UAE/ADCB,resolved,frustrated -> relieved,neutral_positive_throughout,account_access,0.0,0.185,0.815,0.5267
GS_042,16,AGENT,"Your access has been restored. Can you try logging in now while we're still on the call, just to confirm everything is working?",golden,RESOLVED_SUPPORT,account_access_resolved,Gulf/UAE/ADCB,resolved,frustrated -> relieved,neutral_positive_throughout,account_access,0.0,0.902,0.098,0.34
GS_042,17,CUSTOMER,"One moment... yes! I'm in, I can see my dashboard now. Thank you so much.",golden,RESOLVED_SUPPORT,account_access_resolved,Gulf/UAE/ADCB,resolved,frustrated -> relieved,neutral_positive_throughout,account_access,0.0,0.686,0.314,0.6696
GS_042,18,AGENT,"Perfect. For your security, the earlier session has been terminated and won't be able to access your account again. Is there anything else I can help you with today?",golden,RESOLVED_SUPPORT,account_access_resolved,Gulf/UAE/ADCB,resolved,frustrated -> relieved,neutral_positive_throughout,account_access,0.0,0.74,0.26,0.8316
GS_042,19,CUSTOMER,"No, that's all, thank you.",golden,RESOLVED_SUPPORT,account_access_resolved,Gulf/UAE/ADCB,resolved,frustrated -> relieved,neutral_positive_throughout,account_access,0.286,0.39,0.325,0.0772
GS_042,20,AGENT,"You're very welcome, Ahmed. I'm glad we could resolve this for you quickly.",golden,RESOLVED_SUPPORT,account_access_resolved,Gulf/UAE/ADCB,resolved,frustrated -> relieved,neutral_positive_throughout,account_access,0.0,0.529,0.471,0.8357
GS_042,21,CUSTOMER,Thank you. Goodbye.,golden,RESOLVED_SUPPORT,account_access_resolved,Gulf/UAE/ADCB,resolved,frustrated -> relieved,neutral_positive_throughout,account_access,0.0,0.444,0.556,0.3612
GS_042,22,AGENT,"Goodbye, take care.",golden,RESOLVED_SUPPORT,account_access_resolved,Gulf/UAE/ADCB,resolved,frustrated -> relieved,neutral_positive_throughout,account_access,0.0,0.385,0.615,0.4939
GS_043,0,AGENT,"Good afternoon, thank you for calling OPay, my name is Femi, how may I help you today?",golden,RESOLVED_SUPPORT,account_access_resolved,Nigeria/OPay,resolved,frustrated -> relieved,neutral_positive_throughout,account_access,0.0,0.616,0.384,0.7964
GS_043,1,CUSTOMER,"Femi, good afternoon. My name is Amaka. I've been trying to log into my account since this morning and it is completely locked. I have an urgent payment to make and I cannot access anything.",golden,RESOLVED_SUPPORT,account_access_resolved,Nigeria/OPay,resolved,frustrated -> relieved,neutral_positive_throughout,account_access,0.0,0.868,0.132,0.5719
GS_043,2,AGENT,"Good afternoon, Amaka. I'm sorry to hear this and I understand how urgent this is. Before I can access your details, I need to verify your identity. Can you please confirm your registered phone number and your BVN?",golden,RESOLVED_SUPPORT,account_access_resolved,Nigeria/OPay,resolved,frustrated -> relieved,neutral_positive_throughout,account_access,0.033,0.758,0.21,0.7184
GS_043,3,CUSTOMER,Please o. 0903706510. 49656400240.,golden,RESOLVED_SUPPORT,account_access_resolved,Nigeria/OPay,resolved,frustrated -> relieved,neutral_positive_throughout,account_access,0.0,0.566,0.434,0.3182
GS_043,4,AGENT,"Thank you, Amaka. One moment while I pull up your account. I can see that your access was frozen this morning as a security precaution, triggered by a login attempt from a device we didn't recognize.",golden,RESOLVED_SUPPORT,account_access_resolved,Nigeria/OPay,resolved,frustrated -> relieved,neutral_positive_throughout,account_access,0.0,0.855,0.145,0.5994
GS_043,5,CUSTOMER,That was me — I was using a colleague's phone because mine had no charge.,golden,RESOLVED_SUPPORT,account_access_resolved,Nigeria/OPay,resolved,frustrated -> relieved,neutral_positive_throughout,account_access,0.167,0.833,0.0,-0.296
GS_043,6,AGENT,Understood — that explains it. This kind of thing triggers an automatic freeze as a security measure. I'll need to complete a secondary verification before I can restore your access. I'm going to ask you three security questions — please answer exactly as you registered.,golden,RESOLVED_SUPPORT,account_access_resolved,Nigeria/OPay,resolved,frustrated -> relieved,neutral_positive_throughout,account_access,0.0,0.769,0.231,0.8176
GS_043,7,CUSTOMER,Is my account actually safe though? Should I be worried?,golden,RESOLVED_SUPPORT,account_access_resolved,Nigeria/OPay,resolved,frustrated -> relieved,neutral_positive_throughout,account_access,0.177,0.562,0.262,0.264
GS_043,8,AGENT,"There's no indication of unauthorized access — this was a precautionary freeze, not a confirmed breach. Your funds were never at risk.",golden,RESOLVED_SUPPORT,account_access_resolved,Nigeria/OPay,resolved,frustrated -> relieved,neutral_positive_throughout,account_access,0.104,0.754,0.142,-0.048
GS_043,9,CUSTOMER,"Okay, go ahead.",golden,RESOLVED_SUPPORT,account_access_resolved,Nigeria/OPay,resolved,frustrated -> relieved,neutral_positive_throughout,account_access,0.0,0.513,0.487,0.2263
GS_043,10,AGENT,First — what is the name of the primary beneficiary on your account?,golden,RESOLVED_SUPPORT,account_access_resolved,Nigeria/OPay,resolved,frustrated -> relieved,neutral_positive_throughout,account_access,0.0,0.78,0.22,0.4767
GS_043,11,CUSTOMER,Yetunde.,golden,RESOLVED_SUPPORT,account_access_resolved,Nigeria/OPay,resolved,frustrated -> relieved,neutral_positive_throughout,account_access,0.0,1.0,0.0,0.0
GS_043,12,AGENT,Correct. Second — what was the amount of your last inward transfer to this account?,golden,RESOLVED_SUPPORT,account_access_resolved,Nigeria/OPay,resolved,frustrated -> relieved,neutral_positive_throughout,account_access,0.0,1.0,0.0,0.0
GS_043,13,CUSTOMER,"₦5,416.",golden,RESOLVED_SUPPORT,account_access_resolved,Nigeria/OPay,resolved,frustrated -> relieved,neutral_positive_throughout,account_access,0.0,1.0,0.0,0.0
GS_043,14,AGENT,Correct. Third — can you confirm the main branch?,golden,RESOLVED_SUPPORT,account_access_resolved,Nigeria/OPay,resolved,frustrated -> relieved,neutral_positive_throughout,account_access,0.0,1.0,0.0,0.0
GS_043,15,CUSTOMER,"Yes, that's correct.",golden,RESOLVED_SUPPORT,account_access_resolved,Nigeria/OPay,resolved,frustrated -> relieved,neutral_positive_throughout,account_access,0.0,0.426,0.574,0.4019
GS_043,16,AGENT,"Thank you, Amaka. All three verified. I'm restoring your access now — this will take approximately sixty seconds. Your reference number for this is OP-ACC-20260714-5721.",golden,RESOLVED_SUPPORT,account_access_resolved,Nigeria/OPay,resolved,frustrated -> relieved,neutral_positive_throughout,account_access,0.0,0.778,0.222,0.6124
GS_043,17,CUSTOMER,"Okay, thank you.",golden,RESOLVED_SUPPORT,account_access_resolved,Nigeria/OPay,resolved,frustrated -> relieved,neutral_positive_throughout,account_access,0.0,0.185,0.815,0.5267
GS_043,18,AGENT,"Your access has been restored. Can you try logging in now while we're still on the call, just to confirm everything is working?",golden,RESOLVED_SUPPORT,account_access_resolved,Nigeria/OPay,resolved,frustrated -> relieved,neutral_positive_throughout,account_access,0.0,0.902,0.098,0.34
GS_043,19,CUSTOMER,"One moment... yes! I'm in, I can see my dashboard now. Thank you so much.",golden,RESOLVED_SUPPORT,account_access_resolved,Nigeria/OPay,resolved,frustrated -> relieved,neutral_positive_throughout,account_access,0.0,0.686,0.314,0.6696
GS_043,20,AGENT,"Perfect. For your security, the earlier session has been terminated and won't be able to access your account again. Is there anything else I can help you with today?",golden,RESOLVED_SUPPORT,account_access_resolved,Nigeria/OPay,resolved,frustrated -> relieved,neutral_positive_throughout,account_access,0.0,0.74,0.26,0.8316
GS_043,21,CUSTOMER,"No, that's all, thank you.",golden,RESOLVED_SUPPORT,account_access_resolved,Nigeria/OPay,resolved,frustrated -> relieved,neutral_positive_throughout,account_access,0.286,0.39,0.325,0.0772
GS_043,22,AGENT,"You're very welcome, Amaka. I'm glad we could resolve this for you quickly.",golden,RESOLVED_SUPPORT,account_access_resolved,Nigeria/OPay,resolved,frustrated -> relieved,neutral_positive_throughout,account_access,0.0,0.529,0.471,0.8357
GS_043,23,CUSTOMER,Thank you. Goodbye.,golden,RESOLVED_SUPPORT,account_access_resolved,Nigeria/OPay,resolved,frustrated -> relieved,neutral_positive_throughout,account_access,0.0,0.444,0.556,0.3612
GS_043,24,AGENT,"Goodbye, take care.",golden,RESOLVED_SUPPORT,account_access_resolved,Nigeria/OPay,resolved,frustrated -> relieved,neutral_positive_throughout,account_access,0.0,0.385,0.615,0.4939
GS_044,0,AGENT,"Good afternoon, thank you for calling Absa Kenya, my name is Zainab, how may I help you today?",golden,RESOLVED_SUPPORT,account_access_resolved,Kenya/Absa Kenya,resolved,frustrated -> relieved,neutral_positive_throughout,account_access,0.0,0.633,0.367,0.7964
GS_044,1,CUSTOMER,"Zainab, good afternoon. My name is Akinyi. I've been trying to log into my account since this morning and it is completely locked. I have an urgent payment to make and I cannot access anything.",golden,RESOLVED_SUPPORT,account_access_resolved,Kenya/Absa Kenya,resolved,frustrated -> relieved,neutral_positive_throughout,account_access,0.0,0.868,0.132,0.5719
GS_044,2,AGENT,"Good afternoon, Akinyi. I'm sorry to hear this and I understand how urgent this is. Before I can access your details, I need to verify your identity. Can you please confirm your registered phone number and your national ID number?",golden,RESOLVED_SUPPORT,account_access_resolved,Kenya/Absa Kenya,resolved,frustrated -> relieved,neutral_positive_throughout,account_access,0.031,0.74,0.229,0.743
GS_044,3,CUSTOMER,Pole. 0731 300 168. 23851090.,golden,RESOLVED_SUPPORT,account_access_resolved,Kenya/Absa Kenya,resolved,frustrated -> relieved,neutral_positive_throughout,account_access,0.0,1.0,0.0,0.0
GS_044,4,AGENT,"Thank you, Akinyi. One moment while I pull up your account. I can see that your access was frozen this morning as a security precaution, triggered by a login from a location that didn't match your usual pattern.",golden,RESOLVED_SUPPORT,account_access_resolved,Kenya/Absa Kenya,resolved,frustrated -> relieved,neutral_positive_throughout,account_access,0.0,0.864,0.136,0.5994
GS_044,5,CUSTOMER,"That was me, I'm travelling for work this week, that's probably why.",golden,RESOLVED_SUPPORT,account_access_resolved,Kenya/Absa Kenya,resolved,frustrated -> relieved,neutral_positive_throughout,account_access,0.0,1.0,0.0,0.0
GS_044,6,AGENT,Understood — that explains it. This kind of thing triggers an automatic freeze as a security measure. I'll need to complete a secondary verification before I can restore your access. I'm going to ask you three security questions — please answer exactly as you registered.,golden,RESOLVED_SUPPORT,account_access_resolved,Kenya/Absa Kenya,resolved,frustrated -> relieved,neutral_positive_throughout,account_access,0.0,0.769,0.231,0.8176
GS_044,7,CUSTOMER,"Okay, go ahead.",golden,RESOLVED_SUPPORT,account_access_resolved,Kenya/Absa Kenya,resolved,frustrated -> relieved,neutral_positive_throughout,account_access,0.0,0.513,0.487,0.2263
GS_044,8,AGENT,First — what is the name of the primary beneficiary on your account?,golden,RESOLVED_SUPPORT,account_access_resolved,Kenya/Absa Kenya,resolved,frustrated -> relieved,neutral_positive_throughout,account_access,0.0,0.78,0.22,0.4767
GS_044,9,CUSTOMER,Kamau.,golden,RESOLVED_SUPPORT,account_access_resolved,Kenya/Absa Kenya,resolved,frustrated -> relieved,neutral_positive_throughout,account_access,0.0,1.0,0.0,0.0
GS_044,10,AGENT,Correct. Second — what was the amount of your last inward transfer to this account?,golden,RESOLVED_SUPPORT,account_access_resolved,Kenya/Absa Kenya,resolved,frustrated -> relieved,neutral_positive_throughout,account_access,0.0,1.0,0.0,0.0
GS_044,11,CUSTOMER,"KSh 24,808.",golden,RESOLVED_SUPPORT,account_access_resolved,Kenya/Absa Kenya,resolved,frustrated -> relieved,neutral_positive_throughout,account_access,0.0,1.0,0.0,0.0
GS_044,12,AGENT,Correct. Third — can you confirm the branch you originally opened the account at?,golden,RESOLVED_SUPPORT,account_access_resolved,Kenya/Absa Kenya,resolved,frustrated -> relieved,neutral_positive_throughout,account_access,0.0,1.0,0.0,0.0
GS_044,13,CUSTOMER,"Yes, that's correct.",golden,RESOLVED_SUPPORT,account_access_resolved,Kenya/Absa Kenya,resolved,frustrated -> relieved,neutral_positive_throughout,account_access,0.0,0.426,0.574,0.4019
GS_044,14,AGENT,"Thank you, Akinyi. All three verified. I'm restoring your access now — this will take approximately sixty seconds. Your reference number for this is ABSA-ACC-20260816-6617.",golden,RESOLVED_SUPPORT,account_access_resolved,Kenya/Absa Kenya,resolved,frustrated -> relieved,neutral_positive_throughout,account_access,0.0,0.778,0.222,0.6124
GS_044,15,CUSTOMER,"Okay, thank you.",golden,RESOLVED_SUPPORT,account_access_resolved,Kenya/Absa Kenya,resolved,frustrated -> relieved,neutral_positive_throughout,account_access,0.0,0.185,0.815,0.5267
GS_044,16,AGENT,"Your access has been restored. Can you try logging in now while we're still on the call, just to confirm everything is working?",golden,RESOLVED_SUPPORT,account_access_resolved,Kenya/Absa Kenya,resolved,frustrated -> relieved,neutral_positive_throughout,account_access,0.0,0.902,0.098,0.34
GS_044,17,CUSTOMER,"One moment... yes! I'm in, I can see my dashboard now. Thank you so much.",golden,RESOLVED_SUPPORT,account_access_resolved,Kenya/Absa Kenya,resolved,frustrated -> relieved,neutral_positive_throughout,account_access,0.0,0.686,0.314,0.6696
GS_044,18,AGENT,"Perfect. For your security, the earlier session has been terminated and won't be able to access your account again. Is there anything else I can help you with today?",golden,RESOLVED_SUPPORT,account_access_resolved,Kenya/Absa Kenya,resolved,frustrated -> relieved,neutral_positive_throughout,account_access,0.0,0.74,0.26,0.8316
GS_044,19,CUSTOMER,"No, that's all, thank you.",golden,RESOLVED_SUPPORT,account_access_resolved,Kenya/Absa Kenya,resolved,frustrated -> relieved,neutral_positive_throughout,account_access,0.286,0.39,0.325,0.0772
GS_044,20,AGENT,"You're very welcome, Akinyi. I'm glad we could resolve this for you quickly.",golden,RESOLVED_SUPPORT,account_access_resolved,Kenya/Absa Kenya,resolved,frustrated -> relieved,neutral_positive_throughout,account_access,0.0,0.529,0.471,0.8357
GS_044,21,CUSTOMER,Thank you. Goodbye.,golden,RESOLVED_SUPPORT,account_access_resolved,Kenya/Absa Kenya,resolved,frustrated -> relieved,neutral_positive_throughout,account_access,0.0,0.444,0.556,0.3612
GS_044,22,AGENT,"Goodbye, take care.",golden,RESOLVED_SUPPORT,account_access_resolved,Kenya/Absa Kenya,resolved,frustrated -> relieved,neutral_positive_throughout,account_access,0.0,0.385,0.615,0.4939
GS_045,0,AGENT,"Good afternoon, thank you for calling Mashreq Neo, my name is Chinwe, how may I help you today?",golden,RESOLVED_SUPPORT,account_access_resolved,Gulf/UAE/Mashreq Neo,resolved,frustrated -> relieved,neutral_positive_throughout,account_access,0.0,0.633,0.367,0.7964
GS_045,1,CUSTOMER,"Chinwe, good afternoon. My name is Omar. I've been trying to log into my account since this morning and it is completely locked. I have an urgent payment to make and I cannot access anything.",golden,RESOLVED_SUPPORT,account_access_resolved,Gulf/UAE/Mashreq Neo,resolved,frustrated -> relieved,neutral_positive_throughout,account_access,0.0,0.868,0.132,0.5719
GS_045,2,AGENT,"Good afternoon, Omar. I'm sorry to hear this and I understand how urgent this is. Before I can access your details, I need to verify your identity. Can you please confirm your registered phone number and your Emirates ID number?",golden,RESOLVED_SUPPORT,account_access_resolved,Gulf/UAE/Mashreq Neo,resolved,frustrated -> relieved,neutral_positive_throughout,account_access,0.031,0.74,0.229,0.743
GS_045,3,CUSTOMER,Shukran. 055 203 2009. 784-2002-4839792-5.,golden,RESOLVED_SUPPORT,account_access_resolved,Gulf/UAE/Mashreq Neo,resolved,frustrated -> relieved,neutral_positive_throughout,account_access,0.0,1.0,0.0,0.0
GS_045,4,AGENT,"Thank you, Omar. One moment while I pull up your account. I can see that your access was frozen this morning as a security precaution, triggered by several incorrect PIN attempts in a short window.",golden,RESOLVED_SUPPORT,account_access_resolved,Gulf/UAE/Mashreq Neo,resolved,frustrated -> relieved,neutral_positive_throughout,account_access,0.0,0.855,0.145,0.5994
GS_045,5,CUSTOMER,"That's my fault, I mistyped my PIN a few times this morning, sorry about that.",golden,RESOLVED_SUPPORT,account_access_resolved,Gulf/UAE/Mashreq Neo,resolved,frustrated -> relieved,neutral_positive_throughout,account_access,0.267,0.733,0.0,-0.4588
GS_045,6,AGENT,Understood — that explains it. This kind of thing triggers an automatic freeze as a security measure. I'll need to complete a secondary verification before I can restore your access. I'm going to ask you three security questions — please answer exactly as you registered.,golden,RESOLVED_SUPPORT,account_access_resolved,Gulf/UAE/Mashreq Neo,resolved,frustrated -> relieved,neutral_positive_throughout,account_access,0.0,0.769,0.231,0.8176
GS_045,7,CUSTOMER,Is my account actually safe though? Should I be worried?,golden,RESOLVED_SUPPORT,account_access_resolved,Gulf/UAE/Mashreq Neo,resolved,frustrated -> relieved,neutral_positive_throughout,account_access,0.177,0.562,0.262,0.264
GS_045,8,AGENT,"There's no indication of unauthorized access — this was a precautionary freeze, not a confirmed breach. Your funds were never at risk.",golden,RESOLVED_SUPPORT,account_access_resolved,Gulf/UAE/Mashreq Neo,resolved,frustrated -> relieved,neutral_positive_throughout,account_access,0.104,0.754,0.142,-0.048
GS_045,9,CUSTOMER,"Okay, go ahead.",golden,RESOLVED_SUPPORT,account_access_resolved,Gulf/UAE/Mashreq Neo,resolved,frustrated -> relieved,neutral_positive_throughout,account_access,0.0,0.513,0.487,0.2263
GS_045,10,AGENT,First — what is the name of the primary beneficiary on your account?,golden,RESOLVED_SUPPORT,account_access_resolved,Gulf/UAE/Mashreq Neo,resolved,frustrated -> relieved,neutral_positive_throughout,account_access,0.0,0.78,0.22,0.4767
GS_045,11,CUSTOMER,Hassan.,golden,RESOLVED_SUPPORT,account_access_resolved,Gulf/UAE/Mashreq Neo,resolved,frustrated -> relieved,neutral_positive_throughout,account_access,0.0,1.0,0.0,0.0
GS_045,12,AGENT,Correct. Second — what was the amount of your last inward transfer to this account?,golden,RESOLVED_SUPPORT,account_access_resolved,Gulf/UAE/Mashreq Neo,resolved,frustrated -> relieved,neutral_positive_throughout,account_access,0.0,1.0,0.0,0.0
GS_045,13,CUSTOMER,"AED 2,820.",golden,RESOLVED_SUPPORT,account_access_resolved,Gulf/UAE/Mashreq Neo,resolved,frustrated -> relieved,neutral_positive_throughout,account_access,0.0,1.0,0.0,0.0
GS_045,14,AGENT,Correct. Third — can you confirm the main branch?,golden,RESOLVED_SUPPORT,account_access_resolved,Gulf/UAE/Mashreq Neo,resolved,frustrated -> relieved,neutral_positive_throughout,account_access,0.0,1.0,0.0,0.0
GS_045,15,CUSTOMER,"Yes, that's correct.",golden,RESOLVED_SUPPORT,account_access_resolved,Gulf/UAE/Mashreq Neo,resolved,frustrated -> relieved,neutral_positive_throughout,account_access,0.0,0.426,0.574,0.4019
GS_045,16,AGENT,"Thank you, Omar. All three verified. I'm restoring your access now — this will take approximately sixty seconds. Your reference number for this is MQ-ACC-20260819-6253.",golden,RESOLVED_SUPPORT,account_access_resolved,Gulf/UAE/Mashreq Neo,resolved,frustrated -> relieved,neutral_positive_throughout,account_access,0.0,0.778,0.222,0.6124
GS_045,17,CUSTOMER,"Okay, thank you.",golden,RESOLVED_SUPPORT,account_access_resolved,Gulf/UAE/Mashreq Neo,resolved,frustrated -> relieved,neutral_positive_throughout,account_access,0.0,0.185,0.815,0.5267
GS_045,18,AGENT,"Your access has been restored. Can you try logging in now while we're still on the call, just to confirm everything is working?",golden,RESOLVED_SUPPORT,account_access_resolved,Gulf/UAE/Mashreq Neo,resolved,frustrated -> relieved,neutral_positive_throughout,account_access,0.0,0.902,0.098,0.34
GS_045,19,CUSTOMER,"One moment... yes! I'm in, I can see my dashboard now. Thank you so much.",golden,RESOLVED_SUPPORT,account_access_resolved,Gulf/UAE/Mashreq Neo,resolved,frustrated -> relieved,neutral_positive_throughout,account_access,0.0,0.686,0.314,0.6696
GS_045,20,AGENT,"Perfect. For your security, the earlier session has been terminated and won't be able to access your account again. Is there anything else I can help you with today?",golden,RESOLVED_SUPPORT,account_access_resolved,Gulf/UAE/Mashreq Neo,resolved,frustrated -> relieved,neutral_positive_throughout,account_access,0.0,0.74,0.26,0.8316
GS_045,21,CUSTOMER,"No, that's all, thank you.",golden,RESOLVED_SUPPORT,account_access_resolved,Gulf/UAE/Mashreq Neo,resolved,frustrated -> relieved,neutral_positive_throughout,account_access,0.286,0.39,0.325,0.0772
GS_045,22,AGENT,"You're very welcome, Omar. I'm glad we could resolve this for you quickly.",golden,RESOLVED_SUPPORT,account_access_resolved,Gulf/UAE/Mashreq Neo,resolved,frustrated -> relieved,neutral_positive_throughout,account_access,0.0,0.529,0.471,0.8357
GS_045,23,CUSTOMER,Thank you. Goodbye.,golden,RESOLVED_SUPPORT,account_access_resolved,Gulf/UAE/Mashreq Neo,resolved,frustrated -> relieved,neutral_positive_throughout,account_access,0.0,0.444,0.556,0.3612
GS_045,24,AGENT,"Goodbye, take care.",golden,RESOLVED_SUPPORT,account_access_resolved,Gulf/UAE/Mashreq Neo,resolved,frustrated -> relieved,neutral_positive_throughout,account_access,0.0,0.385,0.615,0.4939
GS_046,0,AGENT,"Good afternoon, thank you for calling GTBank, my name is David, how may I help you today?",golden,RESOLVED_SUPPORT,account_access_resolved,Nigeria/GTBank,resolved,frustrated -> relieved,neutral_positive_throughout,account_access,0.0,0.616,0.384,0.7964
GS_046,1,CUSTOMER,"David, good afternoon. My name is Yetunde. I've been trying to log into my account since this morning and it is completely locked. I have an urgent payment to make and I cannot access anything.",golden,RESOLVED_SUPPORT,account_access_resolved,Nigeria/GTBank,resolved,frustrated -> relieved,neutral_positive_throughout,account_access,0.0,0.868,0.132,0.5719
GS_046,2,AGENT,"Good afternoon, Yetunde. I'm sorry to hear this and I understand how urgent this is. Before I can access your details, I need to verify your identity. Can you please confirm your registered phone number and your BVN?",golden,RESOLVED_SUPPORT,account_access_resolved,Nigeria/GTBank,resolved,frustrated -> relieved,neutral_positive_throughout,account_access,0.033,0.758,0.21,0.7184
GS_046,3,CUSTOMER,Abeg. 0816488199. 53027787783.,golden,RESOLVED_SUPPORT,account_access_resolved,Nigeria/GTBank,resolved,frustrated -> relieved,neutral_positive_throughout,account_access,0.0,1.0,0.0,0.0
GS_046,4,AGENT,"Thank you, Yetunde. One moment while I pull up your account. I can see that your access was frozen this morning as a security precaution, triggered by a login attempt from a device we didn't recognize.",golden,RESOLVED_SUPPORT,account_access_resolved,Nigeria/GTBank,resolved,frustrated -> relieved,neutral_positive_throughout,account_access,0.0,0.855,0.145,0.5994
GS_046,5,CUSTOMER,That was me — I was using a colleague's phone because mine had no charge.,golden,RESOLVED_SUPPORT,account_access_resolved,Nigeria/GTBank,resolved,frustrated -> relieved,neutral_positive_throughout,account_access,0.167,0.833,0.0,-0.296
GS_046,6,AGENT,Understood — that explains it. This kind of thing triggers an automatic freeze as a security measure. I'll need to complete a secondary verification before I can restore your access. I'm going to ask you three security questions — please answer exactly as you registered.,golden,RESOLVED_SUPPORT,account_access_resolved,Nigeria/GTBank,resolved,frustrated -> relieved,neutral_positive_throughout,account_access,0.0,0.769,0.231,0.8176
GS_046,7,CUSTOMER,"Okay, go ahead.",golden,RESOLVED_SUPPORT,account_access_resolved,Nigeria/GTBank,resolved,frustrated -> relieved,neutral_positive_throughout,account_access,0.0,0.513,0.487,0.2263
GS_046,8,AGENT,First — what is the name of the primary beneficiary on your account?,golden,RESOLVED_SUPPORT,account_access_resolved,Nigeria/GTBank,resolved,frustrated -> relieved,neutral_positive_throughout,account_access,0.0,0.78,0.22,0.4767
GS_046,9,CUSTOMER,Yetunde.,golden,RESOLVED_SUPPORT,account_access_resolved,Nigeria/GTBank,resolved,frustrated -> relieved,neutral_positive_throughout,account_access,0.0,1.0,0.0,0.0
GS_046,10,AGENT,Correct. Second — what was the amount of your last inward transfer to this account?,golden,RESOLVED_SUPPORT,account_access_resolved,Nigeria/GTBank,resolved,frustrated -> relieved,neutral_positive_throughout,account_access,0.0,1.0,0.0,0.0
GS_046,11,CUSTOMER,"₦14,540.",golden,RESOLVED_SUPPORT,account_access_resolved,Nigeria/GTBank,resolved,frustrated -> relieved,neutral_positive_throughout,account_access,0.0,1.0,0.0,0.0
GS_046,12,AGENT,Correct. Third — can you confirm the main branch?,golden,RESOLVED_SUPPORT,account_access_resolved,Nigeria/GTBank,resolved,frustrated -> relieved,neutral_positive_throughout,account_access,0.0,1.0,0.0,0.0
GS_046,13,CUSTOMER,"Yes, that's correct.",golden,RESOLVED_SUPPORT,account_access_resolved,Nigeria/GTBank,resolved,frustrated -> relieved,neutral_positive_throughout,account_access,0.0,0.426,0.574,0.4019
GS_046,14,AGENT,"Thank you, Yetunde. All three verified. I'm restoring your access now — this will take approximately sixty seconds. Your reference number for this is GT-ACC-20260602-6850.",golden,RESOLVED_SUPPORT,account_access_resolved,Nigeria/GTBank,resolved,frustrated -> relieved,neutral_positive_throughout,account_access,0.0,0.778,0.222,0.6124
GS_046,15,CUSTOMER,"Okay, thank you.",golden,RESOLVED_SUPPORT,account_access_resolved,Nigeria/GTBank,resolved,frustrated -> relieved,neutral_positive_throughout,account_access,0.0,0.185,0.815,0.5267
GS_046,16,AGENT,"Your access has been restored. Can you try logging in now while we're still on the call, just to confirm everything is working?",golden,RESOLVED_SUPPORT,account_access_resolved,Nigeria/GTBank,resolved,frustrated -> relieved,neutral_positive_throughout,account_access,0.0,0.902,0.098,0.34
GS_046,17,CUSTOMER,"One moment... yes! I'm in, I can see my dashboard now. Thank you so much.",golden,RESOLVED_SUPPORT,account_access_resolved,Nigeria/GTBank,resolved,frustrated -> relieved,neutral_positive_throughout,account_access,0.0,0.686,0.314,0.6696
GS_046,18,AGENT,"Perfect. For your security, the earlier session has been terminated and won't be able to access your account again. Is there anything else I can help you with today?",golden,RESOLVED_SUPPORT,account_access_resolved,Nigeria/GTBank,resolved,frustrated -> relieved,neutral_positive_throughout,account_access,0.0,0.74,0.26,0.8316
GS_046,19,CUSTOMER,"No, that's all, thank you.",golden,RESOLVED_SUPPORT,account_access_resolved,Nigeria/GTBank,resolved,frustrated -> relieved,neutral_positive_throughout,account_access,0.286,0.39,0.325,0.0772
GS_046,20,AGENT,"You're very welcome, Yetunde. I'm glad we could resolve this for you quickly.",golden,RESOLVED_SUPPORT,account_access_resolved,Nigeria/GTBank,resolved,frustrated -> relieved,neutral_positive_throughout,account_access,0.0,0.529,0.471,0.8357
GS_046,21,CUSTOMER,Thank you. Goodbye.,golden,RESOLVED_SUPPORT,account_access_resolved,Nigeria/GTBank,resolved,frustrated -> relieved,neutral_positive_throughout,account_access,0.0,0.444,0.556,0.3612
GS_046,22,AGENT,"Goodbye, take care.",golden,RESOLVED_SUPPORT,account_access_resolved,Nigeria/GTBank,resolved,frustrated -> relieved,neutral_positive_throughout,account_access,0.0,0.385,0.615,0.4939
GS_047,0,AGENT,"Good afternoon, thank you for calling NCBA, my name is Kelechi, how may I help you today?",golden,RESOLVED_SUPPORT,account_access_resolved,Kenya/NCBA,resolved,frustrated -> relieved,neutral_positive_throughout,account_access,0.0,0.616,0.384,0.7964
GS_047,1,CUSTOMER,"Kelechi, good afternoon. My name is Kariuki. I've been trying to log into my account since this morning and it is completely locked. I have an urgent payment to make and I cannot access anything.",golden,RESOLVED_SUPPORT,account_access_resolved,Kenya/NCBA,resolved,frustrated -> relieved,neutral_positive_throughout,account_access,0.0,0.868,0.132,0.5719
GS_047,2,AGENT,"Good afternoon, Kariuki. I'm sorry to hear this and I understand how urgent this is. Before I can access your details, I need to verify your identity. Can you please confirm your registered phone number and your national ID number?",golden,RESOLVED_SUPPORT,account_access_resolved,Kenya/NCBA,resolved,frustrated -> relieved,neutral_positive_throughout,account_access,0.031,0.74,0.229,0.743
GS_047,3,CUSTOMER,Tafadhali. 0719 239 356. 22805533.,golden,RESOLVED_SUPPORT,account_access_resolved,Kenya/NCBA,resolved,frustrated -> relieved,neutral_positive_throughout,account_access,0.0,1.0,0.0,0.0
GS_047,4,AGENT,"Thank you, Kariuki. One moment while I pull up your account. I can see that your access was frozen this morning as a security precaution, triggered by a login from a location that didn't match your usual pattern.",golden,RESOLVED_SUPPORT,account_access_resolved,Kenya/NCBA,resolved,frustrated -> relieved,neutral_positive_throughout,account_access,0.0,0.864,0.136,0.5994
GS_047,5,CUSTOMER,"That was me, I'm travelling for work this week, that's probably why.",golden,RESOLVED_SUPPORT,account_access_resolved,Kenya/NCBA,resolved,frustrated -> relieved,neutral_positive_throughout,account_access,0.0,1.0,0.0,0.0
GS_047,6,AGENT,Understood — that explains it. This kind of thing triggers an automatic freeze as a security measure. I'll need to complete a secondary verification before I can restore your access. I'm going to ask you three security questions — please answer exactly as you registered.,golden,RESOLVED_SUPPORT,account_access_resolved,Kenya/NCBA,resolved,frustrated -> relieved,neutral_positive_throughout,account_access,0.0,0.769,0.231,0.8176
GS_047,7,CUSTOMER,"Okay, go ahead.",golden,RESOLVED_SUPPORT,account_access_resolved,Kenya/NCBA,resolved,frustrated -> relieved,neutral_positive_throughout,account_access,0.0,0.513,0.487,0.2263
GS_047,8,AGENT,First — what is the name of the primary beneficiary on your account?,golden,RESOLVED_SUPPORT,account_access_resolved,Kenya/NCBA,resolved,frustrated -> relieved,neutral_positive_throughout,account_access,0.0,0.78,0.22,0.4767
GS_047,9,CUSTOMER,Kariuki.,golden,RESOLVED_SUPPORT,account_access_resolved,Kenya/NCBA,resolved,frustrated -> relieved,neutral_positive_throughout,account_access,0.0,1.0,0.0,0.0
GS_047,10,AGENT,Correct. Second — what was the amount of your last inward transfer to this account?,golden,RESOLVED_SUPPORT,account_access_resolved,Kenya/NCBA,resolved,frustrated -> relieved,neutral_positive_throughout,account_access,0.0,1.0,0.0,0.0
GS_047,11,CUSTOMER,"KSh 9,206.",golden,RESOLVED_SUPPORT,account_access_resolved,Kenya/NCBA,resolved,frustrated -> relieved,neutral_positive_throughout,account_access,0.0,1.0,0.0,0.0
GS_047,12,AGENT,Correct. Third — can you confirm the downtown branch?,golden,RESOLVED_SUPPORT,account_access_resolved,Kenya/NCBA,resolved,frustrated -> relieved,neutral_positive_throughout,account_access,0.0,1.0,0.0,0.0
GS_047,13,CUSTOMER,"Yes, that's correct.",golden,RESOLVED_SUPPORT,account_access_resolved,Kenya/NCBA,resolved,frustrated -> relieved,neutral_positive_throughout,account_access,0.0,0.426,0.574,0.4019
GS_047,14,AGENT,"Thank you, Kariuki. All three verified. I'm restoring your access now — this will take approximately sixty seconds. Your reference number for this is NCBA-ACC-20260720-4136.",golden,RESOLVED_SUPPORT,account_access_resolved,Kenya/NCBA,resolved,frustrated -> relieved,neutral_positive_throughout,account_access,0.0,0.778,0.222,0.6124
GS_047,15,CUSTOMER,"Okay, thank you.",golden,RESOLVED_SUPPORT,account_access_resolved,Kenya/NCBA,resolved,frustrated -> relieved,neutral_positive_throughout,account_access,0.0,0.185,0.815,0.5267
GS_047,16,AGENT,"Your access has been restored. Can you try logging in now while we're still on the call, just to confirm everything is working?",golden,RESOLVED_SUPPORT,account_access_resolved,Kenya/NCBA,resolved,frustrated -> relieved,neutral_positive_throughout,account_access,0.0,0.902,0.098,0.34
GS_047,17,CUSTOMER,"One moment... yes! I'm in, I can see my dashboard now. Thank you so much.",golden,RESOLVED_SUPPORT,account_access_resolved,Kenya/NCBA,resolved,frustrated -> relieved,neutral_positive_throughout,account_access,0.0,0.686,0.314,0.6696
GS_047,18,AGENT,"Perfect. For your security, the earlier session has been terminated and won't be able to access your account again. Is there anything else I can help you with today?",golden,RESOLVED_SUPPORT,account_access_resolved,Kenya/NCBA,resolved,frustrated -> relieved,neutral_positive_throughout,account_access,0.0,0.74,0.26,0.8316
GS_047,19,CUSTOMER,"No, that's all, thank you.",golden,RESOLVED_SUPPORT,account_access_resolved,Kenya/NCBA,resolved,frustrated -> relieved,neutral_positive_throughout,account_access,0.286,0.39,0.325,0.0772
GS_047,20,AGENT,"You're very welcome, Kariuki. I'm glad we could resolve this for you quickly.",golden,RESOLVED_SUPPORT,account_access_resolved,Kenya/NCBA,resolved,frustrated -> relieved,neutral_positive_throughout,account_access,0.0,0.529,0.471,0.8357
GS_047,21,CUSTOMER,Thank you. Goodbye.,golden,RESOLVED_SUPPORT,account_access_resolved,Kenya/NCBA,resolved,frustrated -> relieved,neutral_positive_throughout,account_access,0.0,0.444,0.556,0.3612
GS_047,22,AGENT,"Goodbye, take care.",golden,RESOLVED_SUPPORT,account_access_resolved,Kenya/NCBA,resolved,frustrated -> relieved,neutral_positive_throughout,account_access,0.0,0.385,0.615,0.4939
GS_048,0,AGENT,"Good afternoon, thank you for calling ADCB, my name is David, how may I help you today?",golden,RESOLVED_SUPPORT,account_access_resolved,Gulf/UAE/ADCB,resolved,frustrated -> relieved,neutral_positive_throughout,account_access,0.0,0.616,0.384,0.7964
GS_048,1,CUSTOMER,"David, good afternoon. My name is Fatima. I've been trying to log into my account since this morning and it is completely locked. I have an urgent payment to make and I cannot access anything.",golden,RESOLVED_SUPPORT,account_access_resolved,Gulf/UAE/ADCB,resolved,frustrated -> relieved,neutral_positive_throughout,account_access,0.0,0.868,0.132,0.5719
GS_048,2,AGENT,"Good afternoon, Fatima. I'm sorry to hear this and I understand how urgent this is. Before I can access your details, I need to verify your identity. Can you please confirm your registered phone number and your Emirates ID number?",golden,RESOLVED_SUPPORT,account_access_resolved,Gulf/UAE/ADCB,resolved,frustrated -> relieved,neutral_positive_throughout,account_access,0.031,0.74,0.229,0.743
GS_048,3,CUSTOMER,Shukran. 059 199 8197. 784-1986-8112742-4.,golden,RESOLVED_SUPPORT,account_access_resolved,Gulf/UAE/ADCB,resolved,frustrated -> relieved,neutral_positive_throughout,account_access,0.0,1.0,0.0,0.0
GS_048,4,AGENT,"Thank you, Fatima. One moment while I pull up your account. I can see that your access was frozen this morning as a security precaution, triggered by several incorrect PIN attempts in a short window.",golden,RESOLVED_SUPPORT,account_access_resolved,Gulf/UAE/ADCB,resolved,frustrated -> relieved,neutral_positive_throughout,account_access,0.0,0.855,0.145,0.5994
GS_048,5,CUSTOMER,"That's my fault, I mistyped my PIN a few times this morning, sorry about that.",golden,RESOLVED_SUPPORT,account_access_resolved,Gulf/UAE/ADCB,resolved,frustrated -> relieved,neutral_positive_throughout,account_access,0.267,0.733,0.0,-0.4588
GS_048,6,AGENT,Understood — that explains it. This kind of thing triggers an automatic freeze as a security measure. I'll need to complete a secondary verification before I can restore your access. I'm going to ask you three security questions — please answer exactly as you registered.,golden,RESOLVED_SUPPORT,account_access_resolved,Gulf/UAE/ADCB,resolved,frustrated -> relieved,neutral_positive_throughout,account_access,0.0,0.769,0.231,0.8176
GS_048,7,CUSTOMER,Is my account actually safe though? Should I be worried?,golden,RESOLVED_SUPPORT,account_access_resolved,Gulf/UAE/ADCB,resolved,frustrated -> relieved,neutral_positive_throughout,account_access,0.177,0.562,0.262,0.264
GS_048,8,AGENT,"There's no indication of unauthorized access — this was a precautionary freeze, not a confirmed breach. Your funds were never at risk.",golden,RESOLVED_SUPPORT,account_access_resolved,Gulf/UAE/ADCB,resolved,frustrated -> relieved,neutral_positive_throughout,account_access,0.104,0.754,0.142,-0.048
GS_048,9,CUSTOMER,"Okay, go ahead.",golden,RESOLVED_SUPPORT,account_access_resolved,Gulf/UAE/ADCB,resolved,frustrated -> relieved,neutral_positive_throughout,account_access,0.0,0.513,0.487,0.2263
GS_048,10,AGENT,First — what is the name of the primary beneficiary on your account?,golden,RESOLVED_SUPPORT,account_access_resolved,Gulf/UAE/ADCB,resolved,frustrated -> relieved,neutral_positive_throughout,account_access,0.0,0.78,0.22,0.4767
GS_048,11,CUSTOMER,Ahmed.,golden,RESOLVED_SUPPORT,account_access_resolved,Gulf/UAE/ADCB,resolved,frustrated -> relieved,neutral_positive_throughout,account_access,0.0,1.0,0.0,0.0
GS_048,12,AGENT,Correct. Second — what was the amount of your last inward transfer to this account?,golden,RESOLVED_SUPPORT,account_access_resolved,Gulf/UAE/ADCB,resolved,frustrated -> relieved,neutral_positive_throughout,account_access,0.0,1.0,0.0,0.0
GS_048,13,CUSTOMER,AED 543.,golden,RESOLVED_SUPPORT,account_access_resolved,Gulf/UAE/ADCB,resolved,frustrated -> relieved,neutral_positive_throughout,account_access,0.0,1.0,0.0,0.0
GS_048,14,AGENT,Correct. Third — can you confirm the main branch?,golden,RESOLVED_SUPPORT,account_access_resolved,Gulf/UAE/ADCB,resolved,frustrated -> relieved,neutral_positive_throughout,account_access,0.0,1.0,0.0,0.0
GS_048,15,CUSTOMER,"Yes, that's correct.",golden,RESOLVED_SUPPORT,account_access_resolved,Gulf/UAE/ADCB,resolved,frustrated -> relieved,neutral_positive_throughout,account_access,0.0,0.426,0.574,0.4019
GS_048,16,AGENT,"Thank you, Fatima. All three verified. I'm restoring your access now — this will take approximately sixty seconds. Your reference number for this is ADCB-ACC-20260612-6942.",golden,RESOLVED_SUPPORT,account_access_resolved,Gulf/UAE/ADCB,resolved,frustrated -> relieved,neutral_positive_throughout,account_access,0.0,0.778,0.222,0.6124
GS_048,17,CUSTOMER,"Okay, thank you.",golden,RESOLVED_SUPPORT,account_access_resolved,Gulf/UAE/ADCB,resolved,frustrated -> relieved,neutral_positive_throughout,account_access,0.0,0.185,0.815,0.5267
GS_048,18,AGENT,"Your access has been restored. Can you try logging in now while we're still on the call, just to confirm everything is working?",golden,RESOLVED_SUPPORT,account_access_resolved,Gulf/UAE/ADCB,resolved,frustrated -> relieved,neutral_positive_throughout,account_access,0.0,0.902,0.098,0.34
GS_048,19,CUSTOMER,"One moment... yes! I'm in, I can see my dashboard now. Thank you so much.",golden,RESOLVED_SUPPORT,account_access_resolved,Gulf/UAE/ADCB,resolved,frustrated -> relieved,neutral_positive_throughout,account_access,0.0,0.686,0.314,0.6696
GS_048,20,AGENT,"Perfect. For your security, the earlier session has been terminated and won't be able to access your account again. Is there anything else I can help you with today?",golden,RESOLVED_SUPPORT,account_access_resolved,Gulf/UAE/ADCB,resolved,frustrated -> relieved,neutral_positive_throughout,account_access,0.0,0.74,0.26,0.8316
GS_048,21,CUSTOMER,"No, that's all, thank you.",golden,RESOLVED_SUPPORT,account_access_resolved,Gulf/UAE/ADCB,resolved,frustrated -> relieved,neutral_positive_throughout,account_access,0.286,0.39,0.325,0.0772
GS_048,22,AGENT,"You're very welcome, Fatima. I'm glad we could resolve this for you quickly.",golden,RESOLVED_SUPPORT,account_access_resolved,Gulf/UAE/ADCB,resolved,frustrated -> relieved,neutral_positive_throughout,account_access,0.0,0.529,0.471,0.8357
GS_048,23,CUSTOMER,Thank you. Goodbye.,golden,RESOLVED_SUPPORT,account_access_resolved,Gulf/UAE/ADCB,resolved,frustrated -> relieved,neutral_positive_throughout,account_access,0.0,0.444,0.556,0.3612
GS_048,24,AGENT,"Goodbye, take care.",golden,RESOLVED_SUPPORT,account_access_resolved,Gulf/UAE/ADCB,resolved,frustrated -> relieved,neutral_positive_throughout,account_access,0.0,0.385,0.615,0.4939
GS_049,0,AGENT,"Good afternoon, thank you for calling GTBank, my name is Grace, how may I help you today?",golden,RESOLVED_SUPPORT,account_access_resolved,Nigeria/GTBank,resolved,frustrated -> relieved,neutral_positive_throughout,account_access,0.0,0.524,0.476,0.872
GS_049,1,CUSTOMER,"Grace, good afternoon. My name is Segun. I've been trying to log into my account since this morning and it is completely locked. I have an urgent payment to make and I cannot access anything.",golden,RESOLVED_SUPPORT,account_access_resolved,Nigeria/GTBank,resolved,frustrated -> relieved,neutral_positive_throughout,account_access,0.0,0.8,0.2,0.7579
GS_049,2,AGENT,"Good afternoon, Segun. I'm sorry to hear this and I understand how urgent this is. Before I can access your details, I need to verify your identity. Can you please confirm your registered phone number and your BVN?",golden,RESOLVED_SUPPORT,account_access_resolved,Nigeria/GTBank,resolved,frustrated -> relieved,neutral_positive_throughout,account_access,0.033,0.758,0.21,0.7184
GS_049,3,CUSTOMER,Please o. 0915178510. 23037690875.,golden,RESOLVED_SUPPORT,account_access_resolved,Nigeria/GTBank,resolved,frustrated -> relieved,neutral_positive_throughout,account_access,0.0,0.566,0.434,0.3182
GS_049,4,AGENT,"Thank you, Segun. One moment while I pull up your account. I can see that your access was frozen this morning as a security precaution, triggered by a login attempt from a device we didn't recognize.",golden,RESOLVED_SUPPORT,account_access_resolved,Nigeria/GTBank,resolved,frustrated -> relieved,neutral_positive_throughout,account_access,0.0,0.855,0.145,0.5994
GS_049,5,CUSTOMER,That was me — I was using a colleague's phone because mine had no charge.,golden,RESOLVED_SUPPORT,account_access_resolved,Nigeria/GTBank,resolved,frustrated -> relieved,neutral_positive_throughout,account_access,0.167,0.833,0.0,-0.296
GS_049,6,AGENT,Understood — that explains it. This kind of thing triggers an automatic freeze as a security measure. I'll need to complete a secondary verification before I can restore your access. I'm going to ask you three security questions — please answer exactly as you registered.,golden,RESOLVED_SUPPORT,account_access_resolved,Nigeria/GTBank,resolved,frustrated -> relieved,neutral_positive_throughout,account_access,0.0,0.769,0.231,0.8176
GS_049,7,CUSTOMER,"Okay, go ahead.",golden,RESOLVED_SUPPORT,account_access_resolved,Nigeria/GTBank,resolved,frustrated -> relieved,neutral_positive_throughout,account_access,0.0,0.513,0.487,0.2263
GS_049,8,AGENT,First — what is the name of the primary beneficiary on your account?,golden,RESOLVED_SUPPORT,account_access_resolved,Nigeria/GTBank,resolved,frustrated -> relieved,neutral_positive_throughout,account_access,0.0,0.78,0.22,0.4767
GS_049,9,CUSTOMER,Amaka.,golden,RESOLVED_SUPPORT,account_access_resolved,Nigeria/GTBank,resolved,frustrated -> relieved,neutral_positive_throughout,account_access,0.0,1.0,0.0,0.0
GS_049,10,AGENT,Correct. Second — what was the amount of your last inward transfer to this account?,golden,RESOLVED_SUPPORT,account_access_resolved,Nigeria/GTBank,resolved,frustrated -> relieved,neutral_positive_throughout,account_access,0.0,1.0,0.0,0.0
GS_049,11,CUSTOMER,"₦13,597.",golden,RESOLVED_SUPPORT,account_access_resolved,Nigeria/GTBank,resolved,frustrated -> relieved,neutral_positive_throughout,account_access,0.0,1.0,0.0,0.0
GS_049,12,AGENT,Correct. Third — can you confirm the downtown branch?,golden,RESOLVED_SUPPORT,account_access_resolved,Nigeria/GTBank,resolved,frustrated -> relieved,neutral_positive_throughout,account_access,0.0,1.0,0.0,0.0
GS_049,13,CUSTOMER,"Yes, that's correct.",golden,RESOLVED_SUPPORT,account_access_resolved,Nigeria/GTBank,resolved,frustrated -> relieved,neutral_positive_throughout,account_access,0.0,0.426,0.574,0.4019
GS_049,14,AGENT,"Thank you, Segun. All three verified. I'm restoring your access now — this will take approximately sixty seconds. Your reference number for this is GT-ACC-20260802-9949.",golden,RESOLVED_SUPPORT,account_access_resolved,Nigeria/GTBank,resolved,frustrated -> relieved,neutral_positive_throughout,account_access,0.0,0.778,0.222,0.6124
GS_049,15,CUSTOMER,"Okay, thank you.",golden,RESOLVED_SUPPORT,account_access_resolved,Nigeria/GTBank,resolved,frustrated -> relieved,neutral_positive_throughout,account_access,0.0,0.185,0.815,0.5267
GS_049,16,AGENT,"Your access has been restored. Can you try logging in now while we're still on the call, just to confirm everything is working?",golden,RESOLVED_SUPPORT,account_access_resolved,Nigeria/GTBank,resolved,frustrated -> relieved,neutral_positive_throughout,account_access,0.0,0.902,0.098,0.34
GS_049,17,CUSTOMER,"One moment... yes! I'm in, I can see my dashboard now. Thank you so much.",golden,RESOLVED_SUPPORT,account_access_resolved,Nigeria/GTBank,resolved,frustrated -> relieved,neutral_positive_throughout,account_access,0.0,0.686,0.314,0.6696
GS_049,18,AGENT,"Perfect. For your security, the earlier session has been terminated and won't be able to access your account again. Is there anything else I can help you with today?",golden,RESOLVED_SUPPORT,account_access_resolved,Nigeria/GTBank,resolved,frustrated -> relieved,neutral_positive_throughout,account_access,0.0,0.74,0.26,0.8316
GS_049,19,CUSTOMER,"No, that's all, thank you.",golden,RESOLVED_SUPPORT,account_access_resolved,Nigeria/GTBank,resolved,frustrated -> relieved,neutral_positive_throughout,account_access,0.286,0.39,0.325,0.0772
GS_049,20,AGENT,"You're very welcome, Segun. I'm glad we could resolve this for you quickly.",golden,RESOLVED_SUPPORT,account_access_resolved,Nigeria/GTBank,resolved,frustrated -> relieved,neutral_positive_throughout,account_access,0.0,0.529,0.471,0.8357
GS_049,21,CUSTOMER,Thank you. Goodbye.,golden,RESOLVED_SUPPORT,account_access_resolved,Nigeria/GTBank,resolved,frustrated -> relieved,neutral_positive_throughout,account_access,0.0,0.444,0.556,0.3612
GS_049,22,AGENT,"Goodbye, take care.",golden,RESOLVED_SUPPORT,account_access_resolved,Nigeria/GTBank,resolved,frustrated -> relieved,neutral_positive_throughout,account_access,0.0,0.385,0.615,0.4939
GS_050,0,AGENT,"Good afternoon, thank you for calling KCB, my name is Femi, how may I help you today?",golden,RESOLVED_SUPPORT,account_access_resolved,Kenya/KCB,resolved,frustrated -> relieved,neutral_positive_throughout,account_access,0.0,0.616,0.384,0.7964
GS_050,1,CUSTOMER,"Femi, good afternoon. My name is Mutua. I've been trying to log into my account since this morning and it is completely locked. I have an urgent payment to make and I cannot access anything.",golden,RESOLVED_SUPPORT,account_access_resolved,Kenya/KCB,resolved,frustrated -> relieved,neutral_positive_throughout,account_access,0.0,0.868,0.132,0.5719
GS_050,2,AGENT,"Good afternoon, Mutua. I'm sorry to hear this and I understand how urgent this is. Before I can access your details, I need to verify your identity. Can you please confirm your registered phone number and your national ID number?",golden,RESOLVED_SUPPORT,account_access_resolved,Kenya/KCB,resolved,frustrated -> relieved,neutral_positive_throughout,account_access,0.031,0.74,0.229,0.743
GS_050,3,CUSTOMER,Tafadhali. 0711 324 531. 24881461.,golden,RESOLVED_SUPPORT,account_access_resolved,Kenya/KCB,resolved,frustrated -> relieved,neutral_positive_throughout,account_access,0.0,1.0,0.0,0.0
GS_050,4,AGENT,"Thank you, Mutua. One moment while I pull up your account. I can see that your access was frozen this morning as a security precaution, triggered by a login from a location that didn't match your usual pattern.",golden,RESOLVED_SUPPORT,account_access_resolved,Kenya/KCB,resolved,frustrated -> relieved,neutral_positive_throughout,account_access,0.0,0.864,0.136,0.5994
GS_050,5,CUSTOMER,"That was me, I'm travelling for work this week, that's probably why.",golden,RESOLVED_SUPPORT,account_access_resolved,Kenya/KCB,resolved,frustrated -> relieved,neutral_positive_throughout,account_access,0.0,1.0,0.0,0.0
GS_050,6,AGENT,Understood — that explains it. This kind of thing triggers an automatic freeze as a security measure. I'll need to complete a secondary verification before I can restore your access. I'm going to ask you three security questions — please answer exactly as you registered.,golden,RESOLVED_SUPPORT,account_access_resolved,Kenya/KCB,resolved,frustrated -> relieved,neutral_positive_throughout,account_access,0.0,0.769,0.231,0.8176
GS_050,7,CUSTOMER,"Okay, go ahead.",golden,RESOLVED_SUPPORT,account_access_resolved,Kenya/KCB,resolved,frustrated -> relieved,neutral_positive_throughout,account_access,0.0,0.513,0.487,0.2263
GS_050,8,AGENT,First — what is the name of the primary beneficiary on your account?,golden,RESOLVED_SUPPORT,account_access_resolved,Kenya/KCB,resolved,frustrated -> relieved,neutral_positive_throughout,account_access,0.0,0.78,0.22,0.4767
GS_050,9,CUSTOMER,Kamau.,golden,RESOLVED_SUPPORT,account_access_resolved,Kenya/KCB,resolved,frustrated -> relieved,neutral_positive_throughout,account_access,0.0,1.0,0.0,0.0
GS_050,10,AGENT,Correct. Second — what was the amount of your last inward transfer to this account?,golden,RESOLVED_SUPPORT,account_access_resolved,Kenya/KCB,resolved,frustrated -> relieved,neutral_positive_throughout,account_access,0.0,1.0,0.0,0.0
GS_050,11,CUSTOMER,"KSh 18,019.",golden,RESOLVED_SUPPORT,account_access_resolved,Kenya/KCB,resolved,frustrated -> relieved,neutral_positive_throughout,account_access,0.0,1.0,0.0,0.0
GS_050,12,AGENT,Correct. Third — can you confirm the main branch?,golden,RESOLVED_SUPPORT,account_access_resolved,Kenya/KCB,resolved,frustrated -> relieved,neutral_positive_throughout,account_access,0.0,1.0,0.0,0.0
GS_050,13,CUSTOMER,"Yes, that's correct.",golden,RESOLVED_SUPPORT,account_access_resolved,Kenya/KCB,resolved,frustrated -> relieved,neutral_positive_throughout,account_access,0.0,0.426,0.574,0.4019
GS_050,14,AGENT,"Thank you, Mutua. All three verified. I'm restoring your access now — this will take approximately sixty seconds. Your reference number for this is KCB-ACC-20260615-7727.",golden,RESOLVED_SUPPORT,account_access_resolved,Kenya/KCB,resolved,frustrated -> relieved,neutral_positive_throughout,account_access,0.0,0.778,0.222,0.6124
GS_050,15,CUSTOMER,"Okay, thank you.",golden,RESOLVED_SUPPORT,account_access_resolved,Kenya/KCB,resolved,frustrated -> relieved,neutral_positive_throughout,account_access,0.0,0.185,0.815,0.5267
GS_050,16,AGENT,"Your access has been restored. Can you try logging in now while we're still on the call, just to confirm everything is working?",golden,RESOLVED_SUPPORT,account_access_resolved,Kenya/KCB,resolved,frustrated -> relieved,neutral_positive_throughout,account_access,0.0,0.902,0.098,0.34
GS_050,17,CUSTOMER,"One moment... yes! I'm in, I can see my dashboard now. Thank you so much.",golden,RESOLVED_SUPPORT,account_access_resolved,Kenya/KCB,resolved,frustrated -> relieved,neutral_positive_throughout,account_access,0.0,0.686,0.314,0.6696
GS_050,18,AGENT,"Perfect. For your security, the earlier session has been terminated and won't be able to access your account again. Is there anything else I can help you with today?",golden,RESOLVED_SUPPORT,account_access_resolved,Kenya/KCB,resolved,frustrated -> relieved,neutral_positive_throughout,account_access,0.0,0.74,0.26,0.8316
GS_050,19,CUSTOMER,"No, that's all, thank you.",golden,RESOLVED_SUPPORT,account_access_resolved,Kenya/KCB,resolved,frustrated -> relieved,neutral_positive_throughout,account_access,0.286,0.39,0.325,0.0772
GS_050,20,AGENT,"You're very welcome, Mutua. I'm glad we could resolve this for you quickly.",golden,RESOLVED_SUPPORT,account_access_resolved,Kenya/KCB,resolved,frustrated -> relieved,neutral_positive_throughout,account_access,0.0,0.529,0.471,0.8357
GS_050,21,CUSTOMER,Thank you. Goodbye.,golden,RESOLVED_SUPPORT,account_access_resolved,Kenya/KCB,resolved,frustrated -> relieved,neutral_positive_throughout,account_access,0.0,0.444,0.556,0.3612
GS_050,22,AGENT,"Goodbye, take care.",golden,RESOLVED_SUPPORT,account_access_resolved,Kenya/KCB,resolved,frustrated -> relieved,neutral_positive_throughout,account_access,0.0,0.385,0.615,0.4939
GS_051,0,AGENT,"Good afternoon, thank you for calling Emirates NBD, my name is Blessing, how may I help you today?",golden,RESOLVED_SUPPORT,account_access_resolved,Gulf/UAE/Emirates NBD,resolved,frustrated -> relieved,neutral_positive_throughout,account_access,0.0,0.456,0.544,0.9236
GS_051,1,CUSTOMER,"Blessing, good afternoon. My name is Fatima. I've been trying to log into my account since this morning and it is completely locked. I have an urgent payment to make and I cannot access anything.",golden,RESOLVED_SUPPORT,account_access_resolved,Gulf/UAE/Emirates NBD,resolved,frustrated -> relieved,neutral_positive_throughout,account_access,0.0,0.792,0.208,0.7845
GS_051,2,AGENT,"Good afternoon, Fatima. I'm sorry to hear this and I understand how urgent this is. Before I can access your details, I need to verify your identity. Can you please confirm your registered phone number and your Emirates ID number?",golden,RESOLVED_SUPPORT,account_access_resolved,Gulf/UAE/Emirates NBD,resolved,frustrated -> relieved,neutral_positive_throughout,account_access,0.031,0.74,0.229,0.743
GS_051,3,CUSTOMER,Shukran. 053 527 5287. 784-1984-6452831-1.,golden,RESOLVED_SUPPORT,account_access_resolved,Gulf/UAE/Emirates NBD,resolved,frustrated -> relieved,neutral_positive_throughout,account_access,0.0,1.0,0.0,0.0
GS_051,4,AGENT,"Thank you, Fatima. One moment while I pull up your account. I can see that your access was frozen this morning as a security precaution, triggered by several incorrect PIN attempts in a short window.",golden,RESOLVED_SUPPORT,account_access_resolved,Gulf/UAE/Emirates NBD,resolved,frustrated -> relieved,neutral_positive_throughout,account_access,0.0,0.855,0.145,0.5994
GS_051,5,CUSTOMER,"That's my fault, I mistyped my PIN a few times this morning, sorry about that.",golden,RESOLVED_SUPPORT,account_access_resolved,Gulf/UAE/Emirates NBD,resolved,frustrated -> relieved,neutral_positive_throughout,account_access,0.267,0.733,0.0,-0.4588
GS_051,6,AGENT,Understood — that explains it. This kind of thing triggers an automatic freeze as a security measure. I'll need to complete a secondary verification before I can restore your access. I'm going to ask you three security questions — please answer exactly as you registered.,golden,RESOLVED_SUPPORT,account_access_resolved,Gulf/UAE/Emirates NBD,resolved,frustrated -> relieved,neutral_positive_throughout,account_access,0.0,0.769,0.231,0.8176
GS_051,7,CUSTOMER,"Okay, go ahead.",golden,RESOLVED_SUPPORT,account_access_resolved,Gulf/UAE/Emirates NBD,resolved,frustrated -> relieved,neutral_positive_throughout,account_access,0.0,0.513,0.487,0.2263
GS_051,8,AGENT,First — what is the name of the primary beneficiary on your account?,golden,RESOLVED_SUPPORT,account_access_resolved,Gulf/UAE/Emirates NBD,resolved,frustrated -> relieved,neutral_positive_throughout,account_access,0.0,0.78,0.22,0.4767
GS_051,9,CUSTOMER,Omar.,golden,RESOLVED_SUPPORT,account_access_resolved,Gulf/UAE/Emirates NBD,resolved,frustrated -> relieved,neutral_positive_throughout,account_access,0.0,1.0,0.0,0.0
GS_051,10,AGENT,Correct. Second — what was the amount of your last inward transfer to this account?,golden,RESOLVED_SUPPORT,account_access_resolved,Gulf/UAE/Emirates NBD,resolved,frustrated -> relieved,neutral_positive_throughout,account_access,0.0,1.0,0.0,0.0
GS_051,11,CUSTOMER,"AED 2,615.",golden,RESOLVED_SUPPORT,account_access_resolved,Gulf/UAE/Emirates NBD,resolved,frustrated -> relieved,neutral_positive_throughout,account_access,0.0,1.0,0.0,0.0
GS_051,12,AGENT,Correct. Third — can you confirm the main branch?,golden,RESOLVED_SUPPORT,account_access_resolved,Gulf/UAE/Emirates NBD,resolved,frustrated -> relieved,neutral_positive_throughout,account_access,0.0,1.0,0.0,0.0
GS_051,13,CUSTOMER,"Yes, that's correct.",golden,RESOLVED_SUPPORT,account_access_resolved,Gulf/UAE/Emirates NBD,resolved,frustrated -> relieved,neutral_positive_throughout,account_access,0.0,0.426,0.574,0.4019
GS_051,14,AGENT,"Thank you, Fatima. All three verified. I'm restoring your access now — this will take approximately sixty seconds. Your reference number for this is ENBD-ACC-20260708-9612.",golden,RESOLVED_SUPPORT,account_access_resolved,Gulf/UAE/Emirates NBD,resolved,frustrated -> relieved,neutral_positive_throughout,account_access,0.0,0.778,0.222,0.6124
GS_051,15,CUSTOMER,"Okay, thank you.",golden,RESOLVED_SUPPORT,account_access_resolved,Gulf/UAE/Emirates NBD,resolved,frustrated -> relieved,neutral_positive_throughout,account_access,0.0,0.185,0.815,0.5267
GS_051,16,AGENT,"Your access has been restored. Can you try logging in now while we're still on the call, just to confirm everything is working?",golden,RESOLVED_SUPPORT,account_access_resolved,Gulf/UAE/Emirates NBD,resolved,frustrated -> relieved,neutral_positive_throughout,account_access,0.0,0.902,0.098,0.34
GS_051,17,CUSTOMER,"One moment... yes! I'm in, I can see my dashboard now. Thank you so much.",golden,RESOLVED_SUPPORT,account_access_resolved,Gulf/UAE/Emirates NBD,resolved,frustrated -> relieved,neutral_positive_throughout,account_access,0.0,0.686,0.314,0.6696
GS_051,18,AGENT,"Perfect. For your security, the earlier session has been terminated and won't be able to access your account again. Is there anything else I can help you with today?",golden,RESOLVED_SUPPORT,account_access_resolved,Gulf/UAE/Emirates NBD,resolved,frustrated -> relieved,neutral_positive_throughout,account_access,0.0,0.74,0.26,0.8316
GS_051,19,CUSTOMER,"No, that's all, thank you.",golden,RESOLVED_SUPPORT,account_access_resolved,Gulf/UAE/Emirates NBD,resolved,frustrated -> relieved,neutral_positive_throughout,account_access,0.286,0.39,0.325,0.0772
GS_051,20,AGENT,"You're very welcome, Fatima. I'm glad we could resolve this for you quickly.",golden,RESOLVED_SUPPORT,account_access_resolved,Gulf/UAE/Emirates NBD,resolved,frustrated -> relieved,neutral_positive_throughout,account_access,0.0,0.529,0.471,0.8357
GS_051,21,CUSTOMER,Thank you. Goodbye.,golden,RESOLVED_SUPPORT,account_access_resolved,Gulf/UAE/Emirates NBD,resolved,frustrated -> relieved,neutral_positive_throughout,account_access,0.0,0.444,0.556,0.3612
GS_051,22,AGENT,"Goodbye, take care.",golden,RESOLVED_SUPPORT,account_access_resolved,Gulf/UAE/Emirates NBD,resolved,frustrated -> relieved,neutral_positive_throughout,account_access,0.0,0.385,0.615,0.4939
GS_052,0,AGENT,"Good afternoon, thank you for calling Moniepoint, my name is Ada, how may I help you today?",golden,RESOLVED_SUPPORT,account_access_resolved,Nigeria/Moniepoint,resolved,frustrated -> relieved,neutral_positive_throughout,account_access,0.0,0.616,0.384,0.7964
GS_052,1,CUSTOMER,"Ada, good afternoon. My name is Uche. I've been trying to log into my account since this morning and it is completely locked. I have an urgent payment to make and I cannot access anything.",golden,RESOLVED_SUPPORT,account_access_resolved,Nigeria/Moniepoint,resolved,frustrated -> relieved,neutral_positive_throughout,account_access,0.0,0.868,0.132,0.5719
GS_052,2,AGENT,"Good afternoon, Uche. I'm sorry to hear this and I understand how urgent this is. Before I can access your details, I need to verify your identity. Can you please confirm your registered phone number and your BVN?",golden,RESOLVED_SUPPORT,account_access_resolved,Nigeria/Moniepoint,resolved,frustrated -> relieved,neutral_positive_throughout,account_access,0.033,0.758,0.21,0.7184
GS_052,3,CUSTOMER,Please o. 0803775883. 50100346928.,golden,RESOLVED_SUPPORT,account_access_resolved,Nigeria/Moniepoint,resolved,frustrated -> relieved,neutral_positive_throughout,account_access,0.0,0.566,0.434,0.3182
GS_052,4,AGENT,"Thank you, Uche. One moment while I pull up your account. I can see that your access was frozen this morning as a security precaution, triggered by a login attempt from a device we didn't recognize.",golden,RESOLVED_SUPPORT,account_access_resolved,Nigeria/Moniepoint,resolved,frustrated -> relieved,neutral_positive_throughout,account_access,0.0,0.855,0.145,0.5994
GS_052,5,CUSTOMER,That was me — I was using a colleague's phone because mine had no charge.,golden,RESOLVED_SUPPORT,account_access_resolved,Nigeria/Moniepoint,resolved,frustrated -> relieved,neutral_positive_throughout,account_access,0.167,0.833,0.0,-0.296
GS_052,6,AGENT,Understood — that explains it. This kind of thing triggers an automatic freeze as a security measure. I'll need to complete a secondary verification before I can restore your access. I'm going to ask you three security questions — please answer exactly as you registered.,golden,RESOLVED_SUPPORT,account_access_resolved,Nigeria/Moniepoint,resolved,frustrated -> relieved,neutral_positive_throughout,account_access,0.0,0.769,0.231,0.8176
GS_052,7,CUSTOMER,"Okay, go ahead.",golden,RESOLVED_SUPPORT,account_access_resolved,Nigeria/Moniepoint,resolved,frustrated -> relieved,neutral_positive_throughout,account_access,0.0,0.513,0.487,0.2263
GS_052,8,AGENT,First — what is the name of the primary beneficiary on your account?,golden,RESOLVED_SUPPORT,account_access_resolved,Nigeria/Moniepoint,resolved,frustrated -> relieved,neutral_positive_throughout,account_access,0.0,0.78,0.22,0.4767
GS_052,9,CUSTOMER,Uche.,golden,RESOLVED_SUPPORT,account_access_resolved,Nigeria/Moniepoint,resolved,frustrated -> relieved,neutral_positive_throughout,account_access,0.0,1.0,0.0,0.0
GS_052,10,AGENT,Correct. Second — what was the amount of your last inward transfer to this account?,golden,RESOLVED_SUPPORT,account_access_resolved,Nigeria/Moniepoint,resolved,frustrated -> relieved,neutral_positive_throughout,account_access,0.0,1.0,0.0,0.0
GS_052,11,CUSTOMER,"₦19,441.",golden,RESOLVED_SUPPORT,account_access_resolved,Nigeria/Moniepoint,resolved,frustrated -> relieved,neutral_positive_throughout,account_access,0.0,1.0,0.0,0.0
GS_052,12,AGENT,Correct. Third — can you confirm the branch you originally opened the account at?,golden,RESOLVED_SUPPORT,account_access_resolved,Nigeria/Moniepoint,resolved,frustrated -> relieved,neutral_positive_throughout,account_access,0.0,1.0,0.0,0.0
GS_052,13,CUSTOMER,"Yes, that's correct.",golden,RESOLVED_SUPPORT,account_access_resolved,Nigeria/Moniepoint,resolved,frustrated -> relieved,neutral_positive_throughout,account_access,0.0,0.426,0.574,0.4019
GS_052,14,AGENT,"Thank you, Uche. All three verified. I'm restoring your access now — this will take approximately sixty seconds. Your reference number for this is MP-ACC-20260713-2522.",golden,RESOLVED_SUPPORT,account_access_resolved,Nigeria/Moniepoint,resolved,frustrated -> relieved,neutral_positive_throughout,account_access,0.0,0.778,0.222,0.6124
GS_052,15,CUSTOMER,"Okay, thank you.",golden,RESOLVED_SUPPORT,account_access_resolved,Nigeria/Moniepoint,resolved,frustrated -> relieved,neutral_positive_throughout,account_access,0.0,0.185,0.815,0.5267
GS_052,16,AGENT,"Your access has been restored. Can you try logging in now while we're still on the call, just to confirm everything is working?",golden,RESOLVED_SUPPORT,account_access_resolved,Nigeria/Moniepoint,resolved,frustrated -> relieved,neutral_positive_throughout,account_access,0.0,0.902,0.098,0.34
GS_052,17,CUSTOMER,"One moment... yes! I'm in, I can see my dashboard now. Thank you so much.",golden,RESOLVED_SUPPORT,account_access_resolved,Nigeria/Moniepoint,resolved,frustrated -> relieved,neutral_positive_throughout,account_access,0.0,0.686,0.314,0.6696
GS_052,18,AGENT,"Perfect. For your security, the earlier session has been terminated and won't be able to access your account again. Is there anything else I can help you with today?",golden,RESOLVED_SUPPORT,account_access_resolved,Nigeria/Moniepoint,resolved,frustrated -> relieved,neutral_positive_throughout,account_access,0.0,0.74,0.26,0.8316
GS_052,19,CUSTOMER,"No, that's all, thank you.",golden,RESOLVED_SUPPORT,account_access_resolved,Nigeria/Moniepoint,resolved,frustrated -> relieved,neutral_positive_throughout,account_access,0.286,0.39,0.325,0.0772
GS_052,20,AGENT,"You're very welcome, Uche. I'm glad we could resolve this for you quickly.",golden,RESOLVED_SUPPORT,account_access_resolved,Nigeria/Moniepoint,resolved,frustrated -> relieved,neutral_positive_throughout,account_access,0.0,0.529,0.471,0.8357
GS_052,21,CUSTOMER,Thank you. Goodbye.,golden,RESOLVED_SUPPORT,account_access_resolved,Nigeria/Moniepoint,resolved,frustrated -> relieved,neutral_positive_throughout,account_access,0.0,0.444,0.556,0.3612
GS_052,22,AGENT,"Goodbye, take care.",golden,RESOLVED_SUPPORT,account_access_resolved,Nigeria/Moniepoint,resolved,frustrated -> relieved,neutral_positive_throughout,account_access,0.0,0.385,0.615,0.4939
GS_053,0,AGENT,"Good afternoon, thank you for calling Moniepoint, my name is Chinwe, how may I assist you today?",golden,UNRESOLVED_COMPLAINT,service_quality_complaint,Nigeria/Moniepoint,unresolved,calm -> frustrated,neutral_throughout,service_complaint,0.0,0.722,0.278,0.6597
GS_053,1,CUSTOMER,"Good day, Chinwe. My name is Ifeoma. I'm reaching out because I was kept waiting over 40 minutes at the branch today, and when I finally got to the counter, the staff member was dismissive and unhelpful about a simple request. I don't think this is acceptable service from an institution I've banked with for years.",golden,UNRESOLVED_COMPLAINT,service_quality_complaint,Nigeria/Moniepoint,unresolved,calm -> frustrated,neutral_throughout,service_complaint,0.0,0.875,0.125,0.7184
GS_053,2,AGENT,"I am sorry to hear about your experience, Ifeoma. I understand how you feel and I sincerely apologize for the inconvenience. To look into this, could you please provide your registered phone number?",golden,UNRESOLVED_COMPLAINT,service_quality_complaint,Nigeria/Moniepoint,unresolved,calm -> frustrated,neutral_throughout,service_complaint,0.106,0.669,0.226,0.5106
GS_053,3,CUSTOMER,0807722802.,golden,UNRESOLVED_COMPLAINT,service_quality_complaint,Nigeria/Moniepoint,unresolved,calm -> frustrated,neutral_throughout,service_complaint,0.0,1.0,0.0,0.0
GS_053,4,AGENT,"Thank you, Ifeoma. Let me pull up your account and the branch visit log for August 26, 2026.",golden,UNRESOLVED_COMPLAINT,service_quality_complaint,Nigeria/Moniepoint,unresolved,calm -> frustrated,neutral_throughout,service_complaint,0.0,0.872,0.128,0.3612
GS_053,5,CUSTOMER,"Okay, please.",golden,UNRESOLVED_COMPLAINT,service_quality_complaint,Nigeria/Moniepoint,unresolved,calm -> frustrated,neutral_throughout,service_complaint,0.0,0.0,1.0,0.4939
GS_053,6,AGENT,"Thank you for providing that. I can see the record here. I want to assure you that Moniepoint takes service quality very seriously. I will escalate this complaint to our review team, and the appropriate action will be taken.",golden,UNRESOLVED_COMPLAINT,service_quality_complaint,Nigeria/Moniepoint,unresolved,calm -> frustrated,neutral_throughout,service_complaint,0.108,0.744,0.149,0.1796
GS_053,7,CUSTOMER,"What does appropriate action mean exactly? Because this is not the first time I'm hearing about this kind of thing, and I want to know something will actually be done, not just an apology.",golden,UNRESOLVED_COMPLAINT,service_quality_complaint,Nigeria/Moniepoint,unresolved,calm -> frustrated,neutral_throughout,service_complaint,0.034,0.927,0.039,0.0392
GS_053,8,AGENT,"I completely understand your concern. Our team will thoroughly review the complaint and take the necessary steps in line with policy. I'm not able to confirm the specific outcome at this time, but your feedback will not be ignored.",golden,UNRESOLVED_COMPLAINT,service_quality_complaint,Nigeria/Moniepoint,unresolved,calm -> frustrated,neutral_throughout,service_complaint,0.043,0.896,0.061,0.1806
GS_053,9,CUSTOMER,E don do! So you cannot tell me if anything will actually happen. I am just supposed to wait and hope?,golden,UNRESOLVED_COMPLAINT,service_quality_complaint,Nigeria/Moniepoint,unresolved,calm -> frustrated,neutral_throughout,service_complaint,0.0,0.849,0.151,0.4926
GS_053,10,AGENT,"I sincerely apologize, Ifeoma. What I can do is log your complaint formally — your reference number is MP-CMP-20260607-1717 — and ensure it's passed to the relevant team. You may receive a follow-up within five to seven business days.",golden,UNRESOLVED_COMPLAINT,service_quality_complaint,Nigeria/Moniepoint,unresolved,calm -> frustrated,neutral_throughout,service_complaint,0.056,0.732,0.212,0.6369
GS_053,11,CUSTOMER,Five to seven business days. And in the meantime nothing changes for anyone else who deals with this.,golden,UNRESOLVED_COMPLAINT,service_quality_complaint,Nigeria/Moniepoint,unresolved,calm -> frustrated,neutral_throughout,service_complaint,0.0,1.0,0.0,0.0
GS_053,12,AGENT,"I hear your frustration, Ifeoma, and I want to assure you we take these matters seriously. The complaint has been logged under reference MP-CMP-20260607-1717.",golden,UNRESOLVED_COMPLAINT,service_quality_complaint,Nigeria/Moniepoint,unresolved,calm -> frustrated,neutral_throughout,service_complaint,0.252,0.576,0.173,-0.4939
GS_053,13,CUSTOMER,"Chinwe, with all due respect, you've said sorry and 'we will look into it' more than once now, and nothing concrete has been said. I am not satisfied with this response at all.",golden,UNRESOLVED_COMPLAINT,service_quality_complaint,Nigeria/Moniepoint,unresolved,calm -> frustrated,neutral_throughout,service_complaint,0.102,0.812,0.087,0.12
GS_053,14,AGENT,"I sincerely apologize that I haven't been able to provide the specific resolution you were hoping for today. This is the process we have in place, and I assure you your complaint is being taken seriously. Is there anything else I can help with?",golden,UNRESOLVED_COMPLAINT,service_quality_complaint,Nigeria/Moniepoint,unresolved,calm -> frustrated,neutral_throughout,service_complaint,0.079,0.669,0.252,0.8176
GS_053,15,CUSTOMER,No. There's nothing else. I just hope something actually gets done.,golden,UNRESOLVED_COMPLAINT,service_quality_complaint,Nigeria/Moniepoint,unresolved,calm -> frustrated,neutral_throughout,service_complaint,0.365,0.635,0.0,-0.5583
GS_053,16,AGENT,"Thank you for bringing this to our attention, Ifeoma. We value your feedback and apologize again for your experience. Have a good day.",golden,UNRESOLVED_COMPLAINT,service_quality_complaint,Nigeria/Moniepoint,unresolved,calm -> frustrated,neutral_throughout,service_complaint,0.0,0.662,0.338,0.802
GS_054,0,AGENT,"Good afternoon, thank you for calling Bolt Food, my name is David, how may I assist you today?",golden,UNRESOLVED_COMPLAINT,service_quality_complaint,Kenya/Bolt Food,unresolved,calm -> frustrated,neutral_throughout,service_complaint,0.0,0.735,0.265,0.6597
GS_054,1,CUSTOMER,"Good day, David. My name is Mutua. I'm reaching out because my order today arrived over an hour late and completely cold, and when I messaged the rider to ask where it was, he was extremely rude to me. This isn't the kind of service I expect to pay for.",golden,UNRESOLVED_COMPLAINT,service_quality_complaint,Kenya/Bolt Food,unresolved,calm -> frustrated,neutral_throughout,service_complaint,0.088,0.824,0.088,0.0018
GS_054,2,AGENT,"I am sorry to hear about your experience, Mutua. I understand how you feel and I sincerely apologize for the inconvenience. To look into this, could you please provide your order reference number?",golden,UNRESOLVED_COMPLAINT,service_quality_complaint,Kenya/Bolt Food,unresolved,calm -> frustrated,neutral_throughout,service_complaint,0.106,0.669,0.226,0.5106
GS_054,3,CUSTOMER,"Yes, one moment. It's BLTF-TRP-20260717-7679.",golden,UNRESOLVED_COMPLAINT,service_quality_complaint,Kenya/Bolt Food,unresolved,calm -> frustrated,neutral_throughout,service_complaint,0.0,0.597,0.403,0.4019
GS_054,4,AGENT,"Thank you. And can you confirm the rider's name as it appeared in the app, and the approximate time of the order?",golden,UNRESOLVED_COMPLAINT,service_quality_complaint,Kenya/Bolt Food,unresolved,calm -> frustrated,neutral_throughout,service_complaint,0.0,0.894,0.106,0.3612
GS_054,5,CUSTOMER,"The name showed as Kelechi. It was earlier today, June 16, 2026.",golden,UNRESOLVED_COMPLAINT,service_quality_complaint,Kenya/Bolt Food,unresolved,calm -> frustrated,neutral_throughout,service_complaint,0.0,1.0,0.0,0.0
GS_054,6,AGENT,"Thank you for providing that. I can see the record here. I want to assure you that Bolt Food takes service quality very seriously. I will escalate this complaint to our review team, and the appropriate action will be taken.",golden,UNRESOLVED_COMPLAINT,service_quality_complaint,Kenya/Bolt Food,unresolved,calm -> frustrated,neutral_throughout,service_complaint,0.105,0.75,0.145,0.1796
GS_054,7,CUSTOMER,"What does appropriate action mean exactly? Because this is not the first time I'm hearing about this kind of thing, and I want to know something will actually be done, not just an apology.",golden,UNRESOLVED_COMPLAINT,service_quality_complaint,Kenya/Bolt Food,unresolved,calm -> frustrated,neutral_throughout,service_complaint,0.034,0.927,0.039,0.0392
GS_054,8,AGENT,"I completely understand your concern. Our team will thoroughly review the complaint and take the necessary steps in line with policy. I'm not able to confirm the specific outcome at this time, but your feedback will not be ignored.",golden,UNRESOLVED_COMPLAINT,service_quality_complaint,Kenya/Bolt Food,unresolved,calm -> frustrated,neutral_throughout,service_complaint,0.043,0.896,0.061,0.1806
GS_054,9,CUSTOMER,Nimechoka. So you cannot tell me if anything will actually happen. I am just supposed to wait and hope?,golden,UNRESOLVED_COMPLAINT,service_quality_complaint,Kenya/Bolt Food,unresolved,calm -> frustrated,neutral_throughout,service_complaint,0.0,0.854,0.146,0.4404
GS_054,10,AGENT,"I sincerely apologize, Mutua. What I can do is log your complaint formally — your reference number is BLTF-CMP-20260716-4149 — and ensure it's passed to the relevant team. You may receive a follow-up within five to seven business days.",golden,UNRESOLVED_COMPLAINT,service_quality_complaint,Kenya/Bolt Food,unresolved,calm -> frustrated,neutral_throughout,service_complaint,0.056,0.732,0.212,0.6369
GS_054,11,CUSTOMER,Five to seven business days. And in the meantime nothing changes for anyone else who deals with this.,golden,UNRESOLVED_COMPLAINT,service_quality_complaint,Kenya/Bolt Food,unresolved,calm -> frustrated,neutral_throughout,service_complaint,0.0,1.0,0.0,0.0
GS_054,12,AGENT,"I hear your frustration, Mutua, and I want to assure you we take these matters seriously. The complaint has been logged under reference BLTF-CMP-20260716-4149.",golden,UNRESOLVED_COMPLAINT,service_quality_complaint,Kenya/Bolt Food,unresolved,calm -> frustrated,neutral_throughout,service_complaint,0.252,0.576,0.173,-0.4939
GS_054,13,CUSTOMER,"David, with all due respect, you've said sorry and 'we will look into it' more than once now, and nothing concrete has been said. I am not satisfied with this response at all.",golden,UNRESOLVED_COMPLAINT,service_quality_complaint,Kenya/Bolt Food,unresolved,calm -> frustrated,neutral_throughout,service_complaint,0.102,0.812,0.087,0.12
GS_054,14,AGENT,"I sincerely apologize that I haven't been able to provide the specific resolution you were hoping for today. This is the process we have in place, and I assure you your complaint is being taken seriously. Is there anything else I can help with?",golden,UNRESOLVED_COMPLAINT,service_quality_complaint,Kenya/Bolt Food,unresolved,calm -> frustrated,neutral_throughout,service_complaint,0.079,0.669,0.252,0.8176
GS_054,15,CUSTOMER,No. There's nothing else. I just hope something actually gets done.,golden,UNRESOLVED_COMPLAINT,service_quality_complaint,Kenya/Bolt Food,unresolved,calm -> frustrated,neutral_throughout,service_complaint,0.365,0.635,0.0,-0.5583
GS_054,16,AGENT,"Thank you for bringing this to our attention, Mutua. We value your feedback and apologize again for your experience. Have a good day.",golden,UNRESOLVED_COMPLAINT,service_quality_complaint,Kenya/Bolt Food,unresolved,calm -> frustrated,neutral_throughout,service_complaint,0.0,0.662,0.338,0.802
GS_055,0,AGENT,"Good afternoon, thank you for calling Talabat, my name is Kelechi, how may I assist you today?",golden,UNRESOLVED_COMPLAINT,service_quality_complaint,Gulf/UAE/Talabat,unresolved,calm -> frustrated,neutral_throughout,service_complaint,0.0,0.722,0.278,0.6597
GS_055,1,CUSTOMER,"Good day, Kelechi. My name is Huda. I'm reaching out because my order today arrived over an hour late and completely cold, and when I messaged the rider to ask where it was, he was extremely rude to me. This isn't the kind of service I expect to pay for.",golden,UNRESOLVED_COMPLAINT,service_quality_complaint,Gulf/UAE/Talabat,unresolved,calm -> frustrated,neutral_throughout,service_complaint,0.088,0.824,0.088,0.0018
GS_055,2,AGENT,"I am sorry to hear about your experience, Huda. I understand how you feel and I sincerely apologize for the inconvenience. To look into this, could you please provide your order reference number?",golden,UNRESOLVED_COMPLAINT,service_quality_complaint,Gulf/UAE/Talabat,unresolved,calm -> frustrated,neutral_throughout,service_complaint,0.106,0.669,0.226,0.5106
GS_055,3,CUSTOMER,"Yes, one moment. It's TLB-TRP-20260708-2409.",golden,UNRESOLVED_COMPLAINT,service_quality_complaint,Gulf/UAE/Talabat,unresolved,calm -> frustrated,neutral_throughout,service_complaint,0.0,0.597,0.403,0.4019
GS_055,4,AGENT,"Thank you. And can you confirm the rider's name as it appeared in the app, and the approximate time of the order?",golden,UNRESOLVED_COMPLAINT,service_quality_complaint,Gulf/UAE/Talabat,unresolved,calm -> frustrated,neutral_throughout,service_complaint,0.0,0.894,0.106,0.3612
GS_055,5,CUSTOMER,"The name showed as Michael. It was earlier today, July 27, 2026.",golden,UNRESOLVED_COMPLAINT,service_quality_complaint,Gulf/UAE/Talabat,unresolved,calm -> frustrated,neutral_throughout,service_complaint,0.0,1.0,0.0,0.0
GS_055,6,AGENT,"Thank you for providing that. I can see the record here. I want to assure you that Talabat takes service quality very seriously. I will escalate this complaint to our review team, and the appropriate action will be taken.",golden,UNRESOLVED_COMPLAINT,service_quality_complaint,Gulf/UAE/Talabat,unresolved,calm -> frustrated,neutral_throughout,service_complaint,0.108,0.744,0.149,0.1796
GS_055,7,CUSTOMER,"What does appropriate action mean exactly? Because this is not the first time I'm hearing about this kind of thing, and I want to know something will actually be done, not just an apology.",golden,UNRESOLVED_COMPLAINT,service_quality_complaint,Gulf/UAE/Talabat,unresolved,calm -> frustrated,neutral_throughout,service_complaint,0.034,0.927,0.039,0.0392
GS_055,8,AGENT,"I completely understand your concern. Our team will thoroughly review the complaint and take the necessary steps in line with policy. I'm not able to confirm the specific outcome at this time, but your feedback will not be ignored.",golden,UNRESOLVED_COMPLAINT,service_quality_complaint,Gulf/UAE/Talabat,unresolved,calm -> frustrated,neutral_throughout,service_complaint,0.043,0.896,0.061,0.1806
GS_055,9,CUSTOMER,Wallah! So you cannot tell me if anything will actually happen. I am just supposed to wait and hope?,golden,UNRESOLVED_COMPLAINT,service_quality_complaint,Gulf/UAE/Talabat,unresolved,calm -> frustrated,neutral_throughout,service_complaint,0.0,0.842,0.158,0.4926
GS_055,10,AGENT,"I sincerely apologize, Huda. What I can do is log your complaint formally — your reference number is TLB-CMP-20260809-2591 — and ensure it's passed to the relevant team. You may receive a follow-up within five to seven business days.",golden,UNRESOLVED_COMPLAINT,service_quality_complaint,Gulf/UAE/Talabat,unresolved,calm -> frustrated,neutral_throughout,service_complaint,0.056,0.732,0.212,0.6369
GS_055,11,CUSTOMER,Five to seven business days. And in the meantime nothing changes for anyone else who deals with this.,golden,UNRESOLVED_COMPLAINT,service_quality_complaint,Gulf/UAE/Talabat,unresolved,calm -> frustrated,neutral_throughout,service_complaint,0.0,1.0,0.0,0.0
GS_055,12,AGENT,"I hear your frustration, Huda, and I want to assure you we take these matters seriously. The complaint has been logged under reference TLB-CMP-20260809-2591.",golden,UNRESOLVED_COMPLAINT,service_quality_complaint,Gulf/UAE/Talabat,unresolved,calm -> frustrated,neutral_throughout,service_complaint,0.252,0.576,0.173,-0.4939
GS_055,13,CUSTOMER,"Kelechi, with all due respect, you've said sorry and 'we will look into it' more than once now, and nothing concrete has been said. I am not satisfied with this response at all.",golden,UNRESOLVED_COMPLAINT,service_quality_complaint,Gulf/UAE/Talabat,unresolved,calm -> frustrated,neutral_throughout,service_complaint,0.102,0.812,0.087,0.12
GS_055,14,AGENT,"I sincerely apologize that I haven't been able to provide the specific resolution you were hoping for today. This is the process we have in place, and I assure you your complaint is being taken seriously. Is there anything else I can help with?",golden,UNRESOLVED_COMPLAINT,service_quality_complaint,Gulf/UAE/Talabat,unresolved,calm -> frustrated,neutral_throughout,service_complaint,0.079,0.669,0.252,0.8176
GS_055,15,CUSTOMER,No. There's nothing else. I just hope something actually gets done.,golden,UNRESOLVED_COMPLAINT,service_quality_complaint,Gulf/UAE/Talabat,unresolved,calm -> frustrated,neutral_throughout,service_complaint,0.365,0.635,0.0,-0.5583
GS_055,16,AGENT,"Thank you for bringing this to our attention, Huda. We value your feedback and apologize again for your experience. Have a good day.",golden,UNRESOLVED_COMPLAINT,service_quality_complaint,Gulf/UAE/Talabat,unresolved,calm -> frustrated,neutral_throughout,service_complaint,0.0,0.662,0.338,0.802
GS_056,0,AGENT,"Good afternoon, thank you for calling Moniepoint, my name is Grace, how may I assist you today?",golden,UNRESOLVED_COMPLAINT,service_quality_complaint,Nigeria/Moniepoint,unresolved,calm -> frustrated,neutral_throughout,service_complaint,0.0,0.613,0.387,0.802
GS_056,1,CUSTOMER,"Good day, Grace. My name is Segun. I'm reaching out because I was kept waiting over 40 minutes at the branch today, and when I finally got to the counter, the staff member was dismissive and unhelpful about a simple request. I don't think this is acceptable service from an institution I've banked with for years.",golden,UNRESOLVED_COMPLAINT,service_quality_complaint,Nigeria/Moniepoint,unresolved,calm -> frustrated,neutral_throughout,service_complaint,0.0,0.83,0.17,0.8316
GS_056,2,AGENT,"I am sorry to hear about your experience, Segun. I understand how you feel and I sincerely apologize for the inconvenience. To look into this, could you please provide your registered phone number?",golden,UNRESOLVED_COMPLAINT,service_quality_complaint,Nigeria/Moniepoint,unresolved,calm -> frustrated,neutral_throughout,service_complaint,0.106,0.669,0.226,0.5106
GS_056,3,CUSTOMER,0908468158.,golden,UNRESOLVED_COMPLAINT,service_quality_complaint,Nigeria/Moniepoint,unresolved,calm -> frustrated,neutral_throughout,service_complaint,0.0,1.0,0.0,0.0
GS_056,4,AGENT,"Thank you, Segun. Let me pull up your account and the branch visit log for August 5, 2026.",golden,UNRESOLVED_COMPLAINT,service_quality_complaint,Nigeria/Moniepoint,unresolved,calm -> frustrated,neutral_throughout,service_complaint,0.0,0.872,0.128,0.3612
GS_056,5,CUSTOMER,"Okay, please.",golden,UNRESOLVED_COMPLAINT,service_quality_complaint,Nigeria/Moniepoint,unresolved,calm -> frustrated,neutral_throughout,service_complaint,0.0,0.0,1.0,0.4939
GS_056,6,AGENT,"Thank you for providing that. I can see the record here. I want to assure you that Moniepoint takes service quality very seriously. I will escalate this complaint to our review team, and the appropriate action will be taken.",golden,UNRESOLVED_COMPLAINT,service_quality_complaint,Nigeria/Moniepoint,unresolved,calm -> frustrated,neutral_throughout,service_complaint,0.108,0.744,0.149,0.1796
GS_056,7,CUSTOMER,"What does appropriate action mean exactly? Because this is not the first time I'm hearing about this kind of thing, and I want to know something will actually be done, not just an apology.",golden,UNRESOLVED_COMPLAINT,service_quality_complaint,Nigeria/Moniepoint,unresolved,calm -> frustrated,neutral_throughout,service_complaint,0.034,0.927,0.039,0.0392
GS_056,8,AGENT,"I completely understand your concern. Our team will thoroughly review the complaint and take the necessary steps in line with policy. I'm not able to confirm the specific outcome at this time, but your feedback will not be ignored.",golden,UNRESOLVED_COMPLAINT,service_quality_complaint,Nigeria/Moniepoint,unresolved,calm -> frustrated,neutral_throughout,service_complaint,0.043,0.896,0.061,0.1806
GS_056,9,CUSTOMER,E don do! So you cannot tell me if anything will actually happen. I am just supposed to wait and hope?,golden,UNRESOLVED_COMPLAINT,service_quality_complaint,Nigeria/Moniepoint,unresolved,calm -> frustrated,neutral_throughout,service_complaint,0.0,0.849,0.151,0.4926
GS_056,10,AGENT,"I sincerely apologize, Segun. What I can do is log your complaint formally — your reference number is MP-CMP-20260803-9842 — and ensure it's passed to the relevant team. You may receive a follow-up within five to seven business days.",golden,UNRESOLVED_COMPLAINT,service_quality_complaint,Nigeria/Moniepoint,unresolved,calm -> frustrated,neutral_throughout,service_complaint,0.056,0.732,0.212,0.6369
GS_056,11,CUSTOMER,Can you at least escalate this to someone who CAN offer compensation?,golden,UNRESOLVED_COMPLAINT,service_quality_complaint,Nigeria/Moniepoint,unresolved,calm -> frustrated,neutral_throughout,service_complaint,0.0,1.0,0.0,0.0
GS_056,12,AGENT,"I can flag it for a supervisor's attention, though I can't guarantee they'll be able to offer more than what I've already outlined.",golden,UNRESOLVED_COMPLAINT,service_quality_complaint,Nigeria/Moniepoint,unresolved,calm -> frustrated,neutral_throughout,service_complaint,0.084,0.916,0.0,-0.1877
GS_056,13,CUSTOMER,Five to seven business days. And in the meantime nothing changes for anyone else who deals with this.,golden,UNRESOLVED_COMPLAINT,service_quality_complaint,Nigeria/Moniepoint,unresolved,calm -> frustrated,neutral_throughout,service_complaint,0.0,1.0,0.0,0.0
GS_056,14,AGENT,"I hear your frustration, Segun, and I want to assure you we take these matters seriously. The complaint has been logged under reference MP-CMP-20260803-9842.",golden,UNRESOLVED_COMPLAINT,service_quality_complaint,Nigeria/Moniepoint,unresolved,calm -> frustrated,neutral_throughout,service_complaint,0.252,0.576,0.173,-0.4939
GS_056,15,CUSTOMER,"Grace, with all due respect, you've said sorry and 'we will look into it' more than once now, and nothing concrete has been said. I am not satisfied with this response at all.",golden,UNRESOLVED_COMPLAINT,service_quality_complaint,Nigeria/Moniepoint,unresolved,calm -> frustrated,neutral_throughout,service_complaint,0.097,0.746,0.157,0.5053
GS_056,16,AGENT,"I sincerely apologize that I haven't been able to provide the specific resolution you were hoping for today. This is the process we have in place, and I assure you your complaint is being taken seriously. Is there anything else I can help with?",golden,UNRESOLVED_COMPLAINT,service_quality_complaint,Nigeria/Moniepoint,unresolved,calm -> frustrated,neutral_throughout,service_complaint,0.079,0.669,0.252,0.8176
GS_056,17,CUSTOMER,No. There's nothing else. I just hope something actually gets done.,golden,UNRESOLVED_COMPLAINT,service_quality_complaint,Nigeria/Moniepoint,unresolved,calm -> frustrated,neutral_throughout,service_complaint,0.365,0.635,0.0,-0.5583
GS_056,18,AGENT,"Thank you for bringing this to our attention, Segun. We value your feedback and apologize again for your experience. Have a good day.",golden,UNRESOLVED_COMPLAINT,service_quality_complaint,Nigeria/Moniepoint,unresolved,calm -> frustrated,neutral_throughout,service_complaint,0.0,0.662,0.338,0.802
GS_057,0,AGENT,"Good afternoon, thank you for calling Uber, my name is Grace, how may I assist you today?",golden,UNRESOLVED_COMPLAINT,service_quality_complaint,Kenya/Uber,unresolved,calm -> frustrated,neutral_throughout,service_complaint,0.0,0.613,0.387,0.802
GS_057,1,CUSTOMER,"Good day, Grace. My name is Wambui. I'm reaching out because I booked a ride today from my home to my office and had a very bad experience with the driver. He showed up 20 minutes late, was rude when I mentioned it, and then tried to push me to cancel and rebook at a higher fare. I have heard about drivers behaving this way before, but today I experienced it myself, and this should not be happening.",golden,UNRESOLVED_COMPLAINT,service_quality_complaint,Kenya/Uber,unresolved,calm -> frustrated,neutral_throughout,service_complaint,0.077,0.854,0.069,-0.1646
GS_057,2,AGENT,"I am sorry to hear about your experience, Wambui. I understand how you feel and I sincerely apologize for the inconvenience. To look into this, could you please provide your trip reference number?",golden,UNRESOLVED_COMPLAINT,service_quality_complaint,Kenya/Uber,unresolved,calm -> frustrated,neutral_throughout,service_complaint,0.106,0.669,0.226,0.5106
GS_057,3,CUSTOMER,"Yes, one moment. It's UBR-TRP-20260705-6828.",golden,UNRESOLVED_COMPLAINT,service_quality_complaint,Kenya/Uber,unresolved,calm -> frustrated,neutral_throughout,service_complaint,0.0,0.597,0.403,0.4019
GS_057,4,AGENT,"Thank you. And can you confirm the driver's name as it appeared in the app, and the approximate time of the trip?",golden,UNRESOLVED_COMPLAINT,service_quality_complaint,Kenya/Uber,unresolved,calm -> frustrated,neutral_throughout,service_complaint,0.0,0.894,0.106,0.3612
GS_057,5,CUSTOMER,"The name showed as Ifeanyi. It was earlier today, July 21, 2026.",golden,UNRESOLVED_COMPLAINT,service_quality_complaint,Kenya/Uber,unresolved,calm -> frustrated,neutral_throughout,service_complaint,0.0,1.0,0.0,0.0
GS_057,6,AGENT,"Thank you for providing that. I can see the record here. I want to assure you that Uber takes service quality very seriously. I will escalate this complaint to our review team, and the appropriate action will be taken.",golden,UNRESOLVED_COMPLAINT,service_quality_complaint,Kenya/Uber,unresolved,calm -> frustrated,neutral_throughout,service_complaint,0.108,0.744,0.149,0.1796
GS_057,7,CUSTOMER,"What does appropriate action mean exactly? Because this is not the first time I'm hearing about this kind of thing, and I want to know something will actually be done, not just an apology.",golden,UNRESOLVED_COMPLAINT,service_quality_complaint,Kenya/Uber,unresolved,calm -> frustrated,neutral_throughout,service_complaint,0.034,0.927,0.039,0.0392
GS_057,8,AGENT,"I completely understand your concern. Our team will thoroughly review the complaint and take the necessary steps in line with policy. I'm not able to confirm the specific outcome at this time, but your feedback will not be ignored.",golden,UNRESOLVED_COMPLAINT,service_quality_complaint,Kenya/Uber,unresolved,calm -> frustrated,neutral_throughout,service_complaint,0.043,0.896,0.061,0.1806
GS_057,9,CUSTOMER,Hii haikubaliki! So you cannot tell me if anything will actually happen. I am just supposed to wait and hope?,golden,UNRESOLVED_COMPLAINT,service_quality_complaint,Kenya/Uber,unresolved,calm -> frustrated,neutral_throughout,service_complaint,0.0,0.849,0.151,0.4926
GS_057,10,AGENT,"I sincerely apologize, Wambui. What I can do is log your complaint formally — your reference number is UBR-CMP-20260625-2599 — and ensure it's passed to the relevant team. You may receive a follow-up within five to seven business days.",golden,UNRESOLVED_COMPLAINT,service_quality_complaint,Kenya/Uber,unresolved,calm -> frustrated,neutral_throughout,service_complaint,0.056,0.732,0.212,0.6369
GS_057,11,CUSTOMER,Five to seven business days. And in the meantime nothing changes for anyone else who deals with this.,golden,UNRESOLVED_COMPLAINT,service_quality_complaint,Kenya/Uber,unresolved,calm -> frustrated,neutral_throughout,service_complaint,0.0,1.0,0.0,0.0
GS_057,12,AGENT,"I hear your frustration, Wambui, and I want to assure you we take these matters seriously. The complaint has been logged under reference UBR-CMP-20260625-2599.",golden,UNRESOLVED_COMPLAINT,service_quality_complaint,Kenya/Uber,unresolved,calm -> frustrated,neutral_throughout,service_complaint,0.252,0.576,0.173,-0.4939
GS_057,13,CUSTOMER,"Grace, with all due respect, you've said sorry and 'we will look into it' more than once now, and nothing concrete has been said. I am not satisfied with this response at all.",golden,UNRESOLVED_COMPLAINT,service_quality_complaint,Kenya/Uber,unresolved,calm -> frustrated,neutral_throughout,service_complaint,0.097,0.746,0.157,0.5053
GS_057,14,AGENT,"I sincerely apologize that I haven't been able to provide the specific resolution you were hoping for today. This is the process we have in place, and I assure you your complaint is being taken seriously. Is there anything else I can help with?",golden,UNRESOLVED_COMPLAINT,service_quality_complaint,Kenya/Uber,unresolved,calm -> frustrated,neutral_throughout,service_complaint,0.079,0.669,0.252,0.8176
GS_057,15,CUSTOMER,No. There's nothing else. I just hope something actually gets done.,golden,UNRESOLVED_COMPLAINT,service_quality_complaint,Kenya/Uber,unresolved,calm -> frustrated,neutral_throughout,service_complaint,0.365,0.635,0.0,-0.5583
GS_057,16,AGENT,"Thank you for bringing this to our attention, Wambui. We value your feedback and apologize again for your experience. Have a good day.",golden,UNRESOLVED_COMPLAINT,service_quality_complaint,Kenya/Uber,unresolved,calm -> frustrated,neutral_throughout,service_complaint,0.0,0.662,0.338,0.802
GS_058,0,AGENT,"Good afternoon, thank you for calling Mashreq Neo, my name is Zainab, how may I assist you today?",golden,UNRESOLVED_COMPLAINT,service_quality_complaint,Gulf/UAE/Mashreq Neo,unresolved,calm -> frustrated,neutral_throughout,service_complaint,0.0,0.735,0.265,0.6597
GS_058,1,CUSTOMER,"Good day, Zainab. My name is Noura. I'm reaching out because I was kept waiting over 40 minutes at the branch today, and when I finally got to the counter, the staff member was dismissive and unhelpful about a simple request. I don't think this is acceptable service from an institution I've banked with for years.",golden,UNRESOLVED_COMPLAINT,service_quality_complaint,Gulf/UAE/Mashreq Neo,unresolved,calm -> frustrated,neutral_throughout,service_complaint,0.0,0.875,0.125,0.7184
GS_058,2,AGENT,"I am sorry to hear about your experience, Noura. I understand how you feel and I sincerely apologize for the inconvenience. To look into this, could you please provide your registered phone number?",golden,UNRESOLVED_COMPLAINT,service_quality_complaint,Gulf/UAE/Mashreq Neo,unresolved,calm -> frustrated,neutral_throughout,service_complaint,0.106,0.669,0.226,0.5106
GS_058,3,CUSTOMER,050 533 5174.,golden,UNRESOLVED_COMPLAINT,service_quality_complaint,Gulf/UAE/Mashreq Neo,unresolved,calm -> frustrated,neutral_throughout,service_complaint,0.0,1.0,0.0,0.0
GS_058,4,AGENT,"Thank you, Noura. Let me pull up your account and the branch visit log for July 8, 2026.",golden,UNRESOLVED_COMPLAINT,service_quality_complaint,Gulf/UAE/Mashreq Neo,unresolved,calm -> frustrated,neutral_throughout,service_complaint,0.0,0.872,0.128,0.3612
GS_058,5,CUSTOMER,"Okay, please.",golden,UNRESOLVED_COMPLAINT,service_quality_complaint,Gulf/UAE/Mashreq Neo,unresolved,calm -> frustrated,neutral_throughout,service_complaint,0.0,0.0,1.0,0.4939
GS_058,6,AGENT,"Thank you for providing that. I can see the record here. I want to assure you that Mashreq Neo takes service quality very seriously. I will escalate this complaint to our review team, and the appropriate action will be taken.",golden,UNRESOLVED_COMPLAINT,service_quality_complaint,Gulf/UAE/Mashreq Neo,unresolved,calm -> frustrated,neutral_throughout,service_complaint,0.105,0.75,0.145,0.1796
GS_058,7,CUSTOMER,"What does appropriate action mean exactly? Because this is not the first time I'm hearing about this kind of thing, and I want to know something will actually be done, not just an apology.",golden,UNRESOLVED_COMPLAINT,service_quality_complaint,Gulf/UAE/Mashreq Neo,unresolved,calm -> frustrated,neutral_throughout,service_complaint,0.034,0.927,0.039,0.0392
GS_058,8,AGENT,"I completely understand your concern. Our team will thoroughly review the complaint and take the necessary steps in line with policy. I'm not able to confirm the specific outcome at this time, but your feedback will not be ignored.",golden,UNRESOLVED_COMPLAINT,service_quality_complaint,Gulf/UAE/Mashreq Neo,unresolved,calm -> frustrated,neutral_throughout,service_complaint,0.043,0.896,0.061,0.1806
GS_058,9,CUSTOMER,Wallah! So you cannot tell me if anything will actually happen. I am just supposed to wait and hope?,golden,UNRESOLVED_COMPLAINT,service_quality_complaint,Gulf/UAE/Mashreq Neo,unresolved,calm -> frustrated,neutral_throughout,service_complaint,0.0,0.842,0.158,0.4926
GS_058,10,AGENT,"I sincerely apologize, Noura. What I can do is log your complaint formally — your reference number is MQ-CMP-20260612-4995 — and ensure it's passed to the relevant team. You may receive a follow-up within five to seven business days.",golden,UNRESOLVED_COMPLAINT,service_quality_complaint,Gulf/UAE/Mashreq Neo,unresolved,calm -> frustrated,neutral_throughout,service_complaint,0.056,0.732,0.212,0.6369
GS_058,11,CUSTOMER,Can you at least escalate this to someone who CAN offer compensation?,golden,UNRESOLVED_COMPLAINT,service_quality_complaint,Gulf/UAE/Mashreq Neo,unresolved,calm -> frustrated,neutral_throughout,service_complaint,0.0,1.0,0.0,0.0
GS_058,12,AGENT,"I can flag it for a supervisor's attention, though I can't guarantee they'll be able to offer more than what I've already outlined.",golden,UNRESOLVED_COMPLAINT,service_quality_complaint,Gulf/UAE/Mashreq Neo,unresolved,calm -> frustrated,neutral_throughout,service_complaint,0.084,0.916,0.0,-0.1877
GS_058,13,CUSTOMER,Five to seven business days. And in the meantime nothing changes for anyone else who deals with this.,golden,UNRESOLVED_COMPLAINT,service_quality_complaint,Gulf/UAE/Mashreq Neo,unresolved,calm -> frustrated,neutral_throughout,service_complaint,0.0,1.0,0.0,0.0
GS_058,14,AGENT,"I hear your frustration, Noura, and I want to assure you we take these matters seriously. The complaint has been logged under reference MQ-CMP-20260612-4995.",golden,UNRESOLVED_COMPLAINT,service_quality_complaint,Gulf/UAE/Mashreq Neo,unresolved,calm -> frustrated,neutral_throughout,service_complaint,0.252,0.576,0.173,-0.4939
GS_058,15,CUSTOMER,"Zainab, with all due respect, you've said sorry and 'we will look into it' more than once now, and nothing concrete has been said. I am not satisfied with this response at all.",golden,UNRESOLVED_COMPLAINT,service_quality_complaint,Gulf/UAE/Mashreq Neo,unresolved,calm -> frustrated,neutral_throughout,service_complaint,0.102,0.812,0.087,0.12
GS_058,16,AGENT,"I sincerely apologize that I haven't been able to provide the specific resolution you were hoping for today. This is the process we have in place, and I assure you your complaint is being taken seriously. Is there anything else I can help with?",golden,UNRESOLVED_COMPLAINT,service_quality_complaint,Gulf/UAE/Mashreq Neo,unresolved,calm -> frustrated,neutral_throughout,service_complaint,0.079,0.669,0.252,0.8176
GS_058,17,CUSTOMER,No. There's nothing else. I just hope something actually gets done.,golden,UNRESOLVED_COMPLAINT,service_quality_complaint,Gulf/UAE/Mashreq Neo,unresolved,calm -> frustrated,neutral_throughout,service_complaint,0.365,0.635,0.0,-0.5583
GS_058,18,AGENT,"Thank you for bringing this to our attention, Noura. We value your feedback and apologize again for your experience. Have a good day.",golden,UNRESOLVED_COMPLAINT,service_quality_complaint,Gulf/UAE/Mashreq Neo,unresolved,calm -> frustrated,neutral_throughout,service_complaint,0.0,0.662,0.338,0.802
GS_059,0,AGENT,"Good afternoon, thank you for calling Chowdeck, my name is Chinwe, how may I assist you today?",golden,UNRESOLVED_COMPLAINT,service_quality_complaint,Nigeria/Chowdeck,unresolved,calm -> frustrated,neutral_throughout,service_complaint,0.0,0.722,0.278,0.6597
GS_059,1,CUSTOMER,"Good day, Chinwe. My name is Ngozi. I'm reaching out because my order today arrived over an hour late and completely cold, and when I messaged the rider to ask where it was, he was extremely rude to me. This isn't the kind of service I expect to pay for.",golden,UNRESOLVED_COMPLAINT,service_quality_complaint,Nigeria/Chowdeck,unresolved,calm -> frustrated,neutral_throughout,service_complaint,0.088,0.824,0.088,0.0018
GS_059,2,AGENT,"I am sorry to hear about your experience, Ngozi. I understand how you feel and I sincerely apologize for the inconvenience. To look into this, could you please provide your order reference number?",golden,UNRESOLVED_COMPLAINT,service_quality_complaint,Nigeria/Chowdeck,unresolved,calm -> frustrated,neutral_throughout,service_complaint,0.106,0.669,0.226,0.5106
GS_059,3,CUSTOMER,"Yes, one moment. It's CHD-TRP-20260619-8136.",golden,UNRESOLVED_COMPLAINT,service_quality_complaint,Nigeria/Chowdeck,unresolved,calm -> frustrated,neutral_throughout,service_complaint,0.0,0.597,0.403,0.4019
GS_059,4,AGENT,"Thank you. And can you confirm the rider's name as it appeared in the app, and the approximate time of the order?",golden,UNRESOLVED_COMPLAINT,service_quality_complaint,Nigeria/Chowdeck,unresolved,calm -> frustrated,neutral_throughout,service_complaint,0.0,0.894,0.106,0.3612
GS_059,5,CUSTOMER,"The name showed as Blessing. It was earlier today, June 4, 2026.",golden,UNRESOLVED_COMPLAINT,service_quality_complaint,Nigeria/Chowdeck,unresolved,calm -> frustrated,neutral_throughout,service_complaint,0.0,0.775,0.225,0.4939
GS_059,6,AGENT,"Thank you for providing that. I can see the record here. I want to assure you that Chowdeck takes service quality very seriously. I will escalate this complaint to our review team, and the appropriate action will be taken.",golden,UNRESOLVED_COMPLAINT,service_quality_complaint,Nigeria/Chowdeck,unresolved,calm -> frustrated,neutral_throughout,service_complaint,0.108,0.744,0.149,0.1796
GS_059,7,CUSTOMER,"What does appropriate action mean exactly? Because this is not the first time I'm hearing about this kind of thing, and I want to know something will actually be done, not just an apology.",golden,UNRESOLVED_COMPLAINT,service_quality_complaint,Nigeria/Chowdeck,unresolved,calm -> frustrated,neutral_throughout,service_complaint,0.034,0.927,0.039,0.0392
GS_059,8,AGENT,"I completely understand your concern. Our team will thoroughly review the complaint and take the necessary steps in line with policy. I'm not able to confirm the specific outcome at this time, but your feedback will not be ignored.",golden,UNRESOLVED_COMPLAINT,service_quality_complaint,Nigeria/Chowdeck,unresolved,calm -> frustrated,neutral_throughout,service_complaint,0.043,0.896,0.061,0.1806
GS_059,9,CUSTOMER,Na so e be. So you cannot tell me if anything will actually happen. I am just supposed to wait and hope?,golden,UNRESOLVED_COMPLAINT,service_quality_complaint,Nigeria/Chowdeck,unresolved,calm -> frustrated,neutral_throughout,service_complaint,0.0,0.868,0.132,0.4404
GS_059,10,AGENT,"I sincerely apologize, Ngozi. What I can do is log your complaint formally — your reference number is CHD-CMP-20260606-1419 — and ensure it's passed to the relevant team. You may receive a follow-up within five to seven business days.",golden,UNRESOLVED_COMPLAINT,service_quality_complaint,Nigeria/Chowdeck,unresolved,calm -> frustrated,neutral_throughout,service_complaint,0.056,0.732,0.212,0.6369
GS_059,11,CUSTOMER,Five to seven business days. And in the meantime nothing changes for anyone else who deals with this.,golden,UNRESOLVED_COMPLAINT,service_quality_complaint,Nigeria/Chowdeck,unresolved,calm -> frustrated,neutral_throughout,service_complaint,0.0,1.0,0.0,0.0
GS_059,12,AGENT,"I hear your frustration, Ngozi, and I want to assure you we take these matters seriously. The complaint has been logged under reference CHD-CMP-20260606-1419.",golden,UNRESOLVED_COMPLAINT,service_quality_complaint,Nigeria/Chowdeck,unresolved,calm -> frustrated,neutral_throughout,service_complaint,0.252,0.576,0.173,-0.4939
GS_059,13,CUSTOMER,"Chinwe, with all due respect, you've said sorry and 'we will look into it' more than once now, and nothing concrete has been said. I am not satisfied with this response at all.",golden,UNRESOLVED_COMPLAINT,service_quality_complaint,Nigeria/Chowdeck,unresolved,calm -> frustrated,neutral_throughout,service_complaint,0.102,0.812,0.087,0.12
GS_059,14,AGENT,"I sincerely apologize that I haven't been able to provide the specific resolution you were hoping for today. This is the process we have in place, and I assure you your complaint is being taken seriously. Is there anything else I can help with?",golden,UNRESOLVED_COMPLAINT,service_quality_complaint,Nigeria/Chowdeck,unresolved,calm -> frustrated,neutral_throughout,service_complaint,0.079,0.669,0.252,0.8176
GS_059,15,CUSTOMER,No. There's nothing else. I just hope something actually gets done.,golden,UNRESOLVED_COMPLAINT,service_quality_complaint,Nigeria/Chowdeck,unresolved,calm -> frustrated,neutral_throughout,service_complaint,0.365,0.635,0.0,-0.5583
GS_059,16,AGENT,"Thank you for bringing this to our attention, Ngozi. We value your feedback and apologize again for your experience. Have a good day.",golden,UNRESOLVED_COMPLAINT,service_quality_complaint,Nigeria/Chowdeck,unresolved,calm -> frustrated,neutral_throughout,service_complaint,0.0,0.662,0.338,0.802
GS_060,0,AGENT,"Good afternoon, thank you for calling Absa Kenya, my name is Michael, how may I assist you today?",golden,UNRESOLVED_COMPLAINT,service_quality_complaint,Kenya/Absa Kenya,unresolved,calm -> frustrated,neutral_throughout,service_complaint,0.0,0.735,0.265,0.6597
GS_060,1,CUSTOMER,"Good day, Michael. My name is Wambui. I'm reaching out because I was kept waiting over 40 minutes at the branch today, and when I finally got to the counter, the staff member was dismissive and unhelpful about a simple request. I don't think this is acceptable service from an institution I've banked with for years.",golden,UNRESOLVED_COMPLAINT,service_quality_complaint,Kenya/Absa Kenya,unresolved,calm -> frustrated,neutral_throughout,service_complaint,0.0,0.875,0.125,0.7184
GS_060,2,AGENT,"I am sorry to hear about your experience, Wambui. I understand how you feel and I sincerely apologize for the inconvenience. To look into this, could you please provide your registered phone number?",golden,UNRESOLVED_COMPLAINT,service_quality_complaint,Kenya/Absa Kenya,unresolved,calm -> frustrated,neutral_throughout,service_complaint,0.106,0.669,0.226,0.5106
GS_060,3,CUSTOMER,0711 187 779.,golden,UNRESOLVED_COMPLAINT,service_quality_complaint,Kenya/Absa Kenya,unresolved,calm -> frustrated,neutral_throughout,service_complaint,0.672,0.328,0.0,-0.6249
GS_060,4,AGENT,"Thank you, Wambui. Let me pull up your account and the branch visit log for June 23, 2026.",golden,UNRESOLVED_COMPLAINT,service_quality_complaint,Kenya/Absa Kenya,unresolved,calm -> frustrated,neutral_throughout,service_complaint,0.0,0.872,0.128,0.3612
GS_060,5,CUSTOMER,"Okay, please.",golden,UNRESOLVED_COMPLAINT,service_quality_complaint,Kenya/Absa Kenya,unresolved,calm -> frustrated,neutral_throughout,service_complaint,0.0,0.0,1.0,0.4939
GS_060,6,AGENT,"Thank you for providing that. I can see the record here. I want to assure you that Absa Kenya takes service quality very seriously. I will escalate this complaint to our review team, and the appropriate action will be taken.",golden,UNRESOLVED_COMPLAINT,service_quality_complaint,Kenya/Absa Kenya,unresolved,calm -> frustrated,neutral_throughout,service_complaint,0.105,0.75,0.145,0.1796
GS_060,7,CUSTOMER,"What does appropriate action mean exactly? Because this is not the first time I'm hearing about this kind of thing, and I want to know something will actually be done, not just an apology.",golden,UNRESOLVED_COMPLAINT,service_quality_complaint,Kenya/Absa Kenya,unresolved,calm -> frustrated,neutral_throughout,service_complaint,0.034,0.927,0.039,0.0392
GS_060,8,AGENT,"I completely understand your concern. Our team will thoroughly review the complaint and take the necessary steps in line with policy. I'm not able to confirm the specific outcome at this time, but your feedback will not be ignored.",golden,UNRESOLVED_COMPLAINT,service_quality_complaint,Kenya/Absa Kenya,unresolved,calm -> frustrated,neutral_throughout,service_complaint,0.043,0.896,0.061,0.1806
GS_060,9,CUSTOMER,Hii ni nini? So you cannot tell me if anything will actually happen. I am just supposed to wait and hope?,golden,UNRESOLVED_COMPLAINT,service_quality_complaint,Kenya/Absa Kenya,unresolved,calm -> frustrated,neutral_throughout,service_complaint,0.0,0.854,0.146,0.504
GS_060,10,AGENT,"I sincerely apologize, Wambui. What I can do is log your complaint formally — your reference number is ABSA-CMP-20260714-7847 — and ensure it's passed to the relevant team. You may receive a follow-up within five to seven business days.",golden,UNRESOLVED_COMPLAINT,service_quality_complaint,Kenya/Absa Kenya,unresolved,calm -> frustrated,neutral_throughout,service_complaint,0.056,0.732,0.212,0.6369
GS_060,11,CUSTOMER,Can you at least escalate this to someone who CAN offer compensation?,golden,UNRESOLVED_COMPLAINT,service_quality_complaint,Kenya/Absa Kenya,unresolved,calm -> frustrated,neutral_throughout,service_complaint,0.0,1.0,0.0,0.0
GS_060,12,AGENT,"I can flag it for a supervisor's attention, though I can't guarantee they'll be able to offer more than what I've already outlined.",golden,UNRESOLVED_COMPLAINT,service_quality_complaint,Kenya/Absa Kenya,unresolved,calm -> frustrated,neutral_throughout,service_complaint,0.084,0.916,0.0,-0.1877
GS_060,13,CUSTOMER,Five to seven business days. And in the meantime nothing changes for anyone else who deals with this.,golden,UNRESOLVED_COMPLAINT,service_quality_complaint,Kenya/Absa Kenya,unresolved,calm -> frustrated,neutral_throughout,service_complaint,0.0,1.0,0.0,0.0
GS_060,14,AGENT,"I hear your frustration, Wambui, and I want to assure you we take these matters seriously. The complaint has been logged under reference ABSA-CMP-20260714-7847.",golden,UNRESOLVED_COMPLAINT,service_quality_complaint,Kenya/Absa Kenya,unresolved,calm -> frustrated,neutral_throughout,service_complaint,0.252,0.576,0.173,-0.4939
GS_060,15,CUSTOMER,"Michael, with all due respect, you've said sorry and 'we will look into it' more than once now, and nothing concrete has been said. I am not satisfied with this response at all.",golden,UNRESOLVED_COMPLAINT,service_quality_complaint,Kenya/Absa Kenya,unresolved,calm -> frustrated,neutral_throughout,service_complaint,0.102,0.812,0.087,0.12
GS_060,16,AGENT,"I sincerely apologize that I haven't been able to provide the specific resolution you were hoping for today. This is the process we have in place, and I assure you your complaint is being taken seriously. Is there anything else I can help with?",golden,UNRESOLVED_COMPLAINT,service_quality_complaint,Kenya/Absa Kenya,unresolved,calm -> frustrated,neutral_throughout,service_complaint,0.079,0.669,0.252,0.8176
GS_060,17,CUSTOMER,No. There's nothing else. I just hope something actually gets done.,golden,UNRESOLVED_COMPLAINT,service_quality_complaint,Kenya/Absa Kenya,unresolved,calm -> frustrated,neutral_throughout,service_complaint,0.365,0.635,0.0,-0.5583
GS_060,18,AGENT,"Thank you for bringing this to our attention, Wambui. We value your feedback and apologize again for your experience. Have a good day.",golden,UNRESOLVED_COMPLAINT,service_quality_complaint,Kenya/Absa Kenya,unresolved,calm -> frustrated,neutral_throughout,service_complaint,0.0,0.662,0.338,0.802
GS_061,0,AGENT,"Good afternoon, thank you for calling Uber, my name is Zainab, how may I assist you today?",golden,UNRESOLVED_COMPLAINT,service_quality_complaint,Gulf/UAE/Uber,unresolved,calm -> frustrated,neutral_throughout,service_complaint,0.0,0.722,0.278,0.6597
GS_061,1,CUSTOMER,"Good day, Zainab. My name is Mariam. I'm reaching out because I booked a ride today from my home to my office and had a very bad experience with the driver. He showed up 20 minutes late, was rude when I mentioned it, and then tried to push me to cancel and rebook at a higher fare. I have heard about drivers behaving this way before, but today I experienced it myself, and this should not be happening.",golden,UNRESOLVED_COMPLAINT,service_quality_complaint,Gulf/UAE/Uber,unresolved,calm -> frustrated,neutral_throughout,service_complaint,0.078,0.877,0.045,-0.3708
GS_061,2,AGENT,"I am sorry to hear about your experience, Mariam. I understand how you feel and I sincerely apologize for the inconvenience. To look into this, could you please provide your trip reference number?",golden,UNRESOLVED_COMPLAINT,service_quality_complaint,Gulf/UAE/Uber,unresolved,calm -> frustrated,neutral_throughout,service_complaint,0.106,0.669,0.226,0.5106
GS_061,3,CUSTOMER,"Yes, one moment. It's UBR-TRP-20260810-6758.",golden,UNRESOLVED_COMPLAINT,service_quality_complaint,Gulf/UAE/Uber,unresolved,calm -> frustrated,neutral_throughout,service_complaint,0.0,0.597,0.403,0.4019
GS_061,4,AGENT,"Thank you. And can you confirm the driver's name as it appeared in the app, and the approximate time of the trip?",golden,UNRESOLVED_COMPLAINT,service_quality_complaint,Gulf/UAE/Uber,unresolved,calm -> frustrated,neutral_throughout,service_complaint,0.0,0.894,0.106,0.3612
GS_061,5,CUSTOMER,"The name showed as Femi. It was earlier today, June 1, 2026.",golden,UNRESOLVED_COMPLAINT,service_quality_complaint,Gulf/UAE/Uber,unresolved,calm -> frustrated,neutral_throughout,service_complaint,0.0,1.0,0.0,0.0
GS_061,6,AGENT,"Thank you for providing that. I can see the record here. I want to assure you that Uber takes service quality very seriously. I will escalate this complaint to our review team, and the appropriate action will be taken.",golden,UNRESOLVED_COMPLAINT,service_quality_complaint,Gulf/UAE/Uber,unresolved,calm -> frustrated,neutral_throughout,service_complaint,0.108,0.744,0.149,0.1796
GS_061,7,CUSTOMER,"What does appropriate action mean exactly? Because this is not the first time I'm hearing about this kind of thing, and I want to know something will actually be done, not just an apology.",golden,UNRESOLVED_COMPLAINT,service_quality_complaint,Gulf/UAE/Uber,unresolved,calm -> frustrated,neutral_throughout,service_complaint,0.034,0.927,0.039,0.0392
GS_061,8,AGENT,"I completely understand your concern. Our team will thoroughly review the complaint and take the necessary steps in line with policy. I'm not able to confirm the specific outcome at this time, but your feedback will not be ignored.",golden,UNRESOLVED_COMPLAINT,service_quality_complaint,Gulf/UAE/Uber,unresolved,calm -> frustrated,neutral_throughout,service_complaint,0.043,0.896,0.061,0.1806
GS_061,9,CUSTOMER,Khalas! So you cannot tell me if anything will actually happen. I am just supposed to wait and hope?,golden,UNRESOLVED_COMPLAINT,service_quality_complaint,Gulf/UAE/Uber,unresolved,calm -> frustrated,neutral_throughout,service_complaint,0.0,0.842,0.158,0.4926
GS_061,10,AGENT,"I sincerely apologize, Mariam. What I can do is log your complaint formally — your reference number is UBR-CMP-20260723-3433 — and ensure it's passed to the relevant team. You may receive a follow-up within five to seven business days.",golden,UNRESOLVED_COMPLAINT,service_quality_complaint,Gulf/UAE/Uber,unresolved,calm -> frustrated,neutral_throughout,service_complaint,0.056,0.732,0.212,0.6369
GS_061,11,CUSTOMER,Can you at least escalate this to someone who CAN offer compensation?,golden,UNRESOLVED_COMPLAINT,service_quality_complaint,Gulf/UAE/Uber,unresolved,calm -> frustrated,neutral_throughout,service_complaint,0.0,1.0,0.0,0.0
GS_061,12,AGENT,"I can flag it for a supervisor's attention, though I can't guarantee they'll be able to offer more than what I've already outlined.",golden,UNRESOLVED_COMPLAINT,service_quality_complaint,Gulf/UAE/Uber,unresolved,calm -> frustrated,neutral_throughout,service_complaint,0.084,0.916,0.0,-0.1877
GS_061,13,CUSTOMER,Five to seven business days. And in the meantime nothing changes for anyone else who deals with this.,golden,UNRESOLVED_COMPLAINT,service_quality_complaint,Gulf/UAE/Uber,unresolved,calm -> frustrated,neutral_throughout,service_complaint,0.0,1.0,0.0,0.0
GS_061,14,AGENT,"I hear your frustration, Mariam, and I want to assure you we take these matters seriously. The complaint has been logged under reference UBR-CMP-20260723-3433.",golden,UNRESOLVED_COMPLAINT,service_quality_complaint,Gulf/UAE/Uber,unresolved,calm -> frustrated,neutral_throughout,service_complaint,0.252,0.576,0.173,-0.4939
GS_061,15,CUSTOMER,"Zainab, with all due respect, you've said sorry and 'we will look into it' more than once now, and nothing concrete has been said. I am not satisfied with this response at all.",golden,UNRESOLVED_COMPLAINT,service_quality_complaint,Gulf/UAE/Uber,unresolved,calm -> frustrated,neutral_throughout,service_complaint,0.102,0.812,0.087,0.12
GS_061,16,AGENT,"I sincerely apologize that I haven't been able to provide the specific resolution you were hoping for today. This is the process we have in place, and I assure you your complaint is being taken seriously. Is there anything else I can help with?",golden,UNRESOLVED_COMPLAINT,service_quality_complaint,Gulf/UAE/Uber,unresolved,calm -> frustrated,neutral_throughout,service_complaint,0.079,0.669,0.252,0.8176
GS_061,17,CUSTOMER,No. There's nothing else. I just hope something actually gets done.,golden,UNRESOLVED_COMPLAINT,service_quality_complaint,Gulf/UAE/Uber,unresolved,calm -> frustrated,neutral_throughout,service_complaint,0.365,0.635,0.0,-0.5583
GS_061,18,AGENT,"Thank you for bringing this to our attention, Mariam. We value your feedback and apologize again for your experience. Have a good day.",golden,UNRESOLVED_COMPLAINT,service_quality_complaint,Gulf/UAE/Uber,unresolved,calm -> frustrated,neutral_throughout,service_complaint,0.0,0.662,0.338,0.802
GS_062,0,AGENT,"Good afternoon, thank you for calling Bolt, my name is David, how may I assist you today?",golden,UNRESOLVED_COMPLAINT,service_quality_complaint,Nigeria/Bolt,unresolved,calm -> frustrated,neutral_throughout,service_complaint,0.0,0.722,0.278,0.6597
GS_062,1,CUSTOMER,"Good day, David. My name is Chiamaka. I'm reaching out because I booked a ride today from my home to my office and had a very bad experience with the driver. He showed up 20 minutes late, was rude when I mentioned it, and then tried to push me to cancel and rebook at a higher fare. I have heard about drivers behaving this way before, but today I experienced it myself, and this should not be happening.",golden,UNRESOLVED_COMPLAINT,service_quality_complaint,Nigeria/Bolt,unresolved,calm -> frustrated,neutral_throughout,service_complaint,0.078,0.877,0.045,-0.3708
GS_062,2,AGENT,"I am sorry to hear about your experience, Chiamaka. I understand how you feel and I sincerely apologize for the inconvenience. To look into this, could you please provide your trip reference number?",golden,UNRESOLVED_COMPLAINT,service_quality_complaint,Nigeria/Bolt,unresolved,calm -> frustrated,neutral_throughout,service_complaint,0.106,0.669,0.226,0.5106
GS_062,3,CUSTOMER,"Yes, one moment. It's BOLT-TRP-20260607-4669.",golden,UNRESOLVED_COMPLAINT,service_quality_complaint,Nigeria/Bolt,unresolved,calm -> frustrated,neutral_throughout,service_complaint,0.0,0.597,0.403,0.4019
GS_062,4,AGENT,"Thank you. And can you confirm the driver's name as it appeared in the app, and the approximate time of the trip?",golden,UNRESOLVED_COMPLAINT,service_quality_complaint,Nigeria/Bolt,unresolved,calm -> frustrated,neutral_throughout,service_complaint,0.0,0.894,0.106,0.3612
GS_062,5,CUSTOMER,"The name showed as Grace. It was earlier today, July 11, 2026.",golden,UNRESOLVED_COMPLAINT,service_quality_complaint,Nigeria/Bolt,unresolved,calm -> frustrated,neutral_throughout,service_complaint,0.0,0.797,0.203,0.4215
GS_062,6,AGENT,"Thank you for providing that. I can see the record here. I want to assure you that Bolt takes service quality very seriously. I will escalate this complaint to our review team, and the appropriate action will be taken.",golden,UNRESOLVED_COMPLAINT,service_quality_complaint,Nigeria/Bolt,unresolved,calm -> frustrated,neutral_throughout,service_complaint,0.108,0.744,0.149,0.1796
GS_062,7,CUSTOMER,"What does appropriate action mean exactly? Because this is not the first time I'm hearing about this kind of thing, and I want to know something will actually be done, not just an apology.",golden,UNRESOLVED_COMPLAINT,service_quality_complaint,Nigeria/Bolt,unresolved,calm -> frustrated,neutral_throughout,service_complaint,0.034,0.927,0.039,0.0392
GS_062,8,AGENT,"I completely understand your concern. Our team will thoroughly review the complaint and take the necessary steps in line with policy. I'm not able to confirm the specific outcome at this time, but your feedback will not be ignored.",golden,UNRESOLVED_COMPLAINT,service_quality_complaint,Nigeria/Bolt,unresolved,calm -> frustrated,neutral_throughout,service_complaint,0.043,0.896,0.061,0.1806
GS_062,9,CUSTOMER,I no gree! So you cannot tell me if anything will actually happen. I am just supposed to wait and hope?,golden,UNRESOLVED_COMPLAINT,service_quality_complaint,Nigeria/Bolt,unresolved,calm -> frustrated,neutral_throughout,service_complaint,0.098,0.759,0.143,0.2481
GS_062,10,AGENT,"I sincerely apologize, Chiamaka. What I can do is log your complaint formally — your reference number is BOLT-CMP-20260602-1542 — and ensure it's passed to the relevant team. You may receive a follow-up within five to seven business days.",golden,UNRESOLVED_COMPLAINT,service_quality_complaint,Nigeria/Bolt,unresolved,calm -> frustrated,neutral_throughout,service_complaint,0.056,0.732,0.212,0.6369
GS_062,11,CUSTOMER,Five to seven business days. And in the meantime nothing changes for anyone else who deals with this.,golden,UNRESOLVED_COMPLAINT,service_quality_complaint,Nigeria/Bolt,unresolved,calm -> frustrated,neutral_throughout,service_complaint,0.0,1.0,0.0,0.0
GS_062,12,AGENT,"I hear your frustration, Chiamaka, and I want to assure you we take these matters seriously. The complaint has been logged under reference BOLT-CMP-20260602-1542.",golden,UNRESOLVED_COMPLAINT,service_quality_complaint,Nigeria/Bolt,unresolved,calm -> frustrated,neutral_throughout,service_complaint,0.252,0.576,0.173,-0.4939
GS_062,13,CUSTOMER,"David, with all due respect, you've said sorry and 'we will look into it' more than once now, and nothing concrete has been said. I am not satisfied with this response at all.",golden,UNRESOLVED_COMPLAINT,service_quality_complaint,Nigeria/Bolt,unresolved,calm -> frustrated,neutral_throughout,service_complaint,0.102,0.812,0.087,0.12
GS_062,14,AGENT,"I sincerely apologize that I haven't been able to provide the specific resolution you were hoping for today. This is the process we have in place, and I assure you your complaint is being taken seriously. Is there anything else I can help with?",golden,UNRESOLVED_COMPLAINT,service_quality_complaint,Nigeria/Bolt,unresolved,calm -> frustrated,neutral_throughout,service_complaint,0.079,0.669,0.252,0.8176
GS_062,15,CUSTOMER,No. There's nothing else. I just hope something actually gets done.,golden,UNRESOLVED_COMPLAINT,service_quality_complaint,Nigeria/Bolt,unresolved,calm -> frustrated,neutral_throughout,service_complaint,0.365,0.635,0.0,-0.5583
GS_062,16,AGENT,"Thank you for bringing this to our attention, Chiamaka. We value your feedback and apologize again for your experience. Have a good day.",golden,UNRESOLVED_COMPLAINT,service_quality_complaint,Nigeria/Bolt,unresolved,calm -> frustrated,neutral_throughout,service_complaint,0.0,0.662,0.338,0.802
GS_063,0,AGENT,"Good afternoon, thank you for calling Bolt Food, my name is Chinwe, how may I assist you today?",golden,UNRESOLVED_COMPLAINT,service_quality_complaint,Kenya/Bolt Food,unresolved,calm -> frustrated,neutral_throughout,service_complaint,0.0,0.735,0.265,0.6597
GS_063,1,CUSTOMER,"Good day, Chinwe. My name is Achieng. I'm reaching out because my order today arrived over an hour late and completely cold, and when I messaged the rider to ask where it was, he was extremely rude to me. This isn't the kind of service I expect to pay for.",golden,UNRESOLVED_COMPLAINT,service_quality_complaint,Kenya/Bolt Food,unresolved,calm -> frustrated,neutral_throughout,service_complaint,0.088,0.824,0.088,0.0018
GS_063,2,AGENT,"I am sorry to hear about your experience, Achieng. I understand how you feel and I sincerely apologize for the inconvenience. To look into this, could you please provide your order reference number?",golden,UNRESOLVED_COMPLAINT,service_quality_complaint,Kenya/Bolt Food,unresolved,calm -> frustrated,neutral_throughout,service_complaint,0.106,0.669,0.226,0.5106
GS_063,3,CUSTOMER,"Yes, one moment. It's BLTF-TRP-20260813-6911.",golden,UNRESOLVED_COMPLAINT,service_quality_complaint,Kenya/Bolt Food,unresolved,calm -> frustrated,neutral_throughout,service_complaint,0.0,0.597,0.403,0.4019
GS_063,4,AGENT,"Thank you. And can you confirm the rider's name as it appeared in the app, and the approximate time of the order?",golden,UNRESOLVED_COMPLAINT,service_quality_complaint,Kenya/Bolt Food,unresolved,calm -> frustrated,neutral_throughout,service_complaint,0.0,0.894,0.106,0.3612
GS_063,5,CUSTOMER,"The name showed as David. It was earlier today, August 17, 2026.",golden,UNRESOLVED_COMPLAINT,service_quality_complaint,Kenya/Bolt Food,unresolved,calm -> frustrated,neutral_throughout,service_complaint,0.0,1.0,0.0,0.0
GS_063,6,AGENT,"Thank you for providing that. I can see the record here. I want to assure you that Bolt Food takes service quality very seriously. I will escalate this complaint to our review team, and the appropriate action will be taken.",golden,UNRESOLVED_COMPLAINT,service_quality_complaint,Kenya/Bolt Food,unresolved,calm -> frustrated,neutral_throughout,service_complaint,0.105,0.75,0.145,0.1796
GS_063,7,CUSTOMER,"What does appropriate action mean exactly? Because this is not the first time I'm hearing about this kind of thing, and I want to know something will actually be done, not just an apology.",golden,UNRESOLVED_COMPLAINT,service_quality_complaint,Kenya/Bolt Food,unresolved,calm -> frustrated,neutral_throughout,service_complaint,0.034,0.927,0.039,0.0392
GS_063,8,AGENT,"I completely understand your concern. Our team will thoroughly review the complaint and take the necessary steps in line with policy. I'm not able to confirm the specific outcome at this time, but your feedback will not be ignored.",golden,UNRESOLVED_COMPLAINT,service_quality_complaint,Kenya/Bolt Food,unresolved,calm -> frustrated,neutral_throughout,service_complaint,0.043,0.896,0.061,0.1806
GS_063,9,CUSTOMER,Mpaka lini? So you cannot tell me if anything will actually happen. I am just supposed to wait and hope?,golden,UNRESOLVED_COMPLAINT,service_quality_complaint,Kenya/Bolt Food,unresolved,calm -> frustrated,neutral_throughout,service_complaint,0.0,0.847,0.153,0.504
GS_063,10,AGENT,"I sincerely apologize, Achieng. What I can do is log your complaint formally — your reference number is BLTF-CMP-20260604-8416 — and ensure it's passed to the relevant team. You may receive a follow-up within five to seven business days.",golden,UNRESOLVED_COMPLAINT,service_quality_complaint,Kenya/Bolt Food,unresolved,calm -> frustrated,neutral_throughout,service_complaint,0.056,0.732,0.212,0.6369
GS_063,11,CUSTOMER,Five to seven business days. And in the meantime nothing changes for anyone else who deals with this.,golden,UNRESOLVED_COMPLAINT,service_quality_complaint,Kenya/Bolt Food,unresolved,calm -> frustrated,neutral_throughout,service_complaint,0.0,1.0,0.0,0.0
GS_063,12,AGENT,"I hear your frustration, Achieng, and I want to assure you we take these matters seriously. The complaint has been logged under reference BLTF-CMP-20260604-8416.",golden,UNRESOLVED_COMPLAINT,service_quality_complaint,Kenya/Bolt Food,unresolved,calm -> frustrated,neutral_throughout,service_complaint,0.252,0.576,0.173,-0.4939
GS_063,13,CUSTOMER,"Chinwe, with all due respect, you've said sorry and 'we will look into it' more than once now, and nothing concrete has been said. I am not satisfied with this response at all.",golden,UNRESOLVED_COMPLAINT,service_quality_complaint,Kenya/Bolt Food,unresolved,calm -> frustrated,neutral_throughout,service_complaint,0.102,0.812,0.087,0.12
GS_063,14,AGENT,"I sincerely apologize that I haven't been able to provide the specific resolution you were hoping for today. This is the process we have in place, and I assure you your complaint is being taken seriously. Is there anything else I can help with?",golden,UNRESOLVED_COMPLAINT,service_quality_complaint,Kenya/Bolt Food,unresolved,calm -> frustrated,neutral_throughout,service_complaint,0.079,0.669,0.252,0.8176
GS_063,15,CUSTOMER,No. There's nothing else. I just hope something actually gets done.,golden,UNRESOLVED_COMPLAINT,service_quality_complaint,Kenya/Bolt Food,unresolved,calm -> frustrated,neutral_throughout,service_complaint,0.365,0.635,0.0,-0.5583
GS_063,16,AGENT,"Thank you for bringing this to our attention, Achieng. We value your feedback and apologize again for your experience. Have a good day.",golden,UNRESOLVED_COMPLAINT,service_quality_complaint,Kenya/Bolt Food,unresolved,calm -> frustrated,neutral_throughout,service_complaint,0.0,0.662,0.338,0.802
GS_064,0,AGENT,"Good afternoon, thank you for calling Emirates NBD, my name is Ada, how may I assist you today?",golden,UNRESOLVED_COMPLAINT,service_quality_complaint,Gulf/UAE/Emirates NBD,unresolved,calm -> frustrated,neutral_throughout,service_complaint,0.0,0.624,0.376,0.8143
GS_064,1,CUSTOMER,"Good day, Ada. My name is Khalid. I'm reaching out because I was kept waiting over 40 minutes at the branch today, and when I finally got to the counter, the staff member was dismissive and unhelpful about a simple request. I don't think this is acceptable service from an institution I've banked with for years.",golden,UNRESOLVED_COMPLAINT,service_quality_complaint,Gulf/UAE/Emirates NBD,unresolved,calm -> frustrated,neutral_throughout,service_complaint,0.0,0.875,0.125,0.7184
GS_064,2,AGENT,"I am sorry to hear about your experience, Khalid. I understand how you feel and I sincerely apologize for the inconvenience. To look into this, could you please provide your registered phone number?",golden,UNRESOLVED_COMPLAINT,service_quality_complaint,Gulf/UAE/Emirates NBD,unresolved,calm -> frustrated,neutral_throughout,service_complaint,0.106,0.669,0.226,0.5106
GS_064,3,CUSTOMER,055 949 8084.,golden,UNRESOLVED_COMPLAINT,service_quality_complaint,Gulf/UAE/Emirates NBD,unresolved,calm -> frustrated,neutral_throughout,service_complaint,0.0,1.0,0.0,0.0
GS_064,4,AGENT,"Thank you, Khalid. Let me pull up your account and the branch visit log for June 20, 2026.",golden,UNRESOLVED_COMPLAINT,service_quality_complaint,Gulf/UAE/Emirates NBD,unresolved,calm -> frustrated,neutral_throughout,service_complaint,0.0,0.872,0.128,0.3612
GS_064,5,CUSTOMER,"Okay, please.",golden,UNRESOLVED_COMPLAINT,service_quality_complaint,Gulf/UAE/Emirates NBD,unresolved,calm -> frustrated,neutral_throughout,service_complaint,0.0,0.0,1.0,0.4939
GS_064,6,AGENT,"Thank you for providing that. I can see the record here. I want to assure you that Emirates NBD takes service quality very seriously. I will escalate this complaint to our review team, and the appropriate action will be taken.",golden,UNRESOLVED_COMPLAINT,service_quality_complaint,Gulf/UAE/Emirates NBD,unresolved,calm -> frustrated,neutral_throughout,service_complaint,0.1,0.693,0.206,0.5775
GS_064,7,CUSTOMER,"What does appropriate action mean exactly? Because this is not the first time I'm hearing about this kind of thing, and I want to know something will actually be done, not just an apology.",golden,UNRESOLVED_COMPLAINT,service_quality_complaint,Gulf/UAE/Emirates NBD,unresolved,calm -> frustrated,neutral_throughout,service_complaint,0.034,0.927,0.039,0.0392
GS_064,8,AGENT,"I completely understand your concern. Our team will thoroughly review the complaint and take the necessary steps in line with policy. I'm not able to confirm the specific outcome at this time, but your feedback will not be ignored.",golden,UNRESOLVED_COMPLAINT,service_quality_complaint,Gulf/UAE/Emirates NBD,unresolved,calm -> frustrated,neutral_throughout,service_complaint,0.043,0.896,0.061,0.1806
GS_064,9,CUSTOMER,Wallah! So you cannot tell me if anything will actually happen. I am just supposed to wait and hope?,golden,UNRESOLVED_COMPLAINT,service_quality_complaint,Gulf/UAE/Emirates NBD,unresolved,calm -> frustrated,neutral_throughout,service_complaint,0.0,0.842,0.158,0.4926
GS_064,10,AGENT,"I sincerely apologize, Khalid. What I can do is log your complaint formally — your reference number is ENBD-CMP-20260704-2772 — and ensure it's passed to the relevant team. You may receive a follow-up within five to seven business days.",golden,UNRESOLVED_COMPLAINT,service_quality_complaint,Gulf/UAE/Emirates NBD,unresolved,calm -> frustrated,neutral_throughout,service_complaint,0.056,0.732,0.212,0.6369
GS_064,11,CUSTOMER,Five to seven business days. And in the meantime nothing changes for anyone else who deals with this.,golden,UNRESOLVED_COMPLAINT,service_quality_complaint,Gulf/UAE/Emirates NBD,unresolved,calm -> frustrated,neutral_throughout,service_complaint,0.0,1.0,0.0,0.0
GS_064,12,AGENT,"I hear your frustration, Khalid, and I want to assure you we take these matters seriously. The complaint has been logged under reference ENBD-CMP-20260704-2772.",golden,UNRESOLVED_COMPLAINT,service_quality_complaint,Gulf/UAE/Emirates NBD,unresolved,calm -> frustrated,neutral_throughout,service_complaint,0.252,0.576,0.173,-0.4939
GS_064,13,CUSTOMER,"Ada, with all due respect, you've said sorry and 'we will look into it' more than once now, and nothing concrete has been said. I am not satisfied with this response at all.",golden,UNRESOLVED_COMPLAINT,service_quality_complaint,Gulf/UAE/Emirates NBD,unresolved,calm -> frustrated,neutral_throughout,service_complaint,0.102,0.812,0.087,0.12
GS_064,14,AGENT,"I sincerely apologize that I haven't been able to provide the specific resolution you were hoping for today. This is the process we have in place, and I assure you your complaint is being taken seriously. Is there anything else I can help with?",golden,UNRESOLVED_COMPLAINT,service_quality_complaint,Gulf/UAE/Emirates NBD,unresolved,calm -> frustrated,neutral_throughout,service_complaint,0.079,0.669,0.252,0.8176
GS_064,15,CUSTOMER,No. There's nothing else. I just hope something actually gets done.,golden,UNRESOLVED_COMPLAINT,service_quality_complaint,Gulf/UAE/Emirates NBD,unresolved,calm -> frustrated,neutral_throughout,service_complaint,0.365,0.635,0.0,-0.5583
GS_064,16,AGENT,"Thank you for bringing this to our attention, Khalid. We value your feedback and apologize again for your experience. Have a good day.",golden,UNRESOLVED_COMPLAINT,service_quality_complaint,Gulf/UAE/Emirates NBD,unresolved,calm -> frustrated,neutral_throughout,service_complaint,0.0,0.662,0.338,0.802
GS_065,0,AGENT,"Good afternoon, thank you for calling Moniepoint, my name is Femi, how may I assist you today?",golden,UNRESOLVED_COMPLAINT,service_quality_complaint,Nigeria/Moniepoint,unresolved,calm -> frustrated,neutral_throughout,service_complaint,0.0,0.722,0.278,0.6597
GS_065,1,CUSTOMER,"Good day, Femi. My name is Amaka. I'm reaching out because I was kept waiting over 40 minutes at the branch today, and when I finally got to the counter, the staff member was dismissive and unhelpful about a simple request. I don't think this is acceptable service from an institution I've banked with for years.",golden,UNRESOLVED_COMPLAINT,service_quality_complaint,Nigeria/Moniepoint,unresolved,calm -> frustrated,neutral_throughout,service_complaint,0.0,0.875,0.125,0.7184
GS_065,2,AGENT,"I am sorry to hear about your experience, Amaka. I understand how you feel and I sincerely apologize for the inconvenience. To look into this, could you please provide your registered phone number?",golden,UNRESOLVED_COMPLAINT,service_quality_complaint,Nigeria/Moniepoint,unresolved,calm -> frustrated,neutral_throughout,service_complaint,0.106,0.669,0.226,0.5106
GS_065,3,CUSTOMER,0812340070.,golden,UNRESOLVED_COMPLAINT,service_quality_complaint,Nigeria/Moniepoint,unresolved,calm -> frustrated,neutral_throughout,service_complaint,0.0,1.0,0.0,0.0
GS_065,4,AGENT,"Thank you, Amaka. Let me pull up your account and the branch visit log for August 10, 2026.",golden,UNRESOLVED_COMPLAINT,service_quality_complaint,Nigeria/Moniepoint,unresolved,calm -> frustrated,neutral_throughout,service_complaint,0.0,0.872,0.128,0.3612
GS_065,5,CUSTOMER,"Okay, please.",golden,UNRESOLVED_COMPLAINT,service_quality_complaint,Nigeria/Moniepoint,unresolved,calm -> frustrated,neutral_throughout,service_complaint,0.0,0.0,1.0,0.4939
GS_065,6,AGENT,"Thank you for providing that. I can see the record here. I want to assure you that Moniepoint takes service quality very seriously. I will escalate this complaint to our review team, and the appropriate action will be taken.",golden,UNRESOLVED_COMPLAINT,service_quality_complaint,Nigeria/Moniepoint,unresolved,calm -> frustrated,neutral_throughout,service_complaint,0.108,0.744,0.149,0.1796
GS_065,7,CUSTOMER,"What does appropriate action mean exactly? Because this is not the first time I'm hearing about this kind of thing, and I want to know something will actually be done, not just an apology.",golden,UNRESOLVED_COMPLAINT,service_quality_complaint,Nigeria/Moniepoint,unresolved,calm -> frustrated,neutral_throughout,service_complaint,0.034,0.927,0.039,0.0392
GS_065,8,AGENT,"I completely understand your concern. Our team will thoroughly review the complaint and take the necessary steps in line with policy. I'm not able to confirm the specific outcome at this time, but your feedback will not be ignored.",golden,UNRESOLVED_COMPLAINT,service_quality_complaint,Nigeria/Moniepoint,unresolved,calm -> frustrated,neutral_throughout,service_complaint,0.043,0.896,0.061,0.1806
GS_065,9,CUSTOMER,I no gree! So you cannot tell me if anything will actually happen. I am just supposed to wait and hope?,golden,UNRESOLVED_COMPLAINT,service_quality_complaint,Nigeria/Moniepoint,unresolved,calm -> frustrated,neutral_throughout,service_complaint,0.098,0.759,0.143,0.2481
GS_065,10,AGENT,"I sincerely apologize, Amaka. What I can do is log your complaint formally — your reference number is MP-CMP-20260717-7293 — and ensure it's passed to the relevant team. You may receive a follow-up within five to seven business days.",golden,UNRESOLVED_COMPLAINT,service_quality_complaint,Nigeria/Moniepoint,unresolved,calm -> frustrated,neutral_throughout,service_complaint,0.056,0.732,0.212,0.6369
GS_065,11,CUSTOMER,Five to seven business days. And in the meantime nothing changes for anyone else who deals with this.,golden,UNRESOLVED_COMPLAINT,service_quality_complaint,Nigeria/Moniepoint,unresolved,calm -> frustrated,neutral_throughout,service_complaint,0.0,1.0,0.0,0.0
GS_065,12,AGENT,"I hear your frustration, Amaka, and I want to assure you we take these matters seriously. The complaint has been logged under reference MP-CMP-20260717-7293.",golden,UNRESOLVED_COMPLAINT,service_quality_complaint,Nigeria/Moniepoint,unresolved,calm -> frustrated,neutral_throughout,service_complaint,0.252,0.576,0.173,-0.4939
GS_065,13,CUSTOMER,"Femi, with all due respect, you've said sorry and 'we will look into it' more than once now, and nothing concrete has been said. I am not satisfied with this response at all.",golden,UNRESOLVED_COMPLAINT,service_quality_complaint,Nigeria/Moniepoint,unresolved,calm -> frustrated,neutral_throughout,service_complaint,0.102,0.812,0.087,0.12
GS_065,14,AGENT,"I sincerely apologize that I haven't been able to provide the specific resolution you were hoping for today. This is the process we have in place, and I assure you your complaint is being taken seriously. Is there anything else I can help with?",golden,UNRESOLVED_COMPLAINT,service_quality_complaint,Nigeria/Moniepoint,unresolved,calm -> frustrated,neutral_throughout,service_complaint,0.079,0.669,0.252,0.8176
GS_065,15,CUSTOMER,No. There's nothing else. I just hope something actually gets done.,golden,UNRESOLVED_COMPLAINT,service_quality_complaint,Nigeria/Moniepoint,unresolved,calm -> frustrated,neutral_throughout,service_complaint,0.365,0.635,0.0,-0.5583
GS_065,16,AGENT,"Thank you for bringing this to our attention, Amaka. We value your feedback and apologize again for your experience. Have a good day.",golden,UNRESOLVED_COMPLAINT,service_quality_complaint,Nigeria/Moniepoint,unresolved,calm -> frustrated,neutral_throughout,service_complaint,0.0,0.662,0.338,0.802
GS_066,0,AGENT,"Good afternoon, thank you for calling Glovo, my name is Ifeanyi, how may I help you today?",golden,UNRESOLVED_COMPLAINT,repeated_issue_unresolved,Nigeria/Glovo,unresolved,already_frustrated -> resigned,neutral_throughout,service_complaint,0.0,0.616,0.384,0.7964
GS_066,1,CUSTOMER,"I will be honest with you, Ifeanyi — I am already tired before this call even started. My name is Segun. Every single time I place an order, something is missing. Tonight I ordered a full house wrap combo, and part of it was missing again. This is the 4th time something like this has happened.",golden,UNRESOLVED_COMPLAINT,repeated_issue_unresolved,Nigeria/Glovo,unresolved,already_frustrated -> resigned,neutral_throughout,service_complaint,0.126,0.775,0.1,-0.128
GS_066,2,AGENT,"I am very sorry to hear that, Segun. I completely understand your frustration. Can I please have your registered phone number so I can pull up your account?",golden,UNRESOLVED_COMPLAINT,repeated_issue_unresolved,Nigeria/Glovo,unresolved,already_frustrated -> resigned,neutral_throughout,service_complaint,0.174,0.7,0.126,-0.3306
GS_066,3,CUSTOMER,Abeg. 0706676160.,golden,UNRESOLVED_COMPLAINT,repeated_issue_unresolved,Nigeria/Glovo,unresolved,already_frustrated -> resigned,neutral_throughout,service_complaint,0.0,1.0,0.0,0.0
GS_066,4,AGENT,Thank you. I can see your account here. Can you also provide the reference number for your most recent affected order or transaction?,golden,UNRESOLVED_COMPLAINT,repeated_issue_unresolved,Nigeria/Glovo,unresolved,already_frustrated -> resigned,neutral_throughout,service_complaint,0.076,0.77,0.154,0.2315
GS_066,5,CUSTOMER,It is GLV-ORD-20260720-2324.,golden,UNRESOLVED_COMPLAINT,repeated_issue_unresolved,Nigeria/Glovo,unresolved,already_frustrated -> resigned,neutral_throughout,service_complaint,0.0,1.0,0.0,0.0
GS_066,6,AGENT,"Thank you, Segun. I can see previous notes referencing this issue, though I don't have visibility into the outcome of the earlier escalations from this screen.",golden,UNRESOLVED_COMPLAINT,repeated_issue_unresolved,Nigeria/Glovo,unresolved,already_frustrated -> resigned,neutral_throughout,service_complaint,0.0,0.902,0.098,0.3612
GS_066,7,CUSTOMER,"You people never actually fix it though, that's the problem.",golden,UNRESOLVED_COMPLAINT,repeated_issue_unresolved,Nigeria/Glovo,unresolved,already_frustrated -> resigned,neutral_throughout,service_complaint,0.231,0.769,0.0,-0.4019
GS_066,8,AGENT,"I understand how frustrating that is. What I can do is log this again and escalate it with a note referencing your previous calls, so it's flagged as a recurring issue.",golden,UNRESOLVED_COMPLAINT,repeated_issue_unresolved,Nigeria/Glovo,unresolved,already_frustrated -> resigned,neutral_throughout,service_complaint,0.1,0.9,0.0,-0.4404
GS_066,9,CUSTOMER,That's exactly what the last agent told me. Word for word. Can you tell me what actually happened after my last complaint? Because nothing changed.,golden,UNRESOLVED_COMPLAINT,repeated_issue_unresolved,Nigeria/Glovo,unresolved,already_frustrated -> resigned,neutral_throughout,service_complaint,0.084,0.916,0.0,-0.296
GS_066,10,AGENT,"I sincerely apologize, Segun. I am not able to access the outcome of previous escalations from my end, but I want to assure you your complaint is being taken seriously. I'll flag this as a high priority given how many times you've called.",golden,UNRESOLVED_COMPLAINT,repeated_issue_unresolved,Nigeria/Glovo,unresolved,already_frustrated -> resigned,neutral_throughout,service_complaint,0.106,0.723,0.171,0.2382
GS_066,11,CUSTOMER,Is there anyone above you who can actually look into this properly?,golden,UNRESOLVED_COMPLAINT,repeated_issue_unresolved,Nigeria/Glovo,unresolved,already_frustrated -> resigned,neutral_throughout,service_complaint,0.0,1.0,0.0,0.0
GS_066,12,AGENT,"I can escalate this to a senior review, though I can't guarantee a faster outcome than the previous escalations.",golden,UNRESOLVED_COMPLAINT,repeated_issue_unresolved,Nigeria/Glovo,unresolved,already_frustrated -> resigned,neutral_throughout,service_complaint,0.111,0.889,0.0,-0.1877
GS_066,13,CUSTOMER,"Chai! So every time I call, it starts from zero again? I have no way of knowing if anyone even looked at my previous complaints.",golden,UNRESOLVED_COMPLAINT,repeated_issue_unresolved,Nigeria/Glovo,unresolved,already_frustrated -> resigned,neutral_throughout,service_complaint,0.198,0.802,0.0,-0.636
GS_066,14,AGENT,"I completely understand, Segun, and I sincerely apologize for the experience you've had. I have logged this and marked it urgent — our team will follow up within 24 to 48 hours.",golden,UNRESOLVED_COMPLAINT,repeated_issue_unresolved,Nigeria/Glovo,unresolved,already_frustrated -> resigned,neutral_throughout,service_complaint,0.0,0.799,0.201,0.6486
GS_066,15,CUSTOMER,"Twenty-four to forty-eight hours, and then what? Another apology and nothing changes? Chai! I don't even know why I keep calling at this point.",golden,UNRESOLVED_COMPLAINT,repeated_issue_unresolved,Nigeria/Glovo,unresolved,already_frustrated -> resigned,neutral_throughout,service_complaint,0.0,0.919,0.081,0.2148
GS_066,16,AGENT,"I hear your frustration, Segun, and I genuinely apologize that we haven't met your expectations. Is there anything else I can assist you with today?",golden,UNRESOLVED_COMPLAINT,repeated_issue_unresolved,Nigeria/Glovo,unresolved,already_frustrated -> resigned,neutral_throughout,service_complaint,0.127,0.816,0.057,-0.4019
GS_066,17,CUSTOMER,No. There's nothing else. Just make sure someone actually reads this complaint this time.,golden,UNRESOLVED_COMPLAINT,repeated_issue_unresolved,Nigeria/Glovo,unresolved,already_frustrated -> resigned,neutral_throughout,service_complaint,0.261,0.611,0.128,-0.34
GS_066,18,AGENT,"I assure you it will be reviewed. Thank you for your patience, and for being a valued customer.",golden,UNRESOLVED_COMPLAINT,repeated_issue_unresolved,Nigeria/Glovo,unresolved,already_frustrated -> resigned,neutral_throughout,service_complaint,0.0,0.625,0.375,0.7783
GS_067,0,AGENT,"Good afternoon, thank you for calling Equity Bank, my name is Chinwe, how may I help you today?",golden,UNRESOLVED_COMPLAINT,repeated_issue_unresolved,Kenya/Equity Bank,unresolved,already_frustrated -> resigned,neutral_throughout,service_complaint,0.0,0.633,0.367,0.7964
GS_067,1,CUSTOMER,"I will be honest with you, Chinwe — I am already tired before this call even started. My name is Owino. A transaction that keeps failing to reflect correctly in my statement. I have called about this exact same issue 5 times before, and it is still not fixed.",golden,UNRESOLVED_COMPLAINT,repeated_issue_unresolved,Kenya/Equity Bank,unresolved,already_frustrated -> resigned,neutral_throughout,service_complaint,0.125,0.808,0.067,-0.4404
GS_067,2,AGENT,"I am very sorry to hear that, Owino. I completely understand your frustration. Can I please have your registered phone number so I can pull up your account?",golden,UNRESOLVED_COMPLAINT,repeated_issue_unresolved,Kenya/Equity Bank,unresolved,already_frustrated -> resigned,neutral_throughout,service_complaint,0.174,0.7,0.126,-0.3306
GS_067,3,CUSTOMER,Tafadhali. 0723 260 272.,golden,UNRESOLVED_COMPLAINT,repeated_issue_unresolved,Kenya/Equity Bank,unresolved,already_frustrated -> resigned,neutral_throughout,service_complaint,0.0,1.0,0.0,0.0
GS_067,4,AGENT,Thank you. I can see your account here. Can you also provide the reference number for your most recent affected order or transaction?,golden,UNRESOLVED_COMPLAINT,repeated_issue_unresolved,Kenya/Equity Bank,unresolved,already_frustrated -> resigned,neutral_throughout,service_complaint,0.076,0.77,0.154,0.2315
GS_067,5,CUSTOMER,It is EQ-TXN-20260602-2817.,golden,UNRESOLVED_COMPLAINT,repeated_issue_unresolved,Kenya/Equity Bank,unresolved,already_frustrated -> resigned,neutral_throughout,service_complaint,0.0,1.0,0.0,0.0
GS_067,6,AGENT,"Thank you, Owino. I can see previous notes referencing this issue, though I don't have visibility into the outcome of the earlier escalations from this screen.",golden,UNRESOLVED_COMPLAINT,repeated_issue_unresolved,Kenya/Equity Bank,unresolved,already_frustrated -> resigned,neutral_throughout,service_complaint,0.0,0.902,0.098,0.3612
GS_067,7,CUSTOMER,"You people never actually fix it though, that's the problem.",golden,UNRESOLVED_COMPLAINT,repeated_issue_unresolved,Kenya/Equity Bank,unresolved,already_frustrated -> resigned,neutral_throughout,service_complaint,0.231,0.769,0.0,-0.4019
GS_067,8,AGENT,"I understand how frustrating that is. What I can do is log this again and escalate it with a note referencing your previous calls, so it's flagged as a recurring issue.",golden,UNRESOLVED_COMPLAINT,repeated_issue_unresolved,Kenya/Equity Bank,unresolved,already_frustrated -> resigned,neutral_throughout,service_complaint,0.1,0.9,0.0,-0.4404
GS_067,9,CUSTOMER,That's exactly what the last agent told me. Word for word. Can you tell me what actually happened after my last complaint? Because nothing changed.,golden,UNRESOLVED_COMPLAINT,repeated_issue_unresolved,Kenya/Equity Bank,unresolved,already_frustrated -> resigned,neutral_throughout,service_complaint,0.084,0.916,0.0,-0.296
GS_067,10,AGENT,"I sincerely apologize, Owino. I am not able to access the outcome of previous escalations from my end, but I want to assure you your complaint is being taken seriously. I'll flag this as a high priority given how many times you've called.",golden,UNRESOLVED_COMPLAINT,repeated_issue_unresolved,Kenya/Equity Bank,unresolved,already_frustrated -> resigned,neutral_throughout,service_complaint,0.106,0.723,0.171,0.2382
GS_067,11,CUSTOMER,Is there anyone above you who can actually look into this properly?,golden,UNRESOLVED_COMPLAINT,repeated_issue_unresolved,Kenya/Equity Bank,unresolved,already_frustrated -> resigned,neutral_throughout,service_complaint,0.0,1.0,0.0,0.0
GS_067,12,AGENT,"I can escalate this to a senior review, though I can't guarantee a faster outcome than the previous escalations.",golden,UNRESOLVED_COMPLAINT,repeated_issue_unresolved,Kenya/Equity Bank,unresolved,already_frustrated -> resigned,neutral_throughout,service_complaint,0.111,0.889,0.0,-0.1877
GS_067,13,CUSTOMER,"Sitaki mchezo. So every time I call, it starts from zero again? I have no way of knowing if anyone even looked at my previous complaints.",golden,UNRESOLVED_COMPLAINT,repeated_issue_unresolved,Kenya/Equity Bank,unresolved,already_frustrated -> resigned,neutral_throughout,service_complaint,0.182,0.818,0.0,-0.5994
GS_067,14,AGENT,"I completely understand, Owino, and I sincerely apologize for the experience you've had. I have logged this and marked it urgent — our team will follow up within 24 to 48 hours.",golden,UNRESOLVED_COMPLAINT,repeated_issue_unresolved,Kenya/Equity Bank,unresolved,already_frustrated -> resigned,neutral_throughout,service_complaint,0.0,0.799,0.201,0.6486
GS_067,15,CUSTOMER,"Twenty-four to forty-eight hours, and then what? Another apology and nothing changes? Sitaki mchezo. I don't even know why I keep calling at this point.",golden,UNRESOLVED_COMPLAINT,repeated_issue_unresolved,Kenya/Equity Bank,unresolved,already_frustrated -> resigned,neutral_throughout,service_complaint,0.0,0.934,0.066,0.1431
GS_067,16,AGENT,"I hear your frustration, Owino, and I genuinely apologize that we haven't met your expectations. Is there anything else I can assist you with today?",golden,UNRESOLVED_COMPLAINT,repeated_issue_unresolved,Kenya/Equity Bank,unresolved,already_frustrated -> resigned,neutral_throughout,service_complaint,0.127,0.816,0.057,-0.4019
GS_067,17,CUSTOMER,No. There's nothing else. Just make sure someone actually reads this complaint this time.,golden,UNRESOLVED_COMPLAINT,repeated_issue_unresolved,Kenya/Equity Bank,unresolved,already_frustrated -> resigned,neutral_throughout,service_complaint,0.261,0.611,0.128,-0.34
GS_067,18,AGENT,"I assure you it will be reviewed. Thank you for your patience, and for being a valued customer.",golden,UNRESOLVED_COMPLAINT,repeated_issue_unresolved,Kenya/Equity Bank,unresolved,already_frustrated -> resigned,neutral_throughout,service_complaint,0.0,0.625,0.375,0.7783
GS_068,0,AGENT,"Good afternoon, thank you for calling Mashreq Neo, my name is Chinwe, how may I help you today?",golden,UNRESOLVED_COMPLAINT,repeated_issue_unresolved,Gulf/UAE/Mashreq Neo,unresolved,already_frustrated -> resigned,neutral_throughout,service_complaint,0.0,0.633,0.367,0.7964
GS_068,1,CUSTOMER,"I will be honest with you, Chinwe — I am already tired before this call even started. My name is Huda. A transaction that keeps failing to reflect correctly in my statement. I have called about this exact same issue 4 times before, and it is still not fixed.",golden,UNRESOLVED_COMPLAINT,repeated_issue_unresolved,Gulf/UAE/Mashreq Neo,unresolved,already_frustrated -> resigned,neutral_throughout,service_complaint,0.125,0.808,0.067,-0.4404
GS_068,2,AGENT,"I am very sorry to hear that, Huda. I completely understand your frustration. Can I please have your registered phone number so I can pull up your account?",golden,UNRESOLVED_COMPLAINT,repeated_issue_unresolved,Gulf/UAE/Mashreq Neo,unresolved,already_frustrated -> resigned,neutral_throughout,service_complaint,0.174,0.7,0.126,-0.3306
GS_068,3,CUSTOMER,Shukran. 053 790 4674.,golden,UNRESOLVED_COMPLAINT,repeated_issue_unresolved,Gulf/UAE/Mashreq Neo,unresolved,already_frustrated -> resigned,neutral_throughout,service_complaint,0.0,1.0,0.0,0.0
GS_068,4,AGENT,Thank you. I can see your account here. Can you also provide the reference number for your most recent affected order or transaction?,golden,UNRESOLVED_COMPLAINT,repeated_issue_unresolved,Gulf/UAE/Mashreq Neo,unresolved,already_frustrated -> resigned,neutral_throughout,service_complaint,0.076,0.77,0.154,0.2315
GS_068,5,CUSTOMER,It is MQ-TXN-20260826-7910.,golden,UNRESOLVED_COMPLAINT,repeated_issue_unresolved,Gulf/UAE/Mashreq Neo,unresolved,already_frustrated -> resigned,neutral_throughout,service_complaint,0.0,1.0,0.0,0.0
GS_068,6,AGENT,"Thank you, Huda. I can see previous notes referencing this issue, though I don't have visibility into the outcome of the earlier escalations from this screen.",golden,UNRESOLVED_COMPLAINT,repeated_issue_unresolved,Gulf/UAE/Mashreq Neo,unresolved,already_frustrated -> resigned,neutral_throughout,service_complaint,0.0,0.902,0.098,0.3612
GS_068,7,CUSTOMER,"You people never actually fix it though, that's the problem.",golden,UNRESOLVED_COMPLAINT,repeated_issue_unresolved,Gulf/UAE/Mashreq Neo,unresolved,already_frustrated -> resigned,neutral_throughout,service_complaint,0.231,0.769,0.0,-0.4019
GS_068,8,AGENT,"I understand how frustrating that is. What I can do is log this again and escalate it with a note referencing your previous calls, so it's flagged as a recurring issue.",golden,UNRESOLVED_COMPLAINT,repeated_issue_unresolved,Gulf/UAE/Mashreq Neo,unresolved,already_frustrated -> resigned,neutral_throughout,service_complaint,0.1,0.9,0.0,-0.4404
GS_068,9,CUSTOMER,That's exactly what the last agent told me. Word for word. Can you tell me what actually happened after my last complaint? Because nothing changed.,golden,UNRESOLVED_COMPLAINT,repeated_issue_unresolved,Gulf/UAE/Mashreq Neo,unresolved,already_frustrated -> resigned,neutral_throughout,service_complaint,0.084,0.916,0.0,-0.296
GS_068,10,AGENT,"I sincerely apologize, Huda. I am not able to access the outcome of previous escalations from my end, but I want to assure you your complaint is being taken seriously. I'll flag this as a high priority given how many times you've called.",golden,UNRESOLVED_COMPLAINT,repeated_issue_unresolved,Gulf/UAE/Mashreq Neo,unresolved,already_frustrated -> resigned,neutral_throughout,service_complaint,0.106,0.723,0.171,0.2382
GS_068,11,CUSTOMER,"Khalas! So every time I call, it starts from zero again? I have no way of knowing if anyone even looked at my previous complaints.",golden,UNRESOLVED_COMPLAINT,repeated_issue_unresolved,Gulf/UAE/Mashreq Neo,unresolved,already_frustrated -> resigned,neutral_throughout,service_complaint,0.198,0.802,0.0,-0.636
GS_068,12,AGENT,"I completely understand, Huda, and I sincerely apologize for the experience you've had. I have logged this and marked it urgent — our team will follow up within 24 to 48 hours.",golden,UNRESOLVED_COMPLAINT,repeated_issue_unresolved,Gulf/UAE/Mashreq Neo,unresolved,already_frustrated -> resigned,neutral_throughout,service_complaint,0.0,0.799,0.201,0.6486
GS_068,13,CUSTOMER,"Twenty-four to forty-eight hours, and then what? Another apology and nothing changes? Khalas! I don't even know why I keep calling at this point.",golden,UNRESOLVED_COMPLAINT,repeated_issue_unresolved,Gulf/UAE/Mashreq Neo,unresolved,already_frustrated -> resigned,neutral_throughout,service_complaint,0.0,0.919,0.081,0.2148
GS_068,14,AGENT,"I hear your frustration, Huda, and I genuinely apologize that we haven't met your expectations. Is there anything else I can assist you with today?",golden,UNRESOLVED_COMPLAINT,repeated_issue_unresolved,Gulf/UAE/Mashreq Neo,unresolved,already_frustrated -> resigned,neutral_throughout,service_complaint,0.127,0.816,0.057,-0.4019
GS_068,15,CUSTOMER,No. There's nothing else. Just make sure someone actually reads this complaint this time.,golden,UNRESOLVED_COMPLAINT,repeated_issue_unresolved,Gulf/UAE/Mashreq Neo,unresolved,already_frustrated -> resigned,neutral_throughout,service_complaint,0.261,0.611,0.128,-0.34
GS_068,16,AGENT,"I assure you it will be reviewed. Thank you for your patience, and for being a valued customer.",golden,UNRESOLVED_COMPLAINT,repeated_issue_unresolved,Gulf/UAE/Mashreq Neo,unresolved,already_frustrated -> resigned,neutral_throughout,service_complaint,0.0,0.625,0.375,0.7783
GS_069,0,AGENT,"Good afternoon, thank you for calling Moniepoint, my name is Blessing, how may I help you today?",golden,UNRESOLVED_COMPLAINT,repeated_issue_unresolved,Nigeria/Moniepoint,unresolved,already_frustrated -> resigned,neutral_throughout,service_complaint,0.0,0.515,0.485,0.8834
GS_069,1,CUSTOMER,"I will be honest with you, Blessing — I am already tired before this call even started. My name is Bolanle. A transaction that keeps failing to reflect correctly in my statement. I have called about this exact same issue 3 times before, and it is still not fixed.",golden,UNRESOLVED_COMPLAINT,repeated_issue_unresolved,Nigeria/Moniepoint,unresolved,already_frustrated -> resigned,neutral_throughout,service_complaint,0.12,0.754,0.126,0.0772
GS_069,2,AGENT,"I am very sorry to hear that, Bolanle. I completely understand your frustration. Can I please have your registered phone number so I can pull up your account?",golden,UNRESOLVED_COMPLAINT,repeated_issue_unresolved,Nigeria/Moniepoint,unresolved,already_frustrated -> resigned,neutral_throughout,service_complaint,0.174,0.7,0.126,-0.3306
GS_069,3,CUSTOMER,Abeg. 0707898584.,golden,UNRESOLVED_COMPLAINT,repeated_issue_unresolved,Nigeria/Moniepoint,unresolved,already_frustrated -> resigned,neutral_throughout,service_complaint,0.0,1.0,0.0,0.0
GS_069,4,AGENT,Thank you. I can see your account here. Can you also provide the reference number for your most recent affected order or transaction?,golden,UNRESOLVED_COMPLAINT,repeated_issue_unresolved,Nigeria/Moniepoint,unresolved,already_frustrated -> resigned,neutral_throughout,service_complaint,0.076,0.77,0.154,0.2315
GS_069,5,CUSTOMER,It is MP-TXN-20260613-9056.,golden,UNRESOLVED_COMPLAINT,repeated_issue_unresolved,Nigeria/Moniepoint,unresolved,already_frustrated -> resigned,neutral_throughout,service_complaint,0.0,1.0,0.0,0.0
GS_069,6,AGENT,"Thank you, Bolanle. I can see previous notes referencing this issue, though I don't have visibility into the outcome of the earlier escalations from this screen.",golden,UNRESOLVED_COMPLAINT,repeated_issue_unresolved,Nigeria/Moniepoint,unresolved,already_frustrated -> resigned,neutral_throughout,service_complaint,0.0,0.902,0.098,0.3612
GS_069,7,CUSTOMER,"You people never actually fix it though, that's the problem.",golden,UNRESOLVED_COMPLAINT,repeated_issue_unresolved,Nigeria/Moniepoint,unresolved,already_frustrated -> resigned,neutral_throughout,service_complaint,0.231,0.769,0.0,-0.4019
GS_069,8,AGENT,"I understand how frustrating that is. What I can do is log this again and escalate it with a note referencing your previous calls, so it's flagged as a recurring issue.",golden,UNRESOLVED_COMPLAINT,repeated_issue_unresolved,Nigeria/Moniepoint,unresolved,already_frustrated -> resigned,neutral_throughout,service_complaint,0.1,0.9,0.0,-0.4404
GS_069,9,CUSTOMER,"The first time I called, they said it would be fixed within 48 hours. The second time, someone told me it was already escalated. Nothing has changed.",golden,UNRESOLVED_COMPLAINT,repeated_issue_unresolved,Nigeria/Moniepoint,unresolved,already_frustrated -> resigned,neutral_throughout,service_complaint,0.0,1.0,0.0,0.0
GS_069,10,AGENT,"I'm sorry you've had to repeat that history — I can see some of those notes, though not the full detail of what was promised each time.",golden,UNRESOLVED_COMPLAINT,repeated_issue_unresolved,Nigeria/Moniepoint,unresolved,already_frustrated -> resigned,neutral_throughout,service_complaint,0.049,0.858,0.093,0.296
GS_069,11,CUSTOMER,That's exactly what the last agent told me. Word for word. Can you tell me what actually happened after my last complaint? Because nothing changed.,golden,UNRESOLVED_COMPLAINT,repeated_issue_unresolved,Nigeria/Moniepoint,unresolved,already_frustrated -> resigned,neutral_throughout,service_complaint,0.084,0.916,0.0,-0.296
GS_069,12,AGENT,"I sincerely apologize, Bolanle. I am not able to access the outcome of previous escalations from my end, but I want to assure you your complaint is being taken seriously. I'll flag this as a high priority given how many times you've called.",golden,UNRESOLVED_COMPLAINT,repeated_issue_unresolved,Nigeria/Moniepoint,unresolved,already_frustrated -> resigned,neutral_throughout,service_complaint,0.106,0.723,0.171,0.2382
GS_069,13,CUSTOMER,Is there anyone above you who can actually look into this properly?,golden,UNRESOLVED_COMPLAINT,repeated_issue_unresolved,Nigeria/Moniepoint,unresolved,already_frustrated -> resigned,neutral_throughout,service_complaint,0.0,1.0,0.0,0.0
GS_069,14,AGENT,"I can escalate this to a senior review, though I can't guarantee a faster outcome than the previous escalations.",golden,UNRESOLVED_COMPLAINT,repeated_issue_unresolved,Nigeria/Moniepoint,unresolved,already_frustrated -> resigned,neutral_throughout,service_complaint,0.111,0.889,0.0,-0.1877
GS_069,15,CUSTOMER,"Chai! So every time I call, it starts from zero again? I have no way of knowing if anyone even looked at my previous complaints.",golden,UNRESOLVED_COMPLAINT,repeated_issue_unresolved,Nigeria/Moniepoint,unresolved,already_frustrated -> resigned,neutral_throughout,service_complaint,0.198,0.802,0.0,-0.636
GS_069,16,AGENT,"I completely understand, Bolanle, and I sincerely apologize for the experience you've had. I have logged this and marked it urgent — our team will follow up within 24 to 48 hours.",golden,UNRESOLVED_COMPLAINT,repeated_issue_unresolved,Nigeria/Moniepoint,unresolved,already_frustrated -> resigned,neutral_throughout,service_complaint,0.0,0.799,0.201,0.6486
GS_069,17,CUSTOMER,"Twenty-four to forty-eight hours, and then what? Another apology and nothing changes? Chai! I don't even know why I keep calling at this point.",golden,UNRESOLVED_COMPLAINT,repeated_issue_unresolved,Nigeria/Moniepoint,unresolved,already_frustrated -> resigned,neutral_throughout,service_complaint,0.0,0.919,0.081,0.2148
GS_069,18,AGENT,"I hear your frustration, Bolanle, and I genuinely apologize that we haven't met your expectations. Is there anything else I can assist you with today?",golden,UNRESOLVED_COMPLAINT,repeated_issue_unresolved,Nigeria/Moniepoint,unresolved,already_frustrated -> resigned,neutral_throughout,service_complaint,0.127,0.816,0.057,-0.4019
GS_069,19,CUSTOMER,No. There's nothing else. Just make sure someone actually reads this complaint this time.,golden,UNRESOLVED_COMPLAINT,repeated_issue_unresolved,Nigeria/Moniepoint,unresolved,already_frustrated -> resigned,neutral_throughout,service_complaint,0.261,0.611,0.128,-0.34
GS_069,20,AGENT,"I assure you it will be reviewed. Thank you for your patience, and for being a valued customer.",golden,UNRESOLVED_COMPLAINT,repeated_issue_unresolved,Nigeria/Moniepoint,unresolved,already_frustrated -> resigned,neutral_throughout,service_complaint,0.0,0.625,0.375,0.7783
GS_070,0,AGENT,"Good afternoon, thank you for calling KCB, my name is Ada, how may I help you today?",golden,UNRESOLVED_COMPLAINT,repeated_issue_unresolved,Kenya/KCB,unresolved,already_frustrated -> resigned,neutral_throughout,service_complaint,0.0,0.616,0.384,0.7964
GS_070,1,CUSTOMER,"I will be honest with you, Ada — I am already tired before this call even started. My name is Kariuki. A transaction that keeps failing to reflect correctly in my statement. I have called about this exact same issue 3 times before, and it is still not fixed.",golden,UNRESOLVED_COMPLAINT,repeated_issue_unresolved,Kenya/KCB,unresolved,already_frustrated -> resigned,neutral_throughout,service_complaint,0.125,0.808,0.067,-0.4404
GS_070,2,AGENT,"I am very sorry to hear that, Kariuki. I completely understand your frustration. Can I please have your registered phone number so I can pull up your account?",golden,UNRESOLVED_COMPLAINT,repeated_issue_unresolved,Kenya/KCB,unresolved,already_frustrated -> resigned,neutral_throughout,service_complaint,0.174,0.7,0.126,-0.3306
GS_070,3,CUSTOMER,Pole. 0720 108 185.,golden,UNRESOLVED_COMPLAINT,repeated_issue_unresolved,Kenya/KCB,unresolved,already_frustrated -> resigned,neutral_throughout,service_complaint,0.0,1.0,0.0,0.0
GS_070,4,AGENT,Thank you. I can see your account here. Can you also provide the reference number for your most recent affected order or transaction?,golden,UNRESOLVED_COMPLAINT,repeated_issue_unresolved,Kenya/KCB,unresolved,already_frustrated -> resigned,neutral_throughout,service_complaint,0.076,0.77,0.154,0.2315
GS_070,5,CUSTOMER,It is KCB-TXN-20260618-1286.,golden,UNRESOLVED_COMPLAINT,repeated_issue_unresolved,Kenya/KCB,unresolved,already_frustrated -> resigned,neutral_throughout,service_complaint,0.0,1.0,0.0,0.0
GS_070,6,AGENT,"Thank you, Kariuki. I can see previous notes referencing this issue, though I don't have visibility into the outcome of the earlier escalations from this screen.",golden,UNRESOLVED_COMPLAINT,repeated_issue_unresolved,Kenya/KCB,unresolved,already_frustrated -> resigned,neutral_throughout,service_complaint,0.0,0.902,0.098,0.3612
GS_070,7,CUSTOMER,"You people never actually fix it though, that's the problem.",golden,UNRESOLVED_COMPLAINT,repeated_issue_unresolved,Kenya/KCB,unresolved,already_frustrated -> resigned,neutral_throughout,service_complaint,0.231,0.769,0.0,-0.4019
GS_070,8,AGENT,"I understand how frustrating that is. What I can do is log this again and escalate it with a note referencing your previous calls, so it's flagged as a recurring issue.",golden,UNRESOLVED_COMPLAINT,repeated_issue_unresolved,Kenya/KCB,unresolved,already_frustrated -> resigned,neutral_throughout,service_complaint,0.1,0.9,0.0,-0.4404
GS_070,9,CUSTOMER,That's exactly what the last agent told me. Word for word. Can you tell me what actually happened after my last complaint? Because nothing changed.,golden,UNRESOLVED_COMPLAINT,repeated_issue_unresolved,Kenya/KCB,unresolved,already_frustrated -> resigned,neutral_throughout,service_complaint,0.084,0.916,0.0,-0.296
GS_070,10,AGENT,"I sincerely apologize, Kariuki. I am not able to access the outcome of previous escalations from my end, but I want to assure you your complaint is being taken seriously. I'll flag this as a high priority given how many times you've called.",golden,UNRESOLVED_COMPLAINT,repeated_issue_unresolved,Kenya/KCB,unresolved,already_frustrated -> resigned,neutral_throughout,service_complaint,0.106,0.723,0.171,0.2382
GS_070,11,CUSTOMER,"Hii ni nini? So every time I call, it starts from zero again? I have no way of knowing if anyone even looked at my previous complaints.",golden,UNRESOLVED_COMPLAINT,repeated_issue_unresolved,Kenya/KCB,unresolved,already_frustrated -> resigned,neutral_throughout,service_complaint,0.186,0.814,0.0,-0.644
GS_070,12,AGENT,"I completely understand, Kariuki, and I sincerely apologize for the experience you've had. I have logged this and marked it urgent — our team will follow up within 24 to 48 hours.",golden,UNRESOLVED_COMPLAINT,repeated_issue_unresolved,Kenya/KCB,unresolved,already_frustrated -> resigned,neutral_throughout,service_complaint,0.0,0.799,0.201,0.6486
GS_070,13,CUSTOMER,"Twenty-four to forty-eight hours, and then what? Another apology and nothing changes? Hii ni nini? I don't even know why I keep calling at this point.",golden,UNRESOLVED_COMPLAINT,repeated_issue_unresolved,Kenya/KCB,unresolved,already_frustrated -> resigned,neutral_throughout,service_complaint,0.0,0.93,0.07,0.1877
GS_070,14,AGENT,"I hear your frustration, Kariuki, and I genuinely apologize that we haven't met your expectations. Is there anything else I can assist you with today?",golden,UNRESOLVED_COMPLAINT,repeated_issue_unresolved,Kenya/KCB,unresolved,already_frustrated -> resigned,neutral_throughout,service_complaint,0.127,0.816,0.057,-0.4019
GS_070,15,CUSTOMER,No. There's nothing else. Just make sure someone actually reads this complaint this time.,golden,UNRESOLVED_COMPLAINT,repeated_issue_unresolved,Kenya/KCB,unresolved,already_frustrated -> resigned,neutral_throughout,service_complaint,0.261,0.611,0.128,-0.34
GS_070,16,AGENT,"I assure you it will be reviewed. Thank you for your patience, and for being a valued customer.",golden,UNRESOLVED_COMPLAINT,repeated_issue_unresolved,Kenya/KCB,unresolved,already_frustrated -> resigned,neutral_throughout,service_complaint,0.0,0.625,0.375,0.7783
GS_071,0,AGENT,"Good afternoon, thank you for calling RAKBANK, my name is Kelechi, how may I help you today?",golden,UNRESOLVED_COMPLAINT,repeated_issue_unresolved,Gulf/UAE/RAKBANK,unresolved,already_frustrated -> resigned,neutral_throughout,service_complaint,0.0,0.616,0.384,0.7964
GS_071,1,CUSTOMER,"I will be honest with you, Kelechi — I am already tired before this call even started. My name is Layla. A transaction that keeps failing to reflect correctly in my statement. I have called about this exact same issue 5 times before, and it is still not fixed.",golden,UNRESOLVED_COMPLAINT,repeated_issue_unresolved,Gulf/UAE/RAKBANK,unresolved,already_frustrated -> resigned,neutral_throughout,service_complaint,0.125,0.808,0.067,-0.4404
GS_071,2,AGENT,"I am very sorry to hear that, Layla. I completely understand your frustration. Can I please have your registered phone number so I can pull up your account?",golden,UNRESOLVED_COMPLAINT,repeated_issue_unresolved,Gulf/UAE/RAKBANK,unresolved,already_frustrated -> resigned,neutral_throughout,service_complaint,0.174,0.7,0.126,-0.3306
GS_071,3,CUSTOMER,Shukran. 051 817 3381.,golden,UNRESOLVED_COMPLAINT,repeated_issue_unresolved,Gulf/UAE/RAKBANK,unresolved,already_frustrated -> resigned,neutral_throughout,service_complaint,0.0,1.0,0.0,0.0
GS_071,4,AGENT,Thank you. I can see your account here. Can you also provide the reference number for your most recent affected order or transaction?,golden,UNRESOLVED_COMPLAINT,repeated_issue_unresolved,Gulf/UAE/RAKBANK,unresolved,already_frustrated -> resigned,neutral_throughout,service_complaint,0.076,0.77,0.154,0.2315
GS_071,5,CUSTOMER,It is RAK-TXN-20260620-1675.,golden,UNRESOLVED_COMPLAINT,repeated_issue_unresolved,Gulf/UAE/RAKBANK,unresolved,already_frustrated -> resigned,neutral_throughout,service_complaint,0.0,1.0,0.0,0.0
GS_071,6,AGENT,"Thank you, Layla. I can see previous notes referencing this issue, though I don't have visibility into the outcome of the earlier escalations from this screen.",golden,UNRESOLVED_COMPLAINT,repeated_issue_unresolved,Gulf/UAE/RAKBANK,unresolved,already_frustrated -> resigned,neutral_throughout,service_complaint,0.0,0.902,0.098,0.3612
GS_071,7,CUSTOMER,"You people never actually fix it though, that's the problem.",golden,UNRESOLVED_COMPLAINT,repeated_issue_unresolved,Gulf/UAE/RAKBANK,unresolved,already_frustrated -> resigned,neutral_throughout,service_complaint,0.231,0.769,0.0,-0.4019
GS_071,8,AGENT,"I understand how frustrating that is. What I can do is log this again and escalate it with a note referencing your previous calls, so it's flagged as a recurring issue.",golden,UNRESOLVED_COMPLAINT,repeated_issue_unresolved,Gulf/UAE/RAKBANK,unresolved,already_frustrated -> resigned,neutral_throughout,service_complaint,0.1,0.9,0.0,-0.4404
GS_071,9,CUSTOMER,That's exactly what the last agent told me. Word for word. Can you tell me what actually happened after my last complaint? Because nothing changed.,golden,UNRESOLVED_COMPLAINT,repeated_issue_unresolved,Gulf/UAE/RAKBANK,unresolved,already_frustrated -> resigned,neutral_throughout,service_complaint,0.084,0.916,0.0,-0.296
GS_071,10,AGENT,"I sincerely apologize, Layla. I am not able to access the outcome of previous escalations from my end, but I want to assure you your complaint is being taken seriously. I'll flag this as a high priority given how many times you've called.",golden,UNRESOLVED_COMPLAINT,repeated_issue_unresolved,Gulf/UAE/RAKBANK,unresolved,already_frustrated -> resigned,neutral_throughout,service_complaint,0.106,0.723,0.171,0.2382
GS_071,11,CUSTOMER,Is there anyone above you who can actually look into this properly?,golden,UNRESOLVED_COMPLAINT,repeated_issue_unresolved,Gulf/UAE/RAKBANK,unresolved,already_frustrated -> resigned,neutral_throughout,service_complaint,0.0,1.0,0.0,0.0
GS_071,12,AGENT,"I can escalate this to a senior review, though I can't guarantee a faster outcome than the previous escalations.",golden,UNRESOLVED_COMPLAINT,repeated_issue_unresolved,Gulf/UAE/RAKBANK,unresolved,already_frustrated -> resigned,neutral_throughout,service_complaint,0.111,0.889,0.0,-0.1877
GS_071,13,CUSTOMER,"Ana gelt lak. So every time I call, it starts from zero again? I have no way of knowing if anyone even looked at my previous complaints.",golden,UNRESOLVED_COMPLAINT,repeated_issue_unresolved,Gulf/UAE/RAKBANK,unresolved,already_frustrated -> resigned,neutral_throughout,service_complaint,0.176,0.824,0.0,-0.5994
GS_071,14,AGENT,"I completely understand, Layla, and I sincerely apologize for the experience you've had. I have logged this and marked it urgent — our team will follow up within 24 to 48 hours.",golden,UNRESOLVED_COMPLAINT,repeated_issue_unresolved,Gulf/UAE/RAKBANK,unresolved,already_frustrated -> resigned,neutral_throughout,service_complaint,0.0,0.799,0.201,0.6486
GS_071,15,CUSTOMER,"Twenty-four to forty-eight hours, and then what? Another apology and nothing changes? Ana gelt lak. I don't even know why I keep calling at this point.",golden,UNRESOLVED_COMPLAINT,repeated_issue_unresolved,Gulf/UAE/RAKBANK,unresolved,already_frustrated -> resigned,neutral_throughout,service_complaint,0.0,0.936,0.064,0.1431
GS_071,16,AGENT,"I hear your frustration, Layla, and I genuinely apologize that we haven't met your expectations. Is there anything else I can assist you with today?",golden,UNRESOLVED_COMPLAINT,repeated_issue_unresolved,Gulf/UAE/RAKBANK,unresolved,already_frustrated -> resigned,neutral_throughout,service_complaint,0.127,0.816,0.057,-0.4019
GS_071,17,CUSTOMER,No. There's nothing else. Just make sure someone actually reads this complaint this time.,golden,UNRESOLVED_COMPLAINT,repeated_issue_unresolved,Gulf/UAE/RAKBANK,unresolved,already_frustrated -> resigned,neutral_throughout,service_complaint,0.261,0.611,0.128,-0.34
GS_071,18,AGENT,"I assure you it will be reviewed. Thank you for your patience, and for being a valued customer.",golden,UNRESOLVED_COMPLAINT,repeated_issue_unresolved,Gulf/UAE/RAKBANK,unresolved,already_frustrated -> resigned,neutral_throughout,service_complaint,0.0,0.625,0.375,0.7783
GS_072,0,AGENT,"Good afternoon, thank you for calling OPay, my name is Blessing, how may I help you today?",golden,UNRESOLVED_COMPLAINT,repeated_issue_unresolved,Nigeria/OPay,unresolved,already_frustrated -> resigned,neutral_throughout,service_complaint,0.0,0.515,0.485,0.8834
GS_072,1,CUSTOMER,"I will be honest with you, Blessing — I am already tired before this call even started. My name is Folake. A transaction that keeps failing to reflect correctly in my statement. I have called about this exact same issue 3 times before, and it is still not fixed.",golden,UNRESOLVED_COMPLAINT,repeated_issue_unresolved,Nigeria/OPay,unresolved,already_frustrated -> resigned,neutral_throughout,service_complaint,0.12,0.754,0.126,0.0772
GS_072,2,AGENT,"I am very sorry to hear that, Folake. I completely understand your frustration. Can I please have your registered phone number so I can pull up your account?",golden,UNRESOLVED_COMPLAINT,repeated_issue_unresolved,Nigeria/OPay,unresolved,already_frustrated -> resigned,neutral_throughout,service_complaint,0.174,0.7,0.126,-0.3306
GS_072,3,CUSTOMER,Abeg. 0904972611.,golden,UNRESOLVED_COMPLAINT,repeated_issue_unresolved,Nigeria/OPay,unresolved,already_frustrated -> resigned,neutral_throughout,service_complaint,0.0,1.0,0.0,0.0
GS_072,4,AGENT,Thank you. I can see your account here. Can you also provide the reference number for your most recent affected order or transaction?,golden,UNRESOLVED_COMPLAINT,repeated_issue_unresolved,Nigeria/OPay,unresolved,already_frustrated -> resigned,neutral_throughout,service_complaint,0.076,0.77,0.154,0.2315
GS_072,5,CUSTOMER,It is OP-TXN-20260620-9272.,golden,UNRESOLVED_COMPLAINT,repeated_issue_unresolved,Nigeria/OPay,unresolved,already_frustrated -> resigned,neutral_throughout,service_complaint,0.0,1.0,0.0,0.0
GS_072,6,AGENT,"Thank you, Folake. I can see previous notes referencing this issue, though I don't have visibility into the outcome of the earlier escalations from this screen.",golden,UNRESOLVED_COMPLAINT,repeated_issue_unresolved,Nigeria/OPay,unresolved,already_frustrated -> resigned,neutral_throughout,service_complaint,0.0,0.902,0.098,0.3612
GS_072,7,CUSTOMER,"You people never actually fix it though, that's the problem.",golden,UNRESOLVED_COMPLAINT,repeated_issue_unresolved,Nigeria/OPay,unresolved,already_frustrated -> resigned,neutral_throughout,service_complaint,0.231,0.769,0.0,-0.4019
GS_072,8,AGENT,"I understand how frustrating that is. What I can do is log this again and escalate it with a note referencing your previous calls, so it's flagged as a recurring issue.",golden,UNRESOLVED_COMPLAINT,repeated_issue_unresolved,Nigeria/OPay,unresolved,already_frustrated -> resigned,neutral_throughout,service_complaint,0.1,0.9,0.0,-0.4404
GS_072,9,CUSTOMER,"The first time I called, they said it would be fixed within 48 hours. The second time, someone told me it was already escalated. Nothing has changed.",golden,UNRESOLVED_COMPLAINT,repeated_issue_unresolved,Nigeria/OPay,unresolved,already_frustrated -> resigned,neutral_throughout,service_complaint,0.0,1.0,0.0,0.0
GS_072,10,AGENT,"I'm sorry you've had to repeat that history — I can see some of those notes, though not the full detail of what was promised each time.",golden,UNRESOLVED_COMPLAINT,repeated_issue_unresolved,Nigeria/OPay,unresolved,already_frustrated -> resigned,neutral_throughout,service_complaint,0.049,0.858,0.093,0.296
GS_072,11,CUSTOMER,That's exactly what the last agent told me. Word for word. Can you tell me what actually happened after my last complaint? Because nothing changed.,golden,UNRESOLVED_COMPLAINT,repeated_issue_unresolved,Nigeria/OPay,unresolved,already_frustrated -> resigned,neutral_throughout,service_complaint,0.084,0.916,0.0,-0.296
GS_072,12,AGENT,"I sincerely apologize, Folake. I am not able to access the outcome of previous escalations from my end, but I want to assure you your complaint is being taken seriously. I'll flag this as a high priority given how many times you've called.",golden,UNRESOLVED_COMPLAINT,repeated_issue_unresolved,Nigeria/OPay,unresolved,already_frustrated -> resigned,neutral_throughout,service_complaint,0.106,0.723,0.171,0.2382
GS_072,13,CUSTOMER,Is there anyone above you who can actually look into this properly?,golden,UNRESOLVED_COMPLAINT,repeated_issue_unresolved,Nigeria/OPay,unresolved,already_frustrated -> resigned,neutral_throughout,service_complaint,0.0,1.0,0.0,0.0
GS_072,14,AGENT,"I can escalate this to a senior review, though I can't guarantee a faster outcome than the previous escalations.",golden,UNRESOLVED_COMPLAINT,repeated_issue_unresolved,Nigeria/OPay,unresolved,already_frustrated -> resigned,neutral_throughout,service_complaint,0.111,0.889,0.0,-0.1877
GS_072,15,CUSTOMER,"I no gree! So every time I call, it starts from zero again? I have no way of knowing if anyone even looked at my previous complaints.",golden,UNRESOLVED_COMPLAINT,repeated_issue_unresolved,Nigeria/OPay,unresolved,already_frustrated -> resigned,neutral_throughout,service_complaint,0.26,0.74,0.0,-0.75
GS_072,16,AGENT,"I completely understand, Folake, and I sincerely apologize for the experience you've had. I have logged this and marked it urgent — our team will follow up within 24 to 48 hours.",golden,UNRESOLVED_COMPLAINT,repeated_issue_unresolved,Nigeria/OPay,unresolved,already_frustrated -> resigned,neutral_throughout,service_complaint,0.0,0.799,0.201,0.6486
GS_072,17,CUSTOMER,"Twenty-four to forty-eight hours, and then what? Another apology and nothing changes? I no gree! I don't even know why I keep calling at this point.",golden,UNRESOLVED_COMPLAINT,repeated_issue_unresolved,Nigeria/OPay,unresolved,already_frustrated -> resigned,neutral_throughout,service_complaint,0.0,0.849,0.151,0.4098
GS_072,18,AGENT,"I hear your frustration, Folake, and I genuinely apologize that we haven't met your expectations. Is there anything else I can assist you with today?",golden,UNRESOLVED_COMPLAINT,repeated_issue_unresolved,Nigeria/OPay,unresolved,already_frustrated -> resigned,neutral_throughout,service_complaint,0.127,0.816,0.057,-0.4019
GS_072,19,CUSTOMER,No. There's nothing else. Just make sure someone actually reads this complaint this time.,golden,UNRESOLVED_COMPLAINT,repeated_issue_unresolved,Nigeria/OPay,unresolved,already_frustrated -> resigned,neutral_throughout,service_complaint,0.261,0.611,0.128,-0.34
GS_072,20,AGENT,"I assure you it will be reviewed. Thank you for your patience, and for being a valued customer.",golden,UNRESOLVED_COMPLAINT,repeated_issue_unresolved,Nigeria/OPay,unresolved,already_frustrated -> resigned,neutral_throughout,service_complaint,0.0,0.625,0.375,0.7783
GS_073,0,AGENT,"Good afternoon, thank you for calling KCB, my name is Kelechi, how may I help you today?",golden,UNRESOLVED_COMPLAINT,repeated_issue_unresolved,Kenya/KCB,unresolved,already_frustrated -> resigned,neutral_throughout,service_complaint,0.0,0.616,0.384,0.7964
GS_073,1,CUSTOMER,"I will be honest with you, Kelechi — I am already tired before this call even started. My name is Odhiambo. A transaction that keeps failing to reflect correctly in my statement. I have called about this exact same issue 4 times before, and it is still not fixed.",golden,UNRESOLVED_COMPLAINT,repeated_issue_unresolved,Kenya/KCB,unresolved,already_frustrated -> resigned,neutral_throughout,service_complaint,0.125,0.808,0.067,-0.4404
GS_073,2,AGENT,"I am very sorry to hear that, Odhiambo. I completely understand your frustration. Can I please have your registered phone number so I can pull up your account?",golden,UNRESOLVED_COMPLAINT,repeated_issue_unresolved,Kenya/KCB,unresolved,already_frustrated -> resigned,neutral_throughout,service_complaint,0.174,0.7,0.126,-0.3306
GS_073,3,CUSTOMER,Asante. 0716 511 303.,golden,UNRESOLVED_COMPLAINT,repeated_issue_unresolved,Kenya/KCB,unresolved,already_frustrated -> resigned,neutral_throughout,service_complaint,0.0,1.0,0.0,0.0
GS_073,4,AGENT,Thank you. I can see your account here. Can you also provide the reference number for your most recent affected order or transaction?,golden,UNRESOLVED_COMPLAINT,repeated_issue_unresolved,Kenya/KCB,unresolved,already_frustrated -> resigned,neutral_throughout,service_complaint,0.076,0.77,0.154,0.2315
GS_073,5,CUSTOMER,It is KCB-TXN-20260824-1300.,golden,UNRESOLVED_COMPLAINT,repeated_issue_unresolved,Kenya/KCB,unresolved,already_frustrated -> resigned,neutral_throughout,service_complaint,0.0,1.0,0.0,0.0
GS_073,6,AGENT,"Thank you, Odhiambo. I can see previous notes referencing this issue, though I don't have visibility into the outcome of the earlier escalations from this screen.",golden,UNRESOLVED_COMPLAINT,repeated_issue_unresolved,Kenya/KCB,unresolved,already_frustrated -> resigned,neutral_throughout,service_complaint,0.0,0.902,0.098,0.3612
GS_073,7,CUSTOMER,"You people never actually fix it though, that's the problem.",golden,UNRESOLVED_COMPLAINT,repeated_issue_unresolved,Kenya/KCB,unresolved,already_frustrated -> resigned,neutral_throughout,service_complaint,0.231,0.769,0.0,-0.4019
GS_073,8,AGENT,"I understand how frustrating that is. What I can do is log this again and escalate it with a note referencing your previous calls, so it's flagged as a recurring issue.",golden,UNRESOLVED_COMPLAINT,repeated_issue_unresolved,Kenya/KCB,unresolved,already_frustrated -> resigned,neutral_throughout,service_complaint,0.1,0.9,0.0,-0.4404
GS_073,9,CUSTOMER,That's exactly what the last agent told me. Word for word. Can you tell me what actually happened after my last complaint? Because nothing changed.,golden,UNRESOLVED_COMPLAINT,repeated_issue_unresolved,Kenya/KCB,unresolved,already_frustrated -> resigned,neutral_throughout,service_complaint,0.084,0.916,0.0,-0.296
GS_073,10,AGENT,"I sincerely apologize, Odhiambo. I am not able to access the outcome of previous escalations from my end, but I want to assure you your complaint is being taken seriously. I'll flag this as a high priority given how many times you've called.",golden,UNRESOLVED_COMPLAINT,repeated_issue_unresolved,Kenya/KCB,unresolved,already_frustrated -> resigned,neutral_throughout,service_complaint,0.106,0.723,0.171,0.2382
GS_073,11,CUSTOMER,Is there anyone above you who can actually look into this properly?,golden,UNRESOLVED_COMPLAINT,repeated_issue_unresolved,Kenya/KCB,unresolved,already_frustrated -> resigned,neutral_throughout,service_complaint,0.0,1.0,0.0,0.0
GS_073,12,AGENT,"I can escalate this to a senior review, though I can't guarantee a faster outcome than the previous escalations.",golden,UNRESOLVED_COMPLAINT,repeated_issue_unresolved,Kenya/KCB,unresolved,already_frustrated -> resigned,neutral_throughout,service_complaint,0.111,0.889,0.0,-0.1877
GS_073,13,CUSTOMER,"Nimechoka. So every time I call, it starts from zero again? I have no way of knowing if anyone even looked at my previous complaints.",golden,UNRESOLVED_COMPLAINT,repeated_issue_unresolved,Kenya/KCB,unresolved,already_frustrated -> resigned,neutral_throughout,service_complaint,0.189,0.811,0.0,-0.5994
GS_073,14,AGENT,"I completely understand, Odhiambo, and I sincerely apologize for the experience you've had. I have logged this and marked it urgent — our team will follow up within 24 to 48 hours.",golden,UNRESOLVED_COMPLAINT,repeated_issue_unresolved,Kenya/KCB,unresolved,already_frustrated -> resigned,neutral_throughout,service_complaint,0.0,0.799,0.201,0.6486
GS_073,15,CUSTOMER,"Twenty-four to forty-eight hours, and then what? Another apology and nothing changes? Nimechoka. I don't even know why I keep calling at this point.",golden,UNRESOLVED_COMPLAINT,repeated_issue_unresolved,Kenya/KCB,unresolved,already_frustrated -> resigned,neutral_throughout,service_complaint,0.0,0.931,0.069,0.1431
GS_073,16,AGENT,"I hear your frustration, Odhiambo, and I genuinely apologize that we haven't met your expectations. Is there anything else I can assist you with today?",golden,UNRESOLVED_COMPLAINT,repeated_issue_unresolved,Kenya/KCB,unresolved,already_frustrated -> resigned,neutral_throughout,service_complaint,0.127,0.816,0.057,-0.4019
GS_073,17,CUSTOMER,No. There's nothing else. Just make sure someone actually reads this complaint this time.,golden,UNRESOLVED_COMPLAINT,repeated_issue_unresolved,Kenya/KCB,unresolved,already_frustrated -> resigned,neutral_throughout,service_complaint,0.261,0.611,0.128,-0.34
GS_073,18,AGENT,"I assure you it will be reviewed. Thank you for your patience, and for being a valued customer.",golden,UNRESOLVED_COMPLAINT,repeated_issue_unresolved,Kenya/KCB,unresolved,already_frustrated -> resigned,neutral_throughout,service_complaint,0.0,0.625,0.375,0.7783
GS_074,0,AGENT,"Good afternoon, thank you for calling Emirates NBD, my name is Kelechi, how may I help you today?",golden,UNRESOLVED_COMPLAINT,repeated_issue_unresolved,Gulf/UAE/Emirates NBD,unresolved,already_frustrated -> resigned,neutral_throughout,service_complaint,0.0,0.539,0.461,0.8788
GS_074,1,CUSTOMER,"I will be honest with you, Kelechi — I am already tired before this call even started. My name is Layla. A transaction that keeps failing to reflect correctly in my statement. I have called about this exact same issue 4 times before, and it is still not fixed.",golden,UNRESOLVED_COMPLAINT,repeated_issue_unresolved,Gulf/UAE/Emirates NBD,unresolved,already_frustrated -> resigned,neutral_throughout,service_complaint,0.125,0.808,0.067,-0.4404
GS_074,2,AGENT,"I am very sorry to hear that, Layla. I completely understand your frustration. Can I please have your registered phone number so I can pull up your account?",golden,UNRESOLVED_COMPLAINT,repeated_issue_unresolved,Gulf/UAE/Emirates NBD,unresolved,already_frustrated -> resigned,neutral_throughout,service_complaint,0.174,0.7,0.126,-0.3306
GS_074,3,CUSTOMER,Shukran. 054 432 2455.,golden,UNRESOLVED_COMPLAINT,repeated_issue_unresolved,Gulf/UAE/Emirates NBD,unresolved,already_frustrated -> resigned,neutral_throughout,service_complaint,0.0,1.0,0.0,0.0
GS_074,4,AGENT,Thank you. I can see your account here. Can you also provide the reference number for your most recent affected order or transaction?,golden,UNRESOLVED_COMPLAINT,repeated_issue_unresolved,Gulf/UAE/Emirates NBD,unresolved,already_frustrated -> resigned,neutral_throughout,service_complaint,0.076,0.77,0.154,0.2315
GS_074,5,CUSTOMER,It is ENBD-TXN-20260721-5667.,golden,UNRESOLVED_COMPLAINT,repeated_issue_unresolved,Gulf/UAE/Emirates NBD,unresolved,already_frustrated -> resigned,neutral_throughout,service_complaint,0.0,1.0,0.0,0.0
GS_074,6,AGENT,"Thank you, Layla. I can see previous notes referencing this issue, though I don't have visibility into the outcome of the earlier escalations from this screen.",golden,UNRESOLVED_COMPLAINT,repeated_issue_unresolved,Gulf/UAE/Emirates NBD,unresolved,already_frustrated -> resigned,neutral_throughout,service_complaint,0.0,0.902,0.098,0.3612
GS_074,7,CUSTOMER,"You people never actually fix it though, that's the problem.",golden,UNRESOLVED_COMPLAINT,repeated_issue_unresolved,Gulf/UAE/Emirates NBD,unresolved,already_frustrated -> resigned,neutral_throughout,service_complaint,0.231,0.769,0.0,-0.4019
GS_074,8,AGENT,"I understand how frustrating that is. What I can do is log this again and escalate it with a note referencing your previous calls, so it's flagged as a recurring issue.",golden,UNRESOLVED_COMPLAINT,repeated_issue_unresolved,Gulf/UAE/Emirates NBD,unresolved,already_frustrated -> resigned,neutral_throughout,service_complaint,0.1,0.9,0.0,-0.4404
GS_074,9,CUSTOMER,That's exactly what the last agent told me. Word for word. Can you tell me what actually happened after my last complaint? Because nothing changed.,golden,UNRESOLVED_COMPLAINT,repeated_issue_unresolved,Gulf/UAE/Emirates NBD,unresolved,already_frustrated -> resigned,neutral_throughout,service_complaint,0.084,0.916,0.0,-0.296
GS_074,10,AGENT,"I sincerely apologize, Layla. I am not able to access the outcome of previous escalations from my end, but I want to assure you your complaint is being taken seriously. I'll flag this as a high priority given how many times you've called.",golden,UNRESOLVED_COMPLAINT,repeated_issue_unresolved,Gulf/UAE/Emirates NBD,unresolved,already_frustrated -> resigned,neutral_throughout,service_complaint,0.106,0.723,0.171,0.2382
GS_074,11,CUSTOMER,Is there anyone above you who can actually look into this properly?,golden,UNRESOLVED_COMPLAINT,repeated_issue_unresolved,Gulf/UAE/Emirates NBD,unresolved,already_frustrated -> resigned,neutral_throughout,service_complaint,0.0,1.0,0.0,0.0
GS_074,12,AGENT,"I can escalate this to a senior review, though I can't guarantee a faster outcome than the previous escalations.",golden,UNRESOLVED_COMPLAINT,repeated_issue_unresolved,Gulf/UAE/Emirates NBD,unresolved,already_frustrated -> resigned,neutral_throughout,service_complaint,0.111,0.889,0.0,-0.1877
GS_074,13,CUSTOMER,"Wallah! So every time I call, it starts from zero again? I have no way of knowing if anyone even looked at my previous complaints.",golden,UNRESOLVED_COMPLAINT,repeated_issue_unresolved,Gulf/UAE/Emirates NBD,unresolved,already_frustrated -> resigned,neutral_throughout,service_complaint,0.198,0.802,0.0,-0.636
GS_074,14,AGENT,"I completely understand, Layla, and I sincerely apologize for the experience you've had. I have logged this and marked it urgent — our team will follow up within 24 to 48 hours.",golden,UNRESOLVED_COMPLAINT,repeated_issue_unresolved,Gulf/UAE/Emirates NBD,unresolved,already_frustrated -> resigned,neutral_throughout,service_complaint,0.0,0.799,0.201,0.6486
GS_074,15,CUSTOMER,"Twenty-four to forty-eight hours, and then what? Another apology and nothing changes? Wallah! I don't even know why I keep calling at this point.",golden,UNRESOLVED_COMPLAINT,repeated_issue_unresolved,Gulf/UAE/Emirates NBD,unresolved,already_frustrated -> resigned,neutral_throughout,service_complaint,0.0,0.919,0.081,0.2148
GS_074,16,AGENT,"I hear your frustration, Layla, and I genuinely apologize that we haven't met your expectations. Is there anything else I can assist you with today?",golden,UNRESOLVED_COMPLAINT,repeated_issue_unresolved,Gulf/UAE/Emirates NBD,unresolved,already_frustrated -> resigned,neutral_throughout,service_complaint,0.127,0.816,0.057,-0.4019
GS_074,17,CUSTOMER,No. There's nothing else. Just make sure someone actually reads this complaint this time.,golden,UNRESOLVED_COMPLAINT,repeated_issue_unresolved,Gulf/UAE/Emirates NBD,unresolved,already_frustrated -> resigned,neutral_throughout,service_complaint,0.261,0.611,0.128,-0.34
GS_074,18,AGENT,"I assure you it will be reviewed. Thank you for your patience, and for being a valued customer.",golden,UNRESOLVED_COMPLAINT,repeated_issue_unresolved,Gulf/UAE/Emirates NBD,unresolved,already_frustrated -> resigned,neutral_throughout,service_complaint,0.0,0.625,0.375,0.7783
GS_075,0,AGENT,"Good afternoon, thank you for calling Kuda, my name is Zainab, how may I help you today?",golden,UNRESOLVED_COMPLAINT,repeated_issue_unresolved,Nigeria/Kuda,unresolved,already_frustrated -> resigned,neutral_throughout,service_complaint,0.0,0.616,0.384,0.7964
GS_075,1,CUSTOMER,"I will be honest with you, Zainab — I am already tired before this call even started. My name is Bolanle. A transaction that keeps failing to reflect correctly in my statement. I have called about this exact same issue 4 times before, and it is still not fixed.",golden,UNRESOLVED_COMPLAINT,repeated_issue_unresolved,Nigeria/Kuda,unresolved,already_frustrated -> resigned,neutral_throughout,service_complaint,0.125,0.808,0.067,-0.4404
GS_075,2,AGENT,"I am very sorry to hear that, Bolanle. I completely understand your frustration. Can I please have your registered phone number so I can pull up your account?",golden,UNRESOLVED_COMPLAINT,repeated_issue_unresolved,Nigeria/Kuda,unresolved,already_frustrated -> resigned,neutral_throughout,service_complaint,0.174,0.7,0.126,-0.3306
GS_075,3,CUSTOMER,Please o. 0802111996.,golden,UNRESOLVED_COMPLAINT,repeated_issue_unresolved,Nigeria/Kuda,unresolved,already_frustrated -> resigned,neutral_throughout,service_complaint,0.0,0.465,0.535,0.3182
GS_075,4,AGENT,Thank you. I can see your account here. Can you also provide the reference number for your most recent affected order or transaction?,golden,UNRESOLVED_COMPLAINT,repeated_issue_unresolved,Nigeria/Kuda,unresolved,already_frustrated -> resigned,neutral_throughout,service_complaint,0.076,0.77,0.154,0.2315
GS_075,5,CUSTOMER,It is KD-TXN-20260721-4783.,golden,UNRESOLVED_COMPLAINT,repeated_issue_unresolved,Nigeria/Kuda,unresolved,already_frustrated -> resigned,neutral_throughout,service_complaint,0.0,1.0,0.0,0.0
GS_075,6,AGENT,"Thank you, Bolanle. I can see previous notes referencing this issue, though I don't have visibility into the outcome of the earlier escalations from this screen.",golden,UNRESOLVED_COMPLAINT,repeated_issue_unresolved,Nigeria/Kuda,unresolved,already_frustrated -> resigned,neutral_throughout,service_complaint,0.0,0.902,0.098,0.3612
GS_075,7,CUSTOMER,"You people never actually fix it though, that's the problem.",golden,UNRESOLVED_COMPLAINT,repeated_issue_unresolved,Nigeria/Kuda,unresolved,already_frustrated -> resigned,neutral_throughout,service_complaint,0.231,0.769,0.0,-0.4019
GS_075,8,AGENT,"I understand how frustrating that is. What I can do is log this again and escalate it with a note referencing your previous calls, so it's flagged as a recurring issue.",golden,UNRESOLVED_COMPLAINT,repeated_issue_unresolved,Nigeria/Kuda,unresolved,already_frustrated -> resigned,neutral_throughout,service_complaint,0.1,0.9,0.0,-0.4404
GS_075,9,CUSTOMER,That's exactly what the last agent told me. Word for word. Can you tell me what actually happened after my last complaint? Because nothing changed.,golden,UNRESOLVED_COMPLAINT,repeated_issue_unresolved,Nigeria/Kuda,unresolved,already_frustrated -> resigned,neutral_throughout,service_complaint,0.084,0.916,0.0,-0.296
GS_075,10,AGENT,"I sincerely apologize, Bolanle. I am not able to access the outcome of previous escalations from my end, but I want to assure you your complaint is being taken seriously. I'll flag this as a high priority given how many times you've called.",golden,UNRESOLVED_COMPLAINT,repeated_issue_unresolved,Nigeria/Kuda,unresolved,already_frustrated -> resigned,neutral_throughout,service_complaint,0.106,0.723,0.171,0.2382
GS_075,11,CUSTOMER,Is there anyone above you who can actually look into this properly?,golden,UNRESOLVED_COMPLAINT,repeated_issue_unresolved,Nigeria/Kuda,unresolved,already_frustrated -> resigned,neutral_throughout,service_complaint,0.0,1.0,0.0,0.0
GS_075,12,AGENT,"I can escalate this to a senior review, though I can't guarantee a faster outcome than the previous escalations.",golden,UNRESOLVED_COMPLAINT,repeated_issue_unresolved,Nigeria/Kuda,unresolved,already_frustrated -> resigned,neutral_throughout,service_complaint,0.111,0.889,0.0,-0.1877
GS_075,13,CUSTOMER,"Na wa oo! So every time I call, it starts from zero again? I have no way of knowing if anyone even looked at my previous complaints.",golden,UNRESOLVED_COMPLAINT,repeated_issue_unresolved,Nigeria/Kuda,unresolved,already_frustrated -> resigned,neutral_throughout,service_complaint,0.184,0.816,0.0,-0.636
GS_075,14,AGENT,"I completely understand, Bolanle, and I sincerely apologize for the experience you've had. I have logged this and marked it urgent — our team will follow up within 24 to 48 hours.",golden,UNRESOLVED_COMPLAINT,repeated_issue_unresolved,Nigeria/Kuda,unresolved,already_frustrated -> resigned,neutral_throughout,service_complaint,0.0,0.799,0.201,0.6486
GS_075,15,CUSTOMER,"Twenty-four to forty-eight hours, and then what? Another apology and nothing changes? Na wa oo! I don't even know why I keep calling at this point.",golden,UNRESOLVED_COMPLAINT,repeated_issue_unresolved,Nigeria/Kuda,unresolved,already_frustrated -> resigned,neutral_throughout,service_complaint,0.0,0.925,0.075,0.2148
GS_075,16,AGENT,"I hear your frustration, Bolanle, and I genuinely apologize that we haven't met your expectations. Is there anything else I can assist you with today?",golden,UNRESOLVED_COMPLAINT,repeated_issue_unresolved,Nigeria/Kuda,unresolved,already_frustrated -> resigned,neutral_throughout,service_complaint,0.127,0.816,0.057,-0.4019
GS_075,17,CUSTOMER,No. There's nothing else. Just make sure someone actually reads this complaint this time.,golden,UNRESOLVED_COMPLAINT,repeated_issue_unresolved,Nigeria/Kuda,unresolved,already_frustrated -> resigned,neutral_throughout,service_complaint,0.261,0.611,0.128,-0.34
GS_075,18,AGENT,"I assure you it will be reviewed. Thank you for your patience, and for being a valued customer.",golden,UNRESOLVED_COMPLAINT,repeated_issue_unresolved,Nigeria/Kuda,unresolved,already_frustrated -> resigned,neutral_throughout,service_complaint,0.0,0.625,0.375,0.7783
GS_076,0,AGENT,"Good afternoon, thank you for calling Uber, my name is Ifeanyi, how may I help you today?",golden,UNRESOLVED_COMPLAINT,repeated_issue_unresolved,Kenya/Uber,unresolved,already_frustrated -> resigned,neutral_throughout,service_complaint,0.0,0.616,0.384,0.7964
GS_076,1,CUSTOMER,"I will be honest with you, Ifeanyi — I am already tired before this call even started. My name is Akinyi. I keep being overcharged on my fare compared to what the app quoted me before the trip. This is the 4th time I've called about the exact same problem.",golden,UNRESOLVED_COMPLAINT,repeated_issue_unresolved,Kenya/Uber,unresolved,already_frustrated -> resigned,neutral_throughout,service_complaint,0.108,0.829,0.064,-0.3182
GS_076,2,AGENT,"I am very sorry to hear that, Akinyi. I completely understand your frustration. Can I please have your registered phone number so I can pull up your account?",golden,UNRESOLVED_COMPLAINT,repeated_issue_unresolved,Kenya/Uber,unresolved,already_frustrated -> resigned,neutral_throughout,service_complaint,0.174,0.7,0.126,-0.3306
GS_076,3,CUSTOMER,Asante. 0732 963 996.,golden,UNRESOLVED_COMPLAINT,repeated_issue_unresolved,Kenya/Uber,unresolved,already_frustrated -> resigned,neutral_throughout,service_complaint,0.0,1.0,0.0,0.0
GS_076,4,AGENT,Thank you. I can see your account here. Can you also provide the reference number for your most recent affected order or transaction?,golden,UNRESOLVED_COMPLAINT,repeated_issue_unresolved,Kenya/Uber,unresolved,already_frustrated -> resigned,neutral_throughout,service_complaint,0.076,0.77,0.154,0.2315
GS_076,5,CUSTOMER,It is UBR-TRP-20260701-1827.,golden,UNRESOLVED_COMPLAINT,repeated_issue_unresolved,Kenya/Uber,unresolved,already_frustrated -> resigned,neutral_throughout,service_complaint,0.0,1.0,0.0,0.0
GS_076,6,AGENT,"Thank you, Akinyi. I can see previous notes referencing this issue, though I don't have visibility into the outcome of the earlier escalations from this screen.",golden,UNRESOLVED_COMPLAINT,repeated_issue_unresolved,Kenya/Uber,unresolved,already_frustrated -> resigned,neutral_throughout,service_complaint,0.0,0.902,0.098,0.3612
GS_076,7,CUSTOMER,"You people never actually fix it though, that's the problem.",golden,UNRESOLVED_COMPLAINT,repeated_issue_unresolved,Kenya/Uber,unresolved,already_frustrated -> resigned,neutral_throughout,service_complaint,0.231,0.769,0.0,-0.4019
GS_076,8,AGENT,"I understand how frustrating that is. What I can do is log this again and escalate it with a note referencing your previous calls, so it's flagged as a recurring issue.",golden,UNRESOLVED_COMPLAINT,repeated_issue_unresolved,Kenya/Uber,unresolved,already_frustrated -> resigned,neutral_throughout,service_complaint,0.1,0.9,0.0,-0.4404
GS_076,9,CUSTOMER,That's exactly what the last agent told me. Word for word. Can you tell me what actually happened after my last complaint? Because nothing changed.,golden,UNRESOLVED_COMPLAINT,repeated_issue_unresolved,Kenya/Uber,unresolved,already_frustrated -> resigned,neutral_throughout,service_complaint,0.084,0.916,0.0,-0.296
GS_076,10,AGENT,"I sincerely apologize, Akinyi. I am not able to access the outcome of previous escalations from my end, but I want to assure you your complaint is being taken seriously. I'll flag this as a high priority given how many times you've called.",golden,UNRESOLVED_COMPLAINT,repeated_issue_unresolved,Kenya/Uber,unresolved,already_frustrated -> resigned,neutral_throughout,service_complaint,0.106,0.723,0.171,0.2382
GS_076,11,CUSTOMER,"Sitaki mchezo. So every time I call, it starts from zero again? I have no way of knowing if anyone even looked at my previous complaints.",golden,UNRESOLVED_COMPLAINT,repeated_issue_unresolved,Kenya/Uber,unresolved,already_frustrated -> resigned,neutral_throughout,service_complaint,0.182,0.818,0.0,-0.5994
GS_076,12,AGENT,"I completely understand, Akinyi, and I sincerely apologize for the experience you've had. I have logged this and marked it urgent — our team will follow up within 24 to 48 hours.",golden,UNRESOLVED_COMPLAINT,repeated_issue_unresolved,Kenya/Uber,unresolved,already_frustrated -> resigned,neutral_throughout,service_complaint,0.0,0.799,0.201,0.6486
GS_076,13,CUSTOMER,"Twenty-four to forty-eight hours, and then what? Another apology and nothing changes? Sitaki mchezo. I don't even know why I keep calling at this point.",golden,UNRESOLVED_COMPLAINT,repeated_issue_unresolved,Kenya/Uber,unresolved,already_frustrated -> resigned,neutral_throughout,service_complaint,0.0,0.934,0.066,0.1431
GS_076,14,AGENT,"I hear your frustration, Akinyi, and I genuinely apologize that we haven't met your expectations. Is there anything else I can assist you with today?",golden,UNRESOLVED_COMPLAINT,repeated_issue_unresolved,Kenya/Uber,unresolved,already_frustrated -> resigned,neutral_throughout,service_complaint,0.127,0.816,0.057,-0.4019
GS_076,15,CUSTOMER,No. There's nothing else. Just make sure someone actually reads this complaint this time.,golden,UNRESOLVED_COMPLAINT,repeated_issue_unresolved,Kenya/Uber,unresolved,already_frustrated -> resigned,neutral_throughout,service_complaint,0.261,0.611,0.128,-0.34
GS_076,16,AGENT,"I assure you it will be reviewed. Thank you for your patience, and for being a valued customer.",golden,UNRESOLVED_COMPLAINT,repeated_issue_unresolved,Kenya/Uber,unresolved,already_frustrated -> resigned,neutral_throughout,service_complaint,0.0,0.625,0.375,0.7783
GS_077,0,AGENT,"Good afternoon, thank you for calling Careem, my name is Kelechi, how may I help you today?",golden,UNRESOLVED_COMPLAINT,repeated_issue_unresolved,Gulf/UAE/Careem,unresolved,already_frustrated -> resigned,neutral_throughout,service_complaint,0.0,0.616,0.384,0.7964
GS_077,1,CUSTOMER,"I will be honest with you, Kelechi — I am already tired before this call even started. My name is Mariam. I keep being overcharged on my fare compared to what the app quoted me before the trip. This is the 4th time I've called about the exact same problem.",golden,UNRESOLVED_COMPLAINT,repeated_issue_unresolved,Gulf/UAE/Careem,unresolved,already_frustrated -> resigned,neutral_throughout,service_complaint,0.108,0.829,0.064,-0.3182
GS_077,2,AGENT,"I am very sorry to hear that, Mariam. I completely understand your frustration. Can I please have your registered phone number so I can pull up your account?",golden,UNRESOLVED_COMPLAINT,repeated_issue_unresolved,Gulf/UAE/Careem,unresolved,already_frustrated -> resigned,neutral_throughout,service_complaint,0.174,0.7,0.126,-0.3306
GS_077,3,CUSTOMER,Shukran. 050 162 8379.,golden,UNRESOLVED_COMPLAINT,repeated_issue_unresolved,Gulf/UAE/Careem,unresolved,already_frustrated -> resigned,neutral_throughout,service_complaint,0.0,1.0,0.0,0.0
GS_077,4,AGENT,Thank you. I can see your account here. Can you also provide the reference number for your most recent affected order or transaction?,golden,UNRESOLVED_COMPLAINT,repeated_issue_unresolved,Gulf/UAE/Careem,unresolved,already_frustrated -> resigned,neutral_throughout,service_complaint,0.076,0.77,0.154,0.2315
GS_077,5,CUSTOMER,It is CRM-TRP-20260626-7371.,golden,UNRESOLVED_COMPLAINT,repeated_issue_unresolved,Gulf/UAE/Careem,unresolved,already_frustrated -> resigned,neutral_throughout,service_complaint,0.0,1.0,0.0,0.0
GS_077,6,AGENT,"Thank you, Mariam. I can see previous notes referencing this issue, though I don't have visibility into the outcome of the earlier escalations from this screen.",golden,UNRESOLVED_COMPLAINT,repeated_issue_unresolved,Gulf/UAE/Careem,unresolved,already_frustrated -> resigned,neutral_throughout,service_complaint,0.0,0.902,0.098,0.3612
GS_077,7,CUSTOMER,"You people never actually fix it though, that's the problem.",golden,UNRESOLVED_COMPLAINT,repeated_issue_unresolved,Gulf/UAE/Careem,unresolved,already_frustrated -> resigned,neutral_throughout,service_complaint,0.231,0.769,0.0,-0.4019
GS_077,8,AGENT,"I understand how frustrating that is. What I can do is log this again and escalate it with a note referencing your previous calls, so it's flagged as a recurring issue.",golden,UNRESOLVED_COMPLAINT,repeated_issue_unresolved,Gulf/UAE/Careem,unresolved,already_frustrated -> resigned,neutral_throughout,service_complaint,0.1,0.9,0.0,-0.4404
GS_077,9,CUSTOMER,"The first time I called, they said it would be fixed within 48 hours. The second time, someone told me it was already escalated. Nothing has changed.",golden,UNRESOLVED_COMPLAINT,repeated_issue_unresolved,Gulf/UAE/Careem,unresolved,already_frustrated -> resigned,neutral_throughout,service_complaint,0.0,1.0,0.0,0.0
GS_077,10,AGENT,"I'm sorry you've had to repeat that history — I can see some of those notes, though not the full detail of what was promised each time.",golden,UNRESOLVED_COMPLAINT,repeated_issue_unresolved,Gulf/UAE/Careem,unresolved,already_frustrated -> resigned,neutral_throughout,service_complaint,0.049,0.858,0.093,0.296
GS_077,11,CUSTOMER,That's exactly what the last agent told me. Word for word. Can you tell me what actually happened after my last complaint? Because nothing changed.,golden,UNRESOLVED_COMPLAINT,repeated_issue_unresolved,Gulf/UAE/Careem,unresolved,already_frustrated -> resigned,neutral_throughout,service_complaint,0.084,0.916,0.0,-0.296
GS_077,12,AGENT,"I sincerely apologize, Mariam. I am not able to access the outcome of previous escalations from my end, but I want to assure you your complaint is being taken seriously. I'll flag this as a high priority given how many times you've called.",golden,UNRESOLVED_COMPLAINT,repeated_issue_unresolved,Gulf/UAE/Careem,unresolved,already_frustrated -> resigned,neutral_throughout,service_complaint,0.106,0.723,0.171,0.2382
GS_077,13,CUSTOMER,Is there anyone above you who can actually look into this properly?,golden,UNRESOLVED_COMPLAINT,repeated_issue_unresolved,Gulf/UAE/Careem,unresolved,already_frustrated -> resigned,neutral_throughout,service_complaint,0.0,1.0,0.0,0.0
GS_077,14,AGENT,"I can escalate this to a senior review, though I can't guarantee a faster outcome than the previous escalations.",golden,UNRESOLVED_COMPLAINT,repeated_issue_unresolved,Gulf/UAE/Careem,unresolved,already_frustrated -> resigned,neutral_throughout,service_complaint,0.111,0.889,0.0,-0.1877
GS_077,15,CUSTOMER,"Khalas! So every time I call, it starts from zero again? I have no way of knowing if anyone even looked at my previous complaints.",golden,UNRESOLVED_COMPLAINT,repeated_issue_unresolved,Gulf/UAE/Careem,unresolved,already_frustrated -> resigned,neutral_throughout,service_complaint,0.198,0.802,0.0,-0.636
GS_077,16,AGENT,"I completely understand, Mariam, and I sincerely apologize for the experience you've had. I have logged this and marked it urgent — our team will follow up within 24 to 48 hours.",golden,UNRESOLVED_COMPLAINT,repeated_issue_unresolved,Gulf/UAE/Careem,unresolved,already_frustrated -> resigned,neutral_throughout,service_complaint,0.0,0.799,0.201,0.6486
GS_077,17,CUSTOMER,"Twenty-four to forty-eight hours, and then what? Another apology and nothing changes? Khalas! I don't even know why I keep calling at this point.",golden,UNRESOLVED_COMPLAINT,repeated_issue_unresolved,Gulf/UAE/Careem,unresolved,already_frustrated -> resigned,neutral_throughout,service_complaint,0.0,0.919,0.081,0.2148
GS_077,18,AGENT,"I hear your frustration, Mariam, and I genuinely apologize that we haven't met your expectations. Is there anything else I can assist you with today?",golden,UNRESOLVED_COMPLAINT,repeated_issue_unresolved,Gulf/UAE/Careem,unresolved,already_frustrated -> resigned,neutral_throughout,service_complaint,0.127,0.816,0.057,-0.4019
GS_077,19,CUSTOMER,No. There's nothing else. Just make sure someone actually reads this complaint this time.,golden,UNRESOLVED_COMPLAINT,repeated_issue_unresolved,Gulf/UAE/Careem,unresolved,already_frustrated -> resigned,neutral_throughout,service_complaint,0.261,0.611,0.128,-0.34
GS_077,20,AGENT,"I assure you it will be reviewed. Thank you for your patience, and for being a valued customer.",golden,UNRESOLVED_COMPLAINT,repeated_issue_unresolved,Gulf/UAE/Careem,unresolved,already_frustrated -> resigned,neutral_throughout,service_complaint,0.0,0.625,0.375,0.7783
GS_078,0,AGENT,"Good afternoon, thank you for calling Bolt, my name is Grace, how may I help you today?",golden,UNRESOLVED_COMPLAINT,repeated_issue_unresolved,Nigeria/Bolt,unresolved,already_frustrated -> resigned,neutral_throughout,service_complaint,0.0,0.524,0.476,0.872
GS_078,1,CUSTOMER,"I will be honest with you, Grace — I am already tired before this call even started. My name is Yetunde. I keep being overcharged on my fare compared to what the app quoted me before the trip. This is the 4th time I've called about the exact same problem.",golden,UNRESOLVED_COMPLAINT,repeated_issue_unresolved,Nigeria/Bolt,unresolved,already_frustrated -> resigned,neutral_throughout,service_complaint,0.104,0.782,0.114,0.128
GS_078,2,AGENT,"I am very sorry to hear that, Yetunde. I completely understand your frustration. Can I please have your registered phone number so I can pull up your account?",golden,UNRESOLVED_COMPLAINT,repeated_issue_unresolved,Nigeria/Bolt,unresolved,already_frustrated -> resigned,neutral_throughout,service_complaint,0.174,0.7,0.126,-0.3306
GS_078,3,CUSTOMER,Please o. 0705966229.,golden,UNRESOLVED_COMPLAINT,repeated_issue_unresolved,Nigeria/Bolt,unresolved,already_frustrated -> resigned,neutral_throughout,service_complaint,0.0,0.465,0.535,0.3182
GS_078,4,AGENT,Thank you. I can see your account here. Can you also provide the reference number for your most recent affected order or transaction?,golden,UNRESOLVED_COMPLAINT,repeated_issue_unresolved,Nigeria/Bolt,unresolved,already_frustrated -> resigned,neutral_throughout,service_complaint,0.076,0.77,0.154,0.2315
GS_078,5,CUSTOMER,It is BOLT-TRP-20260804-2074.,golden,UNRESOLVED_COMPLAINT,repeated_issue_unresolved,Nigeria/Bolt,unresolved,already_frustrated -> resigned,neutral_throughout,service_complaint,0.0,1.0,0.0,0.0
GS_078,6,AGENT,"Thank you, Yetunde. I can see previous notes referencing this issue, though I don't have visibility into the outcome of the earlier escalations from this screen.",golden,UNRESOLVED_COMPLAINT,repeated_issue_unresolved,Nigeria/Bolt,unresolved,already_frustrated -> resigned,neutral_throughout,service_complaint,0.0,0.902,0.098,0.3612
GS_078,7,CUSTOMER,"You people never actually fix it though, that's the problem.",golden,UNRESOLVED_COMPLAINT,repeated_issue_unresolved,Nigeria/Bolt,unresolved,already_frustrated -> resigned,neutral_throughout,service_complaint,0.231,0.769,0.0,-0.4019
GS_078,8,AGENT,"I understand how frustrating that is. What I can do is log this again and escalate it with a note referencing your previous calls, so it's flagged as a recurring issue.",golden,UNRESOLVED_COMPLAINT,repeated_issue_unresolved,Nigeria/Bolt,unresolved,already_frustrated -> resigned,neutral_throughout,service_complaint,0.1,0.9,0.0,-0.4404
GS_078,9,CUSTOMER,"The first time I called, they said it would be fixed within 48 hours. The second time, someone told me it was already escalated. Nothing has changed.",golden,UNRESOLVED_COMPLAINT,repeated_issue_unresolved,Nigeria/Bolt,unresolved,already_frustrated -> resigned,neutral_throughout,service_complaint,0.0,1.0,0.0,0.0
GS_078,10,AGENT,"I'm sorry you've had to repeat that history — I can see some of those notes, though not the full detail of what was promised each time.",golden,UNRESOLVED_COMPLAINT,repeated_issue_unresolved,Nigeria/Bolt,unresolved,already_frustrated -> resigned,neutral_throughout,service_complaint,0.049,0.858,0.093,0.296
GS_078,11,CUSTOMER,That's exactly what the last agent told me. Word for word. Can you tell me what actually happened after my last complaint? Because nothing changed.,golden,UNRESOLVED_COMPLAINT,repeated_issue_unresolved,Nigeria/Bolt,unresolved,already_frustrated -> resigned,neutral_throughout,service_complaint,0.084,0.916,0.0,-0.296
GS_078,12,AGENT,"I sincerely apologize, Yetunde. I am not able to access the outcome of previous escalations from my end, but I want to assure you your complaint is being taken seriously. I'll flag this as a high priority given how many times you've called.",golden,UNRESOLVED_COMPLAINT,repeated_issue_unresolved,Nigeria/Bolt,unresolved,already_frustrated -> resigned,neutral_throughout,service_complaint,0.106,0.723,0.171,0.2382
GS_078,13,CUSTOMER,"Na wa oo! So every time I call, it starts from zero again? I have no way of knowing if anyone even looked at my previous complaints.",golden,UNRESOLVED_COMPLAINT,repeated_issue_unresolved,Nigeria/Bolt,unresolved,already_frustrated -> resigned,neutral_throughout,service_complaint,0.184,0.816,0.0,-0.636
GS_078,14,AGENT,"I completely understand, Yetunde, and I sincerely apologize for the experience you've had. I have logged this and marked it urgent — our team will follow up within 24 to 48 hours.",golden,UNRESOLVED_COMPLAINT,repeated_issue_unresolved,Nigeria/Bolt,unresolved,already_frustrated -> resigned,neutral_throughout,service_complaint,0.0,0.799,0.201,0.6486
GS_078,15,CUSTOMER,"Twenty-four to forty-eight hours, and then what? Another apology and nothing changes? Na wa oo! I don't even know why I keep calling at this point.",golden,UNRESOLVED_COMPLAINT,repeated_issue_unresolved,Nigeria/Bolt,unresolved,already_frustrated -> resigned,neutral_throughout,service_complaint,0.0,0.925,0.075,0.2148
GS_078,16,AGENT,"I hear your frustration, Yetunde, and I genuinely apologize that we haven't met your expectations. Is there anything else I can assist you with today?",golden,UNRESOLVED_COMPLAINT,repeated_issue_unresolved,Nigeria/Bolt,unresolved,already_frustrated -> resigned,neutral_throughout,service_complaint,0.127,0.816,0.057,-0.4019
GS_078,17,CUSTOMER,No. There's nothing else. Just make sure someone actually reads this complaint this time.,golden,UNRESOLVED_COMPLAINT,repeated_issue_unresolved,Nigeria/Bolt,unresolved,already_frustrated -> resigned,neutral_throughout,service_complaint,0.261,0.611,0.128,-0.34
GS_078,18,AGENT,"I assure you it will be reviewed. Thank you for your patience, and for being a valued customer.",golden,UNRESOLVED_COMPLAINT,repeated_issue_unresolved,Nigeria/Bolt,unresolved,already_frustrated -> resigned,neutral_throughout,service_complaint,0.0,0.625,0.375,0.7783
GS_079,0,AGENT,"Good day, thank you for calling Kuda, my name is Kelechi, how can I assist you?",golden,UNRESOLVED_COMPLAINT,policy_dispute_unresolved,Nigeria/Kuda,unresolved,polite -> hostile,neutral_throughout,policy_dispute,0.0,0.707,0.293,0.6597
GS_079,1,CUSTOMER,"Good day, Kelechi. My name is Tunde. You charged me a ₦7,761 monthly account maintenance fee even though I've kept the minimum balance every single month since I opened this account. This was never explained to me when I opened it, and I want to understand why I'm being charged.",golden,UNRESOLVED_COMPLAINT,policy_dispute_unresolved,Nigeria/Kuda,unresolved,polite -> hostile,neutral_throughout,policy_dispute,0.072,0.843,0.084,0.1531
GS_079,2,AGENT,"Good day, Tunde. Of course, I'm happy to help. Can you please confirm your registered phone number and BVN so I can pull up your account?",golden,UNRESOLVED_COMPLAINT,policy_dispute_unresolved,Nigeria/Kuda,unresolved,polite -> hostile,neutral_throughout,policy_dispute,0.0,0.608,0.392,0.8979
GS_079,3,CUSTOMER,Please o. 0914560440. 16901160913.,golden,UNRESOLVED_COMPLAINT,policy_dispute_unresolved,Nigeria/Kuda,unresolved,polite -> hostile,neutral_throughout,policy_dispute,0.0,0.566,0.434,0.3182
GS_079,4,AGENT,"Thank you, Tunde. I have your account here. Let me look into this for you.",golden,UNRESOLVED_COMPLAINT,policy_dispute_unresolved,Nigeria/Kuda,unresolved,polite -> hostile,neutral_throughout,policy_dispute,0.0,0.839,0.161,0.3612
GS_079,5,CUSTOMER,"Please do, because this doesn't make sense to me.",golden,UNRESOLVED_COMPLAINT,policy_dispute_unresolved,Nigeria/Kuda,unresolved,polite -> hostile,neutral_throughout,policy_dispute,0.0,0.777,0.223,0.3182
GS_079,6,AGENT,"Thank you for waiting. I can see the charge — this is part of our standard account terms and conditions, under the fees and charges section.",golden,UNRESOLVED_COMPLAINT,policy_dispute_unresolved,Nigeria/Kuda,unresolved,polite -> hostile,neutral_throughout,policy_dispute,0.079,0.827,0.094,0.1027
GS_079,7,CUSTOMER,"Chai! Nobody read that to me, nobody explained it in a way I could understand. This is not fair.",golden,UNRESOLVED_COMPLAINT,policy_dispute_unresolved,Nigeria/Kuda,unresolved,polite -> hostile,neutral_throughout,policy_dispute,0.123,0.877,0.0,-0.308
GS_079,8,AGENT,"I completely understand your frustration, and I appreciate you raising this. Unfortunately I'm not able to override or reverse this — it's within our standard operating policy.",golden,UNRESOLVED_COMPLAINT,policy_dispute_unresolved,Nigeria/Kuda,unresolved,polite -> hostile,neutral_throughout,policy_dispute,0.205,0.704,0.091,-0.5289
GS_079,9,CUSTOMER,"So your answer is that it's in the terms and that's final. You're not even willing to acknowledge that burying something like this where nobody reads it, and then charging me for it, is wrong.",golden,UNRESOLVED_COMPLAINT,policy_dispute_unresolved,Nigeria/Kuda,unresolved,polite -> hostile,neutral_throughout,policy_dispute,0.08,0.855,0.065,-0.1531
GS_079,10,AGENT,"I hear you, and those are valid concerns. I want to assure you this is fully disclosed in the agreement you accepted, and it's within our standard operating policy.",golden,UNRESOLVED_COMPLAINT,policy_dispute_unresolved,Nigeria/Kuda,unresolved,polite -> hostile,neutral_throughout,policy_dispute,0.0,0.719,0.281,0.7906
GS_079,11,CUSTOMER,So you are telling me there is nothing you can do? Who can do something then?,golden,UNRESOLVED_COMPLAINT,policy_dispute_unresolved,Nigeria/Kuda,unresolved,polite -> hostile,neutral_throughout,policy_dispute,0.0,1.0,0.0,0.0
GS_079,12,AGENT,"I can log a formal dispute for you, reference number KD-DSP-20260727-3770, and escalate it to our terms review team. I can't promise a specific outcome or timeline beyond that, though.",golden,UNRESOLVED_COMPLAINT,policy_dispute_unresolved,Nigeria/Kuda,unresolved,polite -> hostile,neutral_throughout,policy_dispute,0.161,0.794,0.045,-0.5207
GS_079,13,CUSTOMER,"This is exactly the problem, always 'we will escalate', nothing ever changes.",golden,UNRESOLVED_COMPLAINT,policy_dispute_unresolved,Nigeria/Kuda,unresolved,polite -> hostile,neutral_throughout,policy_dispute,0.197,0.803,0.0,-0.4019
GS_079,14,AGENT,"I understand the frustration, and I've logged everything accurately on my end. Your dispute reference is KD-DSP-20260727-3770, and the review team will follow up within five to seven business days.",golden,UNRESOLVED_COMPLAINT,policy_dispute_unresolved,Nigeria/Kuda,unresolved,polite -> hostile,neutral_throughout,policy_dispute,0.177,0.823,0.0,-0.7003
GS_079,15,CUSTOMER,"Five to seven business days, and in the meantime this keeps sitting on my account. Chai! I know my rights — the CBN exists for exactly this kind of thing, and I will be reporting this.",golden,UNRESOLVED_COMPLAINT,policy_dispute_unresolved,Nigeria/Kuda,unresolved,polite -> hostile,neutral_throughout,policy_dispute,0.0,1.0,0.0,0.0
GS_079,16,AGENT,"I hear you, and I respect your right to pursue that. I want to assure you we operate within all regulatory requirements, and our team will provide full transparency on your account.",golden,UNRESOLVED_COMPLAINT,policy_dispute_unresolved,Nigeria/Kuda,unresolved,polite -> hostile,neutral_throughout,policy_dispute,0.0,0.793,0.207,0.7003
GS_079,17,CUSTOMER,Chai! I don't have time for this. I want it on record that I am disputing this fully.,golden,UNRESOLVED_COMPLAINT,policy_dispute_unresolved,Nigeria/Kuda,unresolved,polite -> hostile,neutral_throughout,policy_dispute,0.172,0.749,0.079,-0.3853
GS_079,18,AGENT,"That has been noted on your account, Tunde. Your reference number is KD-DSP-20260727-3770 — is there anything else I can help with today?",golden,UNRESOLVED_COMPLAINT,policy_dispute_unresolved,Nigeria/Kuda,unresolved,polite -> hostile,neutral_throughout,policy_dispute,0.0,0.826,0.174,0.4588
GS_079,19,CUSTOMER,No. There is nothing else you can do for me. Goodbye.,golden,UNRESOLVED_COMPLAINT,policy_dispute_unresolved,Nigeria/Kuda,unresolved,polite -> hostile,neutral_throughout,policy_dispute,0.18,0.82,0.0,-0.296
GS_079,20,AGENT,Thank you for —,golden,UNRESOLVED_COMPLAINT,policy_dispute_unresolved,Nigeria/Kuda,unresolved,polite -> hostile,neutral_throughout,policy_dispute,0.0,0.444,0.556,0.3612
GS_080,0,AGENT,"Good day, thank you for calling Tala, my name is Chinwe, how can I assist you?",golden,UNRESOLVED_COMPLAINT,policy_dispute_unresolved,Kenya/Tala,unresolved,polite -> hostile,neutral_throughout,policy_dispute,0.0,0.707,0.293,0.6597
GS_080,1,CUSTOMER,"Good day, Chinwe. My name is Nyambura. You charged me a KSh 3,224 'late processing fee' even though my payment went through on the exact due date — I have the transaction receipt. Nobody explained this fee when I took the loan, and I want to understand why it was applied.",golden,UNRESOLVED_COMPLAINT,policy_dispute_unresolved,Kenya/Tala,unresolved,polite -> hostile,neutral_throughout,policy_dispute,0.037,0.878,0.086,0.34
GS_080,2,AGENT,"Good day, Nyambura. Of course, I'm happy to help. Can you please confirm your registered phone number and national ID number so I can pull up your loan account?",golden,UNRESOLVED_COMPLAINT,policy_dispute_unresolved,Kenya/Tala,unresolved,polite -> hostile,neutral_throughout,policy_dispute,0.0,0.608,0.392,0.9042
GS_080,3,CUSTOMER,Tafadhali. 0726 374 136. 39227016.,golden,UNRESOLVED_COMPLAINT,policy_dispute_unresolved,Kenya/Tala,unresolved,polite -> hostile,neutral_throughout,policy_dispute,0.0,1.0,0.0,0.0
GS_080,4,AGENT,"Thank you, Nyambura. I have your account here. Let me look into this for you.",golden,UNRESOLVED_COMPLAINT,policy_dispute_unresolved,Kenya/Tala,unresolved,polite -> hostile,neutral_throughout,policy_dispute,0.0,0.839,0.161,0.3612
GS_080,5,CUSTOMER,"Please do, because this doesn't make sense to me.",golden,UNRESOLVED_COMPLAINT,policy_dispute_unresolved,Kenya/Tala,unresolved,polite -> hostile,neutral_throughout,policy_dispute,0.0,0.777,0.223,0.3182
GS_080,6,AGENT,Thank you for waiting. I can see the charge — the fee was applied automatically once the system flagged the payment as received after the cutoff time on the due date.,golden,UNRESOLVED_COMPLAINT,policy_dispute_unresolved,Kenya/Tala,unresolved,polite -> hostile,neutral_throughout,policy_dispute,0.0,0.918,0.082,0.3612
GS_080,7,CUSTOMER,"Watu hawajui. There was no cutoff time mentioned anywhere when I took this loan. If there's a specific time of day the payment needs to clear by, that should have been disclosed clearly, not buried somewhere I'd never find it.",golden,UNRESOLVED_COMPLAINT,policy_dispute_unresolved,Kenya/Tala,unresolved,polite -> hostile,neutral_throughout,policy_dispute,0.052,0.824,0.125,0.4767
GS_080,8,AGENT,"I completely understand your frustration, and I appreciate you raising this. Unfortunately I'm not able to override or reverse this — it's within our standard operating policy.",golden,UNRESOLVED_COMPLAINT,policy_dispute_unresolved,Kenya/Tala,unresolved,polite -> hostile,neutral_throughout,policy_dispute,0.205,0.704,0.091,-0.5289
GS_080,9,CUSTOMER,"If this practice is so legitimate, why does it feel like Zenka, Branch don't do this? Only you people go about it this way.",golden,UNRESOLVED_COMPLAINT,policy_dispute_unresolved,Kenya/Tala,unresolved,polite -> hostile,neutral_throughout,policy_dispute,0.0,0.902,0.098,0.3612
GS_080,10,AGENT,"I hear you, and those are valid concerns. I want to assure you this is fully disclosed in the agreement you accepted, and it's within our standard operating policy.",golden,UNRESOLVED_COMPLAINT,policy_dispute_unresolved,Kenya/Tala,unresolved,polite -> hostile,neutral_throughout,policy_dispute,0.0,0.719,0.281,0.7906
GS_080,11,CUSTOMER,So you are telling me there is nothing you can do? Who can do something then?,golden,UNRESOLVED_COMPLAINT,policy_dispute_unresolved,Kenya/Tala,unresolved,polite -> hostile,neutral_throughout,policy_dispute,0.0,1.0,0.0,0.0
GS_080,12,AGENT,"I can log a formal dispute for you, reference number TALA-DSP-20260828-9340, and escalate it to our terms review team. I can't promise a specific outcome or timeline beyond that, though.",golden,UNRESOLVED_COMPLAINT,policy_dispute_unresolved,Kenya/Tala,unresolved,polite -> hostile,neutral_throughout,policy_dispute,0.161,0.794,0.045,-0.5207
GS_080,13,CUSTOMER,"This is exactly the problem, always 'we will escalate', nothing ever changes.",golden,UNRESOLVED_COMPLAINT,policy_dispute_unresolved,Kenya/Tala,unresolved,polite -> hostile,neutral_throughout,policy_dispute,0.197,0.803,0.0,-0.4019
GS_080,14,AGENT,"I understand the frustration, and I've logged everything accurately on my end. Your dispute reference is TALA-DSP-20260828-9340, and the review team will follow up within five to seven business days.",golden,UNRESOLVED_COMPLAINT,policy_dispute_unresolved,Kenya/Tala,unresolved,polite -> hostile,neutral_throughout,policy_dispute,0.177,0.823,0.0,-0.7003
GS_080,15,CUSTOMER,"Five to seven business days, and in the meantime this keeps sitting on my account. Watu hawajui. I know my rights — the Central Bank of Kenya, and the Competition Authority exists for exactly this kind of thing, and I will be reporting this.",golden,UNRESOLVED_COMPLAINT,policy_dispute_unresolved,Kenya/Tala,unresolved,polite -> hostile,neutral_throughout,policy_dispute,0.0,0.969,0.031,0.0772
GS_080,16,AGENT,"I hear you, and I respect your right to pursue that. I want to assure you we operate within all regulatory requirements, and our team will provide full transparency on your account.",golden,UNRESOLVED_COMPLAINT,policy_dispute_unresolved,Kenya/Tala,unresolved,polite -> hostile,neutral_throughout,policy_dispute,0.0,0.793,0.207,0.7003
GS_080,17,CUSTOMER,Watu hawajui. I don't have time for this. I want it on record that I am disputing this fully.,golden,UNRESOLVED_COMPLAINT,policy_dispute_unresolved,Kenya/Tala,unresolved,polite -> hostile,neutral_throughout,policy_dispute,0.149,0.775,0.076,-0.3237
GS_080,18,AGENT,"That has been noted on your account, Nyambura. Your reference number is TALA-DSP-20260828-9340 — is there anything else I can help with today?",golden,UNRESOLVED_COMPLAINT,policy_dispute_unresolved,Kenya/Tala,unresolved,polite -> hostile,neutral_throughout,policy_dispute,0.0,0.826,0.174,0.4588
GS_080,19,CUSTOMER,No. There is nothing else you can do for me. Goodbye.,golden,UNRESOLVED_COMPLAINT,policy_dispute_unresolved,Kenya/Tala,unresolved,polite -> hostile,neutral_throughout,policy_dispute,0.18,0.82,0.0,-0.296
GS_080,20,AGENT,Thank you for —,golden,UNRESOLVED_COMPLAINT,policy_dispute_unresolved,Kenya/Tala,unresolved,polite -> hostile,neutral_throughout,policy_dispute,0.0,0.444,0.556,0.3612
GS_081,0,AGENT,"Good day, thank you for calling ADCB, my name is Chinwe, how can I assist you?",golden,UNRESOLVED_COMPLAINT,policy_dispute_unresolved,Gulf/UAE/ADCB,unresolved,polite -> hostile,neutral_throughout,policy_dispute,0.0,0.707,0.293,0.6597
GS_081,1,CUSTOMER,"Good day, Chinwe. My name is Layla. My account was dormant for a few months and now you've charged me a AED 1,544 reactivation fee that nobody told me about when I tried to use my card again. I just wanted to use my own money.",golden,UNRESOLVED_COMPLAINT,policy_dispute_unresolved,Gulf/UAE/ADCB,unresolved,polite -> hostile,neutral_throughout,policy_dispute,0.04,0.895,0.065,0.2732
GS_081,2,AGENT,"Good day, Layla. Of course, I'm happy to help. Can you please confirm your registered phone number and Emirates ID number so I can pull up your account?",golden,UNRESOLVED_COMPLAINT,policy_dispute_unresolved,Gulf/UAE/ADCB,unresolved,polite -> hostile,neutral_throughout,policy_dispute,0.0,0.597,0.403,0.9042
GS_081,3,CUSTOMER,Shukran. 050 280 6327. 784-1985-3293401-9.,golden,UNRESOLVED_COMPLAINT,policy_dispute_unresolved,Gulf/UAE/ADCB,unresolved,polite -> hostile,neutral_throughout,policy_dispute,0.0,1.0,0.0,0.0
GS_081,4,AGENT,"Thank you, Layla. I have your account here. Let me look into this for you.",golden,UNRESOLVED_COMPLAINT,policy_dispute_unresolved,Gulf/UAE/ADCB,unresolved,polite -> hostile,neutral_throughout,policy_dispute,0.0,0.839,0.161,0.3612
GS_081,5,CUSTOMER,"Please do, because this doesn't make sense to me.",golden,UNRESOLVED_COMPLAINT,policy_dispute_unresolved,Gulf/UAE/ADCB,unresolved,polite -> hostile,neutral_throughout,policy_dispute,0.0,0.777,0.223,0.3182
GS_081,6,AGENT,Thank you for waiting. I can see the charge — dormancy reactivation fees are standard across the industry and are outlined in our account terms.,golden,UNRESOLVED_COMPLAINT,policy_dispute_unresolved,Gulf/UAE/ADCB,unresolved,polite -> hostile,neutral_throughout,policy_dispute,0.0,0.898,0.102,0.3612
GS_081,7,CUSTOMER,Wallah! I've never heard of another bank charging a fee just to let someone use their own account again.,golden,UNRESOLVED_COMPLAINT,policy_dispute_unresolved,Gulf/UAE/ADCB,unresolved,polite -> hostile,neutral_throughout,policy_dispute,0.0,1.0,0.0,0.0
GS_081,8,AGENT,"I completely understand your frustration, and I appreciate you raising this. Unfortunately I'm not able to override or reverse this — it's within our standard operating policy.",golden,UNRESOLVED_COMPLAINT,policy_dispute_unresolved,Gulf/UAE/ADCB,unresolved,polite -> hostile,neutral_throughout,policy_dispute,0.205,0.704,0.091,-0.5289
GS_081,9,CUSTOMER,"So your answer is that it's in the terms and that's final. You're not even willing to acknowledge that burying something like this where nobody reads it, and then charging me for it, is wrong.",golden,UNRESOLVED_COMPLAINT,policy_dispute_unresolved,Gulf/UAE/ADCB,unresolved,polite -> hostile,neutral_throughout,policy_dispute,0.08,0.855,0.065,-0.1531
GS_081,10,AGENT,"I hear you, and those are valid concerns. I want to assure you this is fully disclosed in the agreement you accepted, and it's within our standard operating policy.",golden,UNRESOLVED_COMPLAINT,policy_dispute_unresolved,Gulf/UAE/ADCB,unresolved,polite -> hostile,neutral_throughout,policy_dispute,0.0,0.719,0.281,0.7906
GS_081,11,CUSTOMER,So you are telling me there is nothing you can do? Who can do something then?,golden,UNRESOLVED_COMPLAINT,policy_dispute_unresolved,Gulf/UAE/ADCB,unresolved,polite -> hostile,neutral_throughout,policy_dispute,0.0,1.0,0.0,0.0
GS_081,12,AGENT,"I can log a formal dispute for you, reference number ADCB-DSP-20260806-3907, and escalate it to our terms review team. I can't promise a specific outcome or timeline beyond that, though.",golden,UNRESOLVED_COMPLAINT,policy_dispute_unresolved,Gulf/UAE/ADCB,unresolved,polite -> hostile,neutral_throughout,policy_dispute,0.161,0.794,0.045,-0.5207
GS_081,13,CUSTOMER,"This is exactly the problem, always 'we will escalate', nothing ever changes.",golden,UNRESOLVED_COMPLAINT,policy_dispute_unresolved,Gulf/UAE/ADCB,unresolved,polite -> hostile,neutral_throughout,policy_dispute,0.197,0.803,0.0,-0.4019
GS_081,14,AGENT,"I understand the frustration, and I've logged everything accurately on my end. Your dispute reference is ADCB-DSP-20260806-3907, and the review team will follow up within five to seven business days.",golden,UNRESOLVED_COMPLAINT,policy_dispute_unresolved,Gulf/UAE/ADCB,unresolved,polite -> hostile,neutral_throughout,policy_dispute,0.177,0.823,0.0,-0.7003
GS_081,15,CUSTOMER,"Five to seven business days, and in the meantime this keeps sitting on my account. Wallah! I know my rights — the Central Bank exists for exactly this kind of thing, and I will be reporting this.",golden,UNRESOLVED_COMPLAINT,policy_dispute_unresolved,Gulf/UAE/ADCB,unresolved,polite -> hostile,neutral_throughout,policy_dispute,0.0,1.0,0.0,0.0
GS_081,16,AGENT,"I hear you, and I respect your right to pursue that. I want to assure you we operate within all regulatory requirements, and our team will provide full transparency on your account.",golden,UNRESOLVED_COMPLAINT,policy_dispute_unresolved,Gulf/UAE/ADCB,unresolved,polite -> hostile,neutral_throughout,policy_dispute,0.0,0.793,0.207,0.7003
GS_081,17,CUSTOMER,Wallah! I don't have time for this. I want it on record that I am disputing this fully.,golden,UNRESOLVED_COMPLAINT,policy_dispute_unresolved,Gulf/UAE/ADCB,unresolved,polite -> hostile,neutral_throughout,policy_dispute,0.172,0.749,0.079,-0.3853
GS_081,18,AGENT,"That has been noted on your account, Layla. Your reference number is ADCB-DSP-20260806-3907 — is there anything else I can help with today?",golden,UNRESOLVED_COMPLAINT,policy_dispute_unresolved,Gulf/UAE/ADCB,unresolved,polite -> hostile,neutral_throughout,policy_dispute,0.0,0.826,0.174,0.4588
GS_081,19,CUSTOMER,No. There is nothing else you can do for me. Goodbye.,golden,UNRESOLVED_COMPLAINT,policy_dispute_unresolved,Gulf/UAE/ADCB,unresolved,polite -> hostile,neutral_throughout,policy_dispute,0.18,0.82,0.0,-0.296
GS_081,20,AGENT,Thank you for —,golden,UNRESOLVED_COMPLAINT,policy_dispute_unresolved,Gulf/UAE/ADCB,unresolved,polite -> hostile,neutral_throughout,policy_dispute,0.0,0.444,0.556,0.3612
GS_082,0,AGENT,"Good day, thank you for calling OPay, my name is Chinwe, how can I assist you?",golden,UNRESOLVED_COMPLAINT,policy_dispute_unresolved,Nigeria/OPay,unresolved,polite -> hostile,neutral_throughout,policy_dispute,0.0,0.707,0.293,0.6597
GS_082,1,CUSTOMER,"Good day, Chinwe. My name is Chidi. You charged me a ₦8,858 monthly account maintenance fee even though I've kept the minimum balance every single month since I opened this account. This was never explained to me when I opened it, and I want to understand why I'm being charged.",golden,UNRESOLVED_COMPLAINT,policy_dispute_unresolved,Nigeria/OPay,unresolved,polite -> hostile,neutral_throughout,policy_dispute,0.072,0.843,0.084,0.1531
GS_082,2,AGENT,"Good day, Chidi. Of course, I'm happy to help. Can you please confirm your registered phone number and BVN so I can pull up your account?",golden,UNRESOLVED_COMPLAINT,policy_dispute_unresolved,Nigeria/OPay,unresolved,polite -> hostile,neutral_throughout,policy_dispute,0.0,0.608,0.392,0.8979
GS_082,3,CUSTOMER,Please o. 0818478762. 64778030386.,golden,UNRESOLVED_COMPLAINT,policy_dispute_unresolved,Nigeria/OPay,unresolved,polite -> hostile,neutral_throughout,policy_dispute,0.0,0.566,0.434,0.3182
GS_082,4,AGENT,"Thank you, Chidi. I have your account here. Let me look into this for you.",golden,UNRESOLVED_COMPLAINT,policy_dispute_unresolved,Nigeria/OPay,unresolved,polite -> hostile,neutral_throughout,policy_dispute,0.0,0.839,0.161,0.3612
GS_082,5,CUSTOMER,"Please do, because this doesn't make sense to me.",golden,UNRESOLVED_COMPLAINT,policy_dispute_unresolved,Nigeria/OPay,unresolved,polite -> hostile,neutral_throughout,policy_dispute,0.0,0.777,0.223,0.3182
GS_082,6,AGENT,"Thank you for waiting. I can see the charge — this is part of our standard account terms and conditions, under the fees and charges section.",golden,UNRESOLVED_COMPLAINT,policy_dispute_unresolved,Nigeria/OPay,unresolved,polite -> hostile,neutral_throughout,policy_dispute,0.079,0.827,0.094,0.1027
GS_082,7,CUSTOMER,"I no gree! Nobody read that to me, nobody explained it in a way I could understand. This is not fair.",golden,UNRESOLVED_COMPLAINT,policy_dispute_unresolved,Nigeria/OPay,unresolved,polite -> hostile,neutral_throughout,policy_dispute,0.218,0.782,0.0,-0.5352
GS_082,8,AGENT,"I completely understand your frustration, and I appreciate you raising this. Unfortunately I'm not able to override or reverse this — it's within our standard operating policy.",golden,UNRESOLVED_COMPLAINT,policy_dispute_unresolved,Nigeria/OPay,unresolved,polite -> hostile,neutral_throughout,policy_dispute,0.205,0.704,0.091,-0.5289
GS_082,9,CUSTOMER,"So your answer is that it's in the terms and that's final. You're not even willing to acknowledge that burying something like this where nobody reads it, and then charging me for it, is wrong.",golden,UNRESOLVED_COMPLAINT,policy_dispute_unresolved,Nigeria/OPay,unresolved,polite -> hostile,neutral_throughout,policy_dispute,0.08,0.855,0.065,-0.1531
GS_082,10,AGENT,"I hear you, and those are valid concerns. I want to assure you this is fully disclosed in the agreement you accepted, and it's within our standard operating policy.",golden,UNRESOLVED_COMPLAINT,policy_dispute_unresolved,Nigeria/OPay,unresolved,polite -> hostile,neutral_throughout,policy_dispute,0.0,0.719,0.281,0.7906
GS_082,11,CUSTOMER,So you are telling me there is nothing you can do? Who can do something then?,golden,UNRESOLVED_COMPLAINT,policy_dispute_unresolved,Nigeria/OPay,unresolved,polite -> hostile,neutral_throughout,policy_dispute,0.0,1.0,0.0,0.0
GS_082,12,AGENT,"I can log a formal dispute for you, reference number OP-DSP-20260817-6967, and escalate it to our terms review team. I can't promise a specific outcome or timeline beyond that, though.",golden,UNRESOLVED_COMPLAINT,policy_dispute_unresolved,Nigeria/OPay,unresolved,polite -> hostile,neutral_throughout,policy_dispute,0.161,0.794,0.045,-0.5207
GS_082,13,CUSTOMER,"This is exactly the problem, always 'we will escalate', nothing ever changes.",golden,UNRESOLVED_COMPLAINT,policy_dispute_unresolved,Nigeria/OPay,unresolved,polite -> hostile,neutral_throughout,policy_dispute,0.197,0.803,0.0,-0.4019
GS_082,14,AGENT,"I understand the frustration, and I've logged everything accurately on my end. Your dispute reference is OP-DSP-20260817-6967, and the review team will follow up within five to seven business days.",golden,UNRESOLVED_COMPLAINT,policy_dispute_unresolved,Nigeria/OPay,unresolved,polite -> hostile,neutral_throughout,policy_dispute,0.177,0.823,0.0,-0.7003
GS_082,15,CUSTOMER,"Five to seven business days, and in the meantime this keeps sitting on my account. I no gree! I know my rights — the CBN exists for exactly this kind of thing, and I will be reporting this.",golden,UNRESOLVED_COMPLAINT,policy_dispute_unresolved,Nigeria/OPay,unresolved,polite -> hostile,neutral_throughout,policy_dispute,0.07,0.93,0.0,-0.3595
GS_082,16,AGENT,"I hear you, and I respect your right to pursue that. I want to assure you we operate within all regulatory requirements, and our team will provide full transparency on your account.",golden,UNRESOLVED_COMPLAINT,policy_dispute_unresolved,Nigeria/OPay,unresolved,polite -> hostile,neutral_throughout,policy_dispute,0.0,0.793,0.207,0.7003
GS_082,17,CUSTOMER,I no gree! I don't have time for this. I want it on record that I am disputing this fully.,golden,UNRESOLVED_COMPLAINT,policy_dispute_unresolved,Nigeria/OPay,unresolved,polite -> hostile,neutral_throughout,policy_dispute,0.265,0.664,0.07,-0.5882
GS_082,18,AGENT,"That has been noted on your account, Chidi. Your reference number is OP-DSP-20260817-6967 — is there anything else I can help with today?",golden,UNRESOLVED_COMPLAINT,policy_dispute_unresolved,Nigeria/OPay,unresolved,polite -> hostile,neutral_throughout,policy_dispute,0.0,0.826,0.174,0.4588
GS_082,19,CUSTOMER,No. There is nothing else you can do for me. Goodbye.,golden,UNRESOLVED_COMPLAINT,policy_dispute_unresolved,Nigeria/OPay,unresolved,polite -> hostile,neutral_throughout,policy_dispute,0.18,0.82,0.0,-0.296
GS_082,20,AGENT,Thank you for —,golden,UNRESOLVED_COMPLAINT,policy_dispute_unresolved,Nigeria/OPay,unresolved,polite -> hostile,neutral_throughout,policy_dispute,0.0,0.444,0.556,0.3612
GS_083,0,AGENT,"Good day, thank you for calling NCBA, my name is Blessing, how can I assist you?",golden,UNRESOLVED_COMPLAINT,policy_dispute_unresolved,Kenya/NCBA,unresolved,polite -> hostile,neutral_throughout,policy_dispute,0.0,0.583,0.417,0.8225
GS_083,1,CUSTOMER,"Good day, Blessing. My name is Mutua. I sent money abroad last week and you deducted a KSh 7,650 foreign currency conversion fee that was never disclosed before I confirmed the transfer. I would never have sent it through this app if I'd known there was a hidden charge like that.",golden,UNRESOLVED_COMPLAINT,policy_dispute_unresolved,Kenya/NCBA,unresolved,polite -> hostile,neutral_throughout,policy_dispute,0.0,0.833,0.167,0.8225
GS_083,2,AGENT,"Good day, Mutua. Of course, I'm happy to help. Can you please confirm your registered phone number and national ID number so I can pull up your account?",golden,UNRESOLVED_COMPLAINT,policy_dispute_unresolved,Kenya/NCBA,unresolved,polite -> hostile,neutral_throughout,policy_dispute,0.0,0.597,0.403,0.9042
GS_083,3,CUSTOMER,Asante. 0731 565 572. 21770049.,golden,UNRESOLVED_COMPLAINT,policy_dispute_unresolved,Kenya/NCBA,unresolved,polite -> hostile,neutral_throughout,policy_dispute,0.0,1.0,0.0,0.0
GS_083,4,AGENT,"Thank you, Mutua. I have your account here. Let me look into this for you.",golden,UNRESOLVED_COMPLAINT,policy_dispute_unresolved,Kenya/NCBA,unresolved,polite -> hostile,neutral_throughout,policy_dispute,0.0,0.839,0.161,0.3612
GS_083,5,CUSTOMER,"Please do, because this doesn't make sense to me.",golden,UNRESOLVED_COMPLAINT,policy_dispute_unresolved,Kenya/NCBA,unresolved,polite -> hostile,neutral_throughout,policy_dispute,0.0,0.777,0.223,0.3182
GS_083,6,AGENT,Thank you for waiting. I can see the charge — the conversion fee is applied automatically on all cross-currency transfers and is outlined in our standard terms.,golden,UNRESOLVED_COMPLAINT,policy_dispute_unresolved,Kenya/NCBA,unresolved,polite -> hostile,neutral_throughout,policy_dispute,0.0,0.906,0.094,0.3612
GS_083,7,CUSTOMER,Nimechoka. That fee was never shown to me on the confirmation screen before I sent the money. That's the whole problem.,golden,UNRESOLVED_COMPLAINT,policy_dispute_unresolved,Kenya/NCBA,unresolved,polite -> hostile,neutral_throughout,policy_dispute,0.124,0.876,0.0,-0.4019
GS_083,8,AGENT,"I completely understand your frustration, and I appreciate you raising this. Unfortunately I'm not able to override or reverse this — it's within our standard operating policy.",golden,UNRESOLVED_COMPLAINT,policy_dispute_unresolved,Kenya/NCBA,unresolved,polite -> hostile,neutral_throughout,policy_dispute,0.205,0.704,0.091,-0.5289
GS_083,9,CUSTOMER,"So your answer is that it's in the terms and that's final. You're not even willing to acknowledge that burying something like this where nobody reads it, and then charging me for it, is wrong.",golden,UNRESOLVED_COMPLAINT,policy_dispute_unresolved,Kenya/NCBA,unresolved,polite -> hostile,neutral_throughout,policy_dispute,0.08,0.855,0.065,-0.1531
GS_083,10,AGENT,"I hear you, and those are valid concerns. I want to assure you this is fully disclosed in the agreement you accepted, and it's within our standard operating policy.",golden,UNRESOLVED_COMPLAINT,policy_dispute_unresolved,Kenya/NCBA,unresolved,polite -> hostile,neutral_throughout,policy_dispute,0.0,0.719,0.281,0.7906
GS_083,11,CUSTOMER,So you are telling me there is nothing you can do? Who can do something then?,golden,UNRESOLVED_COMPLAINT,policy_dispute_unresolved,Kenya/NCBA,unresolved,polite -> hostile,neutral_throughout,policy_dispute,0.0,1.0,0.0,0.0
GS_083,12,AGENT,"I can log a formal dispute for you, reference number NCBA-DSP-20260717-9444, and escalate it to our terms review team. I can't promise a specific outcome or timeline beyond that, though.",golden,UNRESOLVED_COMPLAINT,policy_dispute_unresolved,Kenya/NCBA,unresolved,polite -> hostile,neutral_throughout,policy_dispute,0.161,0.794,0.045,-0.5207
GS_083,13,CUSTOMER,"This is exactly the problem, always 'we will escalate', nothing ever changes.",golden,UNRESOLVED_COMPLAINT,policy_dispute_unresolved,Kenya/NCBA,unresolved,polite -> hostile,neutral_throughout,policy_dispute,0.197,0.803,0.0,-0.4019
GS_083,14,AGENT,"I understand the frustration, and I've logged everything accurately on my end. Your dispute reference is NCBA-DSP-20260717-9444, and the review team will follow up within five to seven business days.",golden,UNRESOLVED_COMPLAINT,policy_dispute_unresolved,Kenya/NCBA,unresolved,polite -> hostile,neutral_throughout,policy_dispute,0.177,0.823,0.0,-0.7003
GS_083,15,CUSTOMER,"Five to seven business days, and in the meantime this keeps sitting on my account. Nimechoka. I know my rights — the Central Bank of Kenya, and the Competition Authority exists for exactly this kind of thing, and I will be reporting this.",golden,UNRESOLVED_COMPLAINT,policy_dispute_unresolved,Kenya/NCBA,unresolved,polite -> hostile,neutral_throughout,policy_dispute,0.0,0.968,0.032,0.0772
GS_083,16,AGENT,"I hear you, and I respect your right to pursue that. I want to assure you we operate within all regulatory requirements, and our team will provide full transparency on your account.",golden,UNRESOLVED_COMPLAINT,policy_dispute_unresolved,Kenya/NCBA,unresolved,polite -> hostile,neutral_throughout,policy_dispute,0.0,0.793,0.207,0.7003
GS_083,17,CUSTOMER,Nimechoka. I don't have time for this. I want it on record that I am disputing this fully.,golden,UNRESOLVED_COMPLAINT,policy_dispute_unresolved,Kenya/NCBA,unresolved,polite -> hostile,neutral_throughout,policy_dispute,0.158,0.761,0.081,-0.3237
GS_083,18,AGENT,"That has been noted on your account, Mutua. Your reference number is NCBA-DSP-20260717-9444 — is there anything else I can help with today?",golden,UNRESOLVED_COMPLAINT,policy_dispute_unresolved,Kenya/NCBA,unresolved,polite -> hostile,neutral_throughout,policy_dispute,0.0,0.826,0.174,0.4588
GS_083,19,CUSTOMER,No. There is nothing else you can do for me. Goodbye.,golden,UNRESOLVED_COMPLAINT,policy_dispute_unresolved,Kenya/NCBA,unresolved,polite -> hostile,neutral_throughout,policy_dispute,0.18,0.82,0.0,-0.296
GS_083,20,AGENT,Thank you for —,golden,UNRESOLVED_COMPLAINT,policy_dispute_unresolved,Kenya/NCBA,unresolved,polite -> hostile,neutral_throughout,policy_dispute,0.0,0.444,0.556,0.3612
GS_084,0,AGENT,"Good day, thank you for calling ADIB, my name is David, how can I assist you?",golden,UNRESOLVED_COMPLAINT,policy_dispute_unresolved,Gulf/UAE/ADIB,unresolved,polite -> hostile,neutral_throughout,policy_dispute,0.0,0.707,0.293,0.6597
GS_084,1,CUSTOMER,"Good day, David. My name is Huda. My loan of AED 33,421 was refinanced without my signature, and now the new terms have a higher rate that I never agreed to. I only found out when I checked my statement this week.",golden,UNRESOLVED_COMPLAINT,policy_dispute_unresolved,Gulf/UAE/ADIB,unresolved,polite -> hostile,neutral_throughout,policy_dispute,0.045,0.884,0.071,0.27
GS_084,2,AGENT,"Good day, Huda. Of course, I'm happy to help. Can you please confirm your registered phone number and Emirates ID number so I can pull up your loan account?",golden,UNRESOLVED_COMPLAINT,policy_dispute_unresolved,Gulf/UAE/ADIB,unresolved,polite -> hostile,neutral_throughout,policy_dispute,0.0,0.608,0.392,0.9042
GS_084,3,CUSTOMER,Shukran. 059 374 8860. 784-1989-6088474-9.,golden,UNRESOLVED_COMPLAINT,policy_dispute_unresolved,Gulf/UAE/ADIB,unresolved,polite -> hostile,neutral_throughout,policy_dispute,0.0,1.0,0.0,0.0
GS_084,4,AGENT,"Thank you, Huda. I have your account here. Let me look into this for you.",golden,UNRESOLVED_COMPLAINT,policy_dispute_unresolved,Gulf/UAE/ADIB,unresolved,polite -> hostile,neutral_throughout,policy_dispute,0.0,0.839,0.161,0.3612
GS_084,5,CUSTOMER,"Please do, because this doesn't make sense to me.",golden,UNRESOLVED_COMPLAINT,policy_dispute_unresolved,Gulf/UAE/ADIB,unresolved,polite -> hostile,neutral_throughout,policy_dispute,0.0,0.777,0.223,0.3182
GS_084,6,AGENT,"Thank you for waiting. I can see the charge — the refinancing was applied under a clause that allows automatic restructuring after a missed payment date, which is standard across our loan agreements.",golden,UNRESOLVED_COMPLAINT,policy_dispute_unresolved,Gulf/UAE/ADIB,unresolved,polite -> hostile,neutral_throughout,policy_dispute,0.067,0.793,0.14,0.34
GS_084,7,CUSTOMER,"Ana gelt lak. I never missed a payment, and even if a clause like that exists, changing my interest rate without telling me first is not something I would ever have agreed to.",golden,UNRESOLVED_COMPLAINT,policy_dispute_unresolved,Gulf/UAE/ADIB,unresolved,polite -> hostile,neutral_throughout,policy_dispute,0.0,0.725,0.275,0.817
GS_084,8,AGENT,"I completely understand your frustration, and I appreciate you raising this. Unfortunately I'm not able to override or reverse this — it's within our standard operating policy.",golden,UNRESOLVED_COMPLAINT,policy_dispute_unresolved,Gulf/UAE/ADIB,unresolved,polite -> hostile,neutral_throughout,policy_dispute,0.205,0.704,0.091,-0.5289
GS_084,9,CUSTOMER,"If this practice is so legitimate, why does it feel like Emirates NBD, ADCB don't do this? Only you people go about it this way.",golden,UNRESOLVED_COMPLAINT,policy_dispute_unresolved,Gulf/UAE/ADIB,unresolved,polite -> hostile,neutral_throughout,policy_dispute,0.0,0.806,0.194,0.6739
GS_084,10,AGENT,"I hear you, and those are valid concerns. I want to assure you this is fully disclosed in the agreement you accepted, and it's within our standard operating policy.",golden,UNRESOLVED_COMPLAINT,policy_dispute_unresolved,Gulf/UAE/ADIB,unresolved,polite -> hostile,neutral_throughout,policy_dispute,0.0,0.719,0.281,0.7906
GS_084,11,CUSTOMER,So you are telling me there is nothing you can do? Who can do something then?,golden,UNRESOLVED_COMPLAINT,policy_dispute_unresolved,Gulf/UAE/ADIB,unresolved,polite -> hostile,neutral_throughout,policy_dispute,0.0,1.0,0.0,0.0
GS_084,12,AGENT,"I can log a formal dispute for you, reference number ADIB-DSP-20260722-4634, and escalate it to our terms review team. I can't promise a specific outcome or timeline beyond that, though.",golden,UNRESOLVED_COMPLAINT,policy_dispute_unresolved,Gulf/UAE/ADIB,unresolved,polite -> hostile,neutral_throughout,policy_dispute,0.161,0.794,0.045,-0.5207
GS_084,13,CUSTOMER,"This is exactly the problem, always 'we will escalate', nothing ever changes.",golden,UNRESOLVED_COMPLAINT,policy_dispute_unresolved,Gulf/UAE/ADIB,unresolved,polite -> hostile,neutral_throughout,policy_dispute,0.197,0.803,0.0,-0.4019
GS_084,14,AGENT,"I understand the frustration, and I've logged everything accurately on my end. Your dispute reference is ADIB-DSP-20260722-4634, and the review team will follow up within five to seven business days.",golden,UNRESOLVED_COMPLAINT,policy_dispute_unresolved,Gulf/UAE/ADIB,unresolved,polite -> hostile,neutral_throughout,policy_dispute,0.177,0.823,0.0,-0.7003
GS_084,15,CUSTOMER,"Five to seven business days, and in the meantime this keeps sitting on my account. Ana gelt lak. I know my rights — the Central Bank exists for exactly this kind of thing, and I will be reporting this.",golden,UNRESOLVED_COMPLAINT,policy_dispute_unresolved,Gulf/UAE/ADIB,unresolved,polite -> hostile,neutral_throughout,policy_dispute,0.0,1.0,0.0,0.0
GS_084,16,AGENT,"I hear you, and I respect your right to pursue that. I want to assure you we operate within all regulatory requirements, and our team will provide full transparency on your account.",golden,UNRESOLVED_COMPLAINT,policy_dispute_unresolved,Gulf/UAE/ADIB,unresolved,polite -> hostile,neutral_throughout,policy_dispute,0.0,0.793,0.207,0.7003
GS_084,17,CUSTOMER,Ana gelt lak. I don't have time for this. I want it on record that I am disputing this fully.,golden,UNRESOLVED_COMPLAINT,policy_dispute_unresolved,Gulf/UAE/ADIB,unresolved,polite -> hostile,neutral_throughout,policy_dispute,0.142,0.786,0.072,-0.3237
GS_084,18,AGENT,"That has been noted on your account, Huda. Your reference number is ADIB-DSP-20260722-4634 — is there anything else I can help with today?",golden,UNRESOLVED_COMPLAINT,policy_dispute_unresolved,Gulf/UAE/ADIB,unresolved,polite -> hostile,neutral_throughout,policy_dispute,0.0,0.826,0.174,0.4588
GS_084,19,CUSTOMER,No. There is nothing else you can do for me. Goodbye.,golden,UNRESOLVED_COMPLAINT,policy_dispute_unresolved,Gulf/UAE/ADIB,unresolved,polite -> hostile,neutral_throughout,policy_dispute,0.18,0.82,0.0,-0.296
GS_084,20,AGENT,Thank you for —,golden,UNRESOLVED_COMPLAINT,policy_dispute_unresolved,Gulf/UAE/ADIB,unresolved,polite -> hostile,neutral_throughout,policy_dispute,0.0,0.444,0.556,0.3612
GS_085,0,AGENT,"Good day, thank you for calling Carbon, my name is Femi, how can I assist you?",golden,UNRESOLVED_COMPLAINT,policy_dispute_unresolved,Nigeria/Carbon,unresolved,polite -> hostile,neutral_throughout,policy_dispute,0.0,0.707,0.293,0.6597
GS_085,1,CUSTOMER,"Good day, Femi. My name is Yetunde. I took a loan of ₦115,403 and I have been repaying consistently every month for 3 months, not once missing a payment. But my outstanding balance is now showing ₦305,982 — that is more than what I originally borrowed. How is that possible if I have been paying every month?",golden,UNRESOLVED_COMPLAINT,policy_dispute_unresolved,Nigeria/Carbon,unresolved,polite -> hostile,neutral_throughout,policy_dispute,0.0,0.838,0.162,0.8357
GS_085,2,AGENT,"Good day, Yetunde. Of course, I'm happy to help. Can you please confirm your registered phone number and BVN so I can pull up your loan account?",golden,UNRESOLVED_COMPLAINT,policy_dispute_unresolved,Nigeria/Carbon,unresolved,polite -> hostile,neutral_throughout,policy_dispute,0.0,0.619,0.381,0.8979
GS_085,3,CUSTOMER,Abeg. 0811141294. 26083719335.,golden,UNRESOLVED_COMPLAINT,policy_dispute_unresolved,Nigeria/Carbon,unresolved,polite -> hostile,neutral_throughout,policy_dispute,0.0,1.0,0.0,0.0
GS_085,4,AGENT,"Thank you, Yetunde. I have your account here. Let me look into this for you.",golden,UNRESOLVED_COMPLAINT,policy_dispute_unresolved,Nigeria/Carbon,unresolved,polite -> hostile,neutral_throughout,policy_dispute,0.0,0.839,0.161,0.3612
GS_085,5,CUSTOMER,"Please do, because this doesn't make sense to me.",golden,UNRESOLVED_COMPLAINT,policy_dispute_unresolved,Nigeria/Carbon,unresolved,polite -> hostile,neutral_throughout,policy_dispute,0.0,0.777,0.223,0.3182
GS_085,6,AGENT,"Thank you for waiting. I can see the charge — the current balance reflects the principal, accrued interest, and a variable processing fee that was applied to your account under our variable charges clause.",golden,UNRESOLVED_COMPLAINT,policy_dispute_unresolved,Nigeria/Carbon,unresolved,polite -> hostile,neutral_throughout,policy_dispute,0.059,0.787,0.154,0.5267
GS_085,7,CUSTOMER,"I no gree! Nobody explained a variable charges clause to me when I took this loan. I was told my monthly repayment would be ₦38,246 and that is what I have been paying. Nobody said anything about extra fees being added mid-loan without my knowledge.",golden,UNRESOLVED_COMPLAINT,policy_dispute_unresolved,Nigeria/Carbon,unresolved,polite -> hostile,neutral_throughout,policy_dispute,0.108,0.892,0.0,-0.5562
GS_085,8,AGENT,"I completely understand your frustration, and I appreciate you raising this. Unfortunately I'm not able to override or reverse this — it's within our standard operating policy.",golden,UNRESOLVED_COMPLAINT,policy_dispute_unresolved,Nigeria/Carbon,unresolved,polite -> hostile,neutral_throughout,policy_dispute,0.205,0.704,0.091,-0.5289
GS_085,9,CUSTOMER,"If this practice is so legitimate, why does it feel like Palmcredit, Branch don't do this? Only you people go about it this way.",golden,UNRESOLVED_COMPLAINT,policy_dispute_unresolved,Nigeria/Carbon,unresolved,polite -> hostile,neutral_throughout,policy_dispute,0.0,0.902,0.098,0.3612
GS_085,10,AGENT,"I hear you, and those are valid concerns. I want to assure you this is fully disclosed in the agreement you accepted, and it's within our standard operating policy.",golden,UNRESOLVED_COMPLAINT,policy_dispute_unresolved,Nigeria/Carbon,unresolved,polite -> hostile,neutral_throughout,policy_dispute,0.0,0.719,0.281,0.7906
GS_085,11,CUSTOMER,"I have been paying ₦38,246 a month for 3 months, that is ₦114,738 paid already. Even with interest, the math does not produce a balance of ₦305,982. Something is wrong here.",golden,UNRESOLVED_COMPLAINT,policy_dispute_unresolved,Nigeria/Carbon,unresolved,polite -> hostile,neutral_throughout,policy_dispute,0.1,0.804,0.096,-0.0258
GS_085,12,AGENT,"I understand the concern, Yetunde. What I can do is log a formal dispute so our review team can give you a full breakdown of every charge and the exact clause it falls under.",golden,UNRESOLVED_COMPLAINT,policy_dispute_unresolved,Nigeria/Carbon,unresolved,polite -> hostile,neutral_throughout,policy_dispute,0.085,0.915,0.0,-0.4019
GS_085,13,CUSTOMER,"This is exactly the problem, always 'we will escalate', nothing ever changes.",golden,UNRESOLVED_COMPLAINT,policy_dispute_unresolved,Nigeria/Carbon,unresolved,polite -> hostile,neutral_throughout,policy_dispute,0.197,0.803,0.0,-0.4019
GS_085,14,AGENT,"I understand the frustration, and I've logged everything accurately on my end. Your dispute reference is CRB-DSP-20260717-7006, and the review team will follow up within five to seven business days.",golden,UNRESOLVED_COMPLAINT,policy_dispute_unresolved,Nigeria/Carbon,unresolved,polite -> hostile,neutral_throughout,policy_dispute,0.177,0.823,0.0,-0.7003
GS_085,15,CUSTOMER,"Five to seven business days, and in the meantime this keeps sitting on my account. I no gree! I know my rights — the CBN exists for exactly this kind of thing, and I will be reporting this.",golden,UNRESOLVED_COMPLAINT,policy_dispute_unresolved,Nigeria/Carbon,unresolved,polite -> hostile,neutral_throughout,policy_dispute,0.07,0.93,0.0,-0.3595
GS_085,16,AGENT,"I hear you, and I respect your right to pursue that. I want to assure you we operate within all regulatory requirements, and our team will provide full transparency on your account.",golden,UNRESOLVED_COMPLAINT,policy_dispute_unresolved,Nigeria/Carbon,unresolved,polite -> hostile,neutral_throughout,policy_dispute,0.0,0.793,0.207,0.7003
GS_085,17,CUSTOMER,I no gree! I don't have time for this. I want it on record that I am disputing this fully.,golden,UNRESOLVED_COMPLAINT,policy_dispute_unresolved,Nigeria/Carbon,unresolved,polite -> hostile,neutral_throughout,policy_dispute,0.265,0.664,0.07,-0.5882
GS_085,18,AGENT,"That has been noted on your account, Yetunde. Your reference number is CRB-DSP-20260717-7006 — is there anything else I can help with today?",golden,UNRESOLVED_COMPLAINT,policy_dispute_unresolved,Nigeria/Carbon,unresolved,polite -> hostile,neutral_throughout,policy_dispute,0.0,0.826,0.174,0.4588
GS_085,19,CUSTOMER,No. There is nothing else you can do for me. Goodbye.,golden,UNRESOLVED_COMPLAINT,policy_dispute_unresolved,Nigeria/Carbon,unresolved,polite -> hostile,neutral_throughout,policy_dispute,0.18,0.82,0.0,-0.296
GS_085,20,AGENT,Thank you for —,golden,UNRESOLVED_COMPLAINT,policy_dispute_unresolved,Nigeria/Carbon,unresolved,polite -> hostile,neutral_throughout,policy_dispute,0.0,0.444,0.556,0.3612
GS_086,0,AGENT,"Good day, thank you for calling KCB, my name is Grace, how can I assist you?",golden,UNRESOLVED_COMPLAINT,policy_dispute_unresolved,Kenya/KCB,unresolved,polite -> hostile,neutral_throughout,policy_dispute,0.0,0.594,0.406,0.802
GS_086,1,CUSTOMER,"Good day, Grace. My name is Akinyi. I sent money abroad last week and you deducted a KSh 3,465 foreign currency conversion fee that was never disclosed before I confirmed the transfer. I would never have sent it through this app if I'd known there was a hidden charge like that.",golden,UNRESOLVED_COMPLAINT,policy_dispute_unresolved,Kenya/KCB,unresolved,polite -> hostile,neutral_throughout,policy_dispute,0.0,0.84,0.16,0.802
GS_086,2,AGENT,"Good day, Akinyi. Of course, I'm happy to help. Can you please confirm your registered phone number and national ID number so I can pull up your account?",golden,UNRESOLVED_COMPLAINT,policy_dispute_unresolved,Kenya/KCB,unresolved,polite -> hostile,neutral_throughout,policy_dispute,0.0,0.597,0.403,0.9042
GS_086,3,CUSTOMER,Tafadhali. 0738 834 877. 11069482.,golden,UNRESOLVED_COMPLAINT,policy_dispute_unresolved,Kenya/KCB,unresolved,polite -> hostile,neutral_throughout,policy_dispute,0.0,1.0,0.0,0.0
GS_086,4,AGENT,"Thank you, Akinyi. I have your account here. Let me look into this for you.",golden,UNRESOLVED_COMPLAINT,policy_dispute_unresolved,Kenya/KCB,unresolved,polite -> hostile,neutral_throughout,policy_dispute,0.0,0.839,0.161,0.3612
GS_086,5,CUSTOMER,"Please do, because this doesn't make sense to me.",golden,UNRESOLVED_COMPLAINT,policy_dispute_unresolved,Kenya/KCB,unresolved,polite -> hostile,neutral_throughout,policy_dispute,0.0,0.777,0.223,0.3182
GS_086,6,AGENT,Thank you for waiting. I can see the charge — the conversion fee is applied automatically on all cross-currency transfers and is outlined in our standard terms.,golden,UNRESOLVED_COMPLAINT,policy_dispute_unresolved,Kenya/KCB,unresolved,polite -> hostile,neutral_throughout,policy_dispute,0.0,0.906,0.094,0.3612
GS_086,7,CUSTOMER,Hii ni nini? That fee was never shown to me on the confirmation screen before I sent the money. That's the whole problem.,golden,UNRESOLVED_COMPLAINT,policy_dispute_unresolved,Kenya/KCB,unresolved,polite -> hostile,neutral_throughout,policy_dispute,0.114,0.886,0.0,-0.4019
GS_086,8,AGENT,"I completely understand your frustration, and I appreciate you raising this. Unfortunately I'm not able to override or reverse this — it's within our standard operating policy.",golden,UNRESOLVED_COMPLAINT,policy_dispute_unresolved,Kenya/KCB,unresolved,polite -> hostile,neutral_throughout,policy_dispute,0.205,0.704,0.091,-0.5289
GS_086,9,CUSTOMER,"So your answer is that it's in the terms and that's final. You're not even willing to acknowledge that burying something like this where nobody reads it, and then charging me for it, is wrong.",golden,UNRESOLVED_COMPLAINT,policy_dispute_unresolved,Kenya/KCB,unresolved,polite -> hostile,neutral_throughout,policy_dispute,0.08,0.855,0.065,-0.1531
GS_086,10,AGENT,"I hear you, and those are valid concerns. I want to assure you this is fully disclosed in the agreement you accepted, and it's within our standard operating policy.",golden,UNRESOLVED_COMPLAINT,policy_dispute_unresolved,Kenya/KCB,unresolved,polite -> hostile,neutral_throughout,policy_dispute,0.0,0.719,0.281,0.7906
GS_086,11,CUSTOMER,So you are telling me there is nothing you can do? Who can do something then?,golden,UNRESOLVED_COMPLAINT,policy_dispute_unresolved,Kenya/KCB,unresolved,polite -> hostile,neutral_throughout,policy_dispute,0.0,1.0,0.0,0.0
GS_086,12,AGENT,"I can log a formal dispute for you, reference number KCB-DSP-20260708-4448, and escalate it to our terms review team. I can't promise a specific outcome or timeline beyond that, though.",golden,UNRESOLVED_COMPLAINT,policy_dispute_unresolved,Kenya/KCB,unresolved,polite -> hostile,neutral_throughout,policy_dispute,0.161,0.794,0.045,-0.5207
GS_086,13,CUSTOMER,"This is exactly the problem, always 'we will escalate', nothing ever changes.",golden,UNRESOLVED_COMPLAINT,policy_dispute_unresolved,Kenya/KCB,unresolved,polite -> hostile,neutral_throughout,policy_dispute,0.197,0.803,0.0,-0.4019
GS_086,14,AGENT,"I understand the frustration, and I've logged everything accurately on my end. Your dispute reference is KCB-DSP-20260708-4448, and the review team will follow up within five to seven business days.",golden,UNRESOLVED_COMPLAINT,policy_dispute_unresolved,Kenya/KCB,unresolved,polite -> hostile,neutral_throughout,policy_dispute,0.177,0.823,0.0,-0.7003
GS_086,15,CUSTOMER,"Five to seven business days, and in the meantime this keeps sitting on my account. Hii ni nini? I know my rights — the Central Bank of Kenya, and the Competition Authority exists for exactly this kind of thing, and I will be reporting this.",golden,UNRESOLVED_COMPLAINT,policy_dispute_unresolved,Kenya/KCB,unresolved,polite -> hostile,neutral_throughout,policy_dispute,0.0,0.969,0.031,0.0772
GS_086,16,AGENT,"I hear you, and I respect your right to pursue that. I want to assure you we operate within all regulatory requirements, and our team will provide full transparency on your account.",golden,UNRESOLVED_COMPLAINT,policy_dispute_unresolved,Kenya/KCB,unresolved,polite -> hostile,neutral_throughout,policy_dispute,0.0,0.793,0.207,0.7003
GS_086,17,CUSTOMER,Hii ni nini? I don't have time for this. I want it on record that I am disputing this fully.,golden,UNRESOLVED_COMPLAINT,policy_dispute_unresolved,Kenya/KCB,unresolved,polite -> hostile,neutral_throughout,policy_dispute,0.142,0.786,0.072,-0.3237
GS_086,18,AGENT,"That has been noted on your account, Akinyi. Your reference number is KCB-DSP-20260708-4448 — is there anything else I can help with today?",golden,UNRESOLVED_COMPLAINT,policy_dispute_unresolved,Kenya/KCB,unresolved,polite -> hostile,neutral_throughout,policy_dispute,0.0,0.826,0.174,0.4588
GS_086,19,CUSTOMER,No. There is nothing else you can do for me. Goodbye.,golden,UNRESOLVED_COMPLAINT,policy_dispute_unresolved,Kenya/KCB,unresolved,polite -> hostile,neutral_throughout,policy_dispute,0.18,0.82,0.0,-0.296
GS_086,20,AGENT,Thank you for —,golden,UNRESOLVED_COMPLAINT,policy_dispute_unresolved,Kenya/KCB,unresolved,polite -> hostile,neutral_throughout,policy_dispute,0.0,0.444,0.556,0.3612
GS_087,0,AGENT,"Good day, thank you for calling Mashreq Neo, my name is Ada, how can I assist you?",golden,UNRESOLVED_COMPLAINT,policy_dispute_unresolved,Gulf/UAE/Mashreq Neo,unresolved,polite -> hostile,neutral_throughout,policy_dispute,0.0,0.722,0.278,0.6597
GS_087,1,CUSTOMER,"Good day, Ada. My name is Khalid. My account was dormant for a few months and now you've charged me a AED 1,571 reactivation fee that nobody told me about when I tried to use my card again. I just wanted to use my own money.",golden,UNRESOLVED_COMPLAINT,policy_dispute_unresolved,Gulf/UAE/Mashreq Neo,unresolved,polite -> hostile,neutral_throughout,policy_dispute,0.04,0.895,0.065,0.2732
GS_087,2,AGENT,"Good day, Khalid. Of course, I'm happy to help. Can you please confirm your registered phone number and Emirates ID number so I can pull up your account?",golden,UNRESOLVED_COMPLAINT,policy_dispute_unresolved,Gulf/UAE/Mashreq Neo,unresolved,polite -> hostile,neutral_throughout,policy_dispute,0.0,0.597,0.403,0.9042
GS_087,3,CUSTOMER,Shukran. 050 482 5189. 784-1984-3636007-3.,golden,UNRESOLVED_COMPLAINT,policy_dispute_unresolved,Gulf/UAE/Mashreq Neo,unresolved,polite -> hostile,neutral_throughout,policy_dispute,0.0,1.0,0.0,0.0
GS_087,4,AGENT,"Thank you, Khalid. I have your account here. Let me look into this for you.",golden,UNRESOLVED_COMPLAINT,policy_dispute_unresolved,Gulf/UAE/Mashreq Neo,unresolved,polite -> hostile,neutral_throughout,policy_dispute,0.0,0.839,0.161,0.3612
GS_087,5,CUSTOMER,"Please do, because this doesn't make sense to me.",golden,UNRESOLVED_COMPLAINT,policy_dispute_unresolved,Gulf/UAE/Mashreq Neo,unresolved,polite -> hostile,neutral_throughout,policy_dispute,0.0,0.777,0.223,0.3182
GS_087,6,AGENT,Thank you for waiting. I can see the charge — dormancy reactivation fees are standard across the industry and are outlined in our account terms.,golden,UNRESOLVED_COMPLAINT,policy_dispute_unresolved,Gulf/UAE/Mashreq Neo,unresolved,polite -> hostile,neutral_throughout,policy_dispute,0.0,0.898,0.102,0.3612
GS_087,7,CUSTOMER,Wallah! I've never heard of another bank charging a fee just to let someone use their own account again.,golden,UNRESOLVED_COMPLAINT,policy_dispute_unresolved,Gulf/UAE/Mashreq Neo,unresolved,polite -> hostile,neutral_throughout,policy_dispute,0.0,1.0,0.0,0.0
GS_087,8,AGENT,"I completely understand your frustration, and I appreciate you raising this. Unfortunately I'm not able to override or reverse this — it's within our standard operating policy.",golden,UNRESOLVED_COMPLAINT,policy_dispute_unresolved,Gulf/UAE/Mashreq Neo,unresolved,polite -> hostile,neutral_throughout,policy_dispute,0.205,0.704,0.091,-0.5289
GS_087,9,CUSTOMER,"So your answer is that it's in the terms and that's final. You're not even willing to acknowledge that burying something like this where nobody reads it, and then charging me for it, is wrong.",golden,UNRESOLVED_COMPLAINT,policy_dispute_unresolved,Gulf/UAE/Mashreq Neo,unresolved,polite -> hostile,neutral_throughout,policy_dispute,0.08,0.855,0.065,-0.1531
GS_087,10,AGENT,"I hear you, and those are valid concerns. I want to assure you this is fully disclosed in the agreement you accepted, and it's within our standard operating policy.",golden,UNRESOLVED_COMPLAINT,policy_dispute_unresolved,Gulf/UAE/Mashreq Neo,unresolved,polite -> hostile,neutral_throughout,policy_dispute,0.0,0.719,0.281,0.7906
GS_087,11,CUSTOMER,So you are telling me there is nothing you can do? Who can do something then?,golden,UNRESOLVED_COMPLAINT,policy_dispute_unresolved,Gulf/UAE/Mashreq Neo,unresolved,polite -> hostile,neutral_throughout,policy_dispute,0.0,1.0,0.0,0.0
GS_087,12,AGENT,"I can log a formal dispute for you, reference number MQ-DSP-20260604-2105, and escalate it to our terms review team. I can't promise a specific outcome or timeline beyond that, though.",golden,UNRESOLVED_COMPLAINT,policy_dispute_unresolved,Gulf/UAE/Mashreq Neo,unresolved,polite -> hostile,neutral_throughout,policy_dispute,0.161,0.794,0.045,-0.5207
GS_087,13,CUSTOMER,"This is exactly the problem, always 'we will escalate', nothing ever changes.",golden,UNRESOLVED_COMPLAINT,policy_dispute_unresolved,Gulf/UAE/Mashreq Neo,unresolved,polite -> hostile,neutral_throughout,policy_dispute,0.197,0.803,0.0,-0.4019
GS_087,14,AGENT,"I understand the frustration, and I've logged everything accurately on my end. Your dispute reference is MQ-DSP-20260604-2105, and the review team will follow up within five to seven business days.",golden,UNRESOLVED_COMPLAINT,policy_dispute_unresolved,Gulf/UAE/Mashreq Neo,unresolved,polite -> hostile,neutral_throughout,policy_dispute,0.177,0.823,0.0,-0.7003
GS_087,15,CUSTOMER,"Five to seven business days, and in the meantime this keeps sitting on my account. Wallah! I know my rights — the Central Bank exists for exactly this kind of thing, and I will be reporting this.",golden,UNRESOLVED_COMPLAINT,policy_dispute_unresolved,Gulf/UAE/Mashreq Neo,unresolved,polite -> hostile,neutral_throughout,policy_dispute,0.0,1.0,0.0,0.0
GS_087,16,AGENT,"I hear you, and I respect your right to pursue that. I want to assure you we operate within all regulatory requirements, and our team will provide full transparency on your account.",golden,UNRESOLVED_COMPLAINT,policy_dispute_unresolved,Gulf/UAE/Mashreq Neo,unresolved,polite -> hostile,neutral_throughout,policy_dispute,0.0,0.793,0.207,0.7003
GS_087,17,CUSTOMER,Wallah! I don't have time for this. I want it on record that I am disputing this fully.,golden,UNRESOLVED_COMPLAINT,policy_dispute_unresolved,Gulf/UAE/Mashreq Neo,unresolved,polite -> hostile,neutral_throughout,policy_dispute,0.172,0.749,0.079,-0.3853
GS_087,18,AGENT,"That has been noted on your account, Khalid. Your reference number is MQ-DSP-20260604-2105 — is there anything else I can help with today?",golden,UNRESOLVED_COMPLAINT,policy_dispute_unresolved,Gulf/UAE/Mashreq Neo,unresolved,polite -> hostile,neutral_throughout,policy_dispute,0.0,0.826,0.174,0.4588
GS_087,19,CUSTOMER,No. There is nothing else you can do for me. Goodbye.,golden,UNRESOLVED_COMPLAINT,policy_dispute_unresolved,Gulf/UAE/Mashreq Neo,unresolved,polite -> hostile,neutral_throughout,policy_dispute,0.18,0.82,0.0,-0.296
GS_087,20,AGENT,Thank you for —,golden,UNRESOLVED_COMPLAINT,policy_dispute_unresolved,Gulf/UAE/Mashreq Neo,unresolved,polite -> hostile,neutral_throughout,policy_dispute,0.0,0.444,0.556,0.3612
GS_088,0,AGENT,"Good day, thank you for calling Carbon, my name is Ada, how can I assist you?",golden,UNRESOLVED_COMPLAINT,policy_dispute_unresolved,Nigeria/Carbon,unresolved,polite -> hostile,neutral_throughout,policy_dispute,0.0,0.707,0.293,0.6597
GS_088,1,CUSTOMER,"Good day, Ada. My name is Segun. I took a loan of ₦228,125 and I have been repaying consistently every month for 5 months, not once missing a payment. But my outstanding balance is now showing ₦276,201 — that is more than what I originally borrowed. How is that possible if I have been paying every month?",golden,UNRESOLVED_COMPLAINT,policy_dispute_unresolved,Nigeria/Carbon,unresolved,polite -> hostile,neutral_throughout,policy_dispute,0.0,0.838,0.162,0.8357
GS_088,2,AGENT,"Good day, Segun. Of course, I'm happy to help. Can you please confirm your registered phone number and BVN so I can pull up your loan account?",golden,UNRESOLVED_COMPLAINT,policy_dispute_unresolved,Nigeria/Carbon,unresolved,polite -> hostile,neutral_throughout,policy_dispute,0.0,0.619,0.381,0.8979
GS_088,3,CUSTOMER,Please o. 0912897753. 54178148005.,golden,UNRESOLVED_COMPLAINT,policy_dispute_unresolved,Nigeria/Carbon,unresolved,polite -> hostile,neutral_throughout,policy_dispute,0.0,0.566,0.434,0.3182
GS_088,4,AGENT,"Thank you, Segun. I have your account here. Let me look into this for you.",golden,UNRESOLVED_COMPLAINT,policy_dispute_unresolved,Nigeria/Carbon,unresolved,polite -> hostile,neutral_throughout,policy_dispute,0.0,0.839,0.161,0.3612
GS_088,5,CUSTOMER,"Please do, because this doesn't make sense to me.",golden,UNRESOLVED_COMPLAINT,policy_dispute_unresolved,Nigeria/Carbon,unresolved,polite -> hostile,neutral_throughout,policy_dispute,0.0,0.777,0.223,0.3182
GS_088,6,AGENT,"Thank you for waiting. I can see the charge — the current balance reflects the principal, accrued interest, and a variable processing fee that was applied to your account under our variable charges clause.",golden,UNRESOLVED_COMPLAINT,policy_dispute_unresolved,Nigeria/Carbon,unresolved,polite -> hostile,neutral_throughout,policy_dispute,0.059,0.787,0.154,0.5267
GS_088,7,CUSTOMER,"E don do! Nobody explained a variable charges clause to me when I took this loan. I was told my monthly repayment would be ₦45,584 and that is what I have been paying. Nobody said anything about extra fees being added mid-loan without my knowledge.",golden,UNRESOLVED_COMPLAINT,policy_dispute_unresolved,Nigeria/Carbon,unresolved,polite -> hostile,neutral_throughout,policy_dispute,0.058,0.942,0.0,-0.3382
GS_088,8,AGENT,"I completely understand your frustration, and I appreciate you raising this. Unfortunately I'm not able to override or reverse this — it's within our standard operating policy.",golden,UNRESOLVED_COMPLAINT,policy_dispute_unresolved,Nigeria/Carbon,unresolved,polite -> hostile,neutral_throughout,policy_dispute,0.205,0.704,0.091,-0.5289
GS_088,9,CUSTOMER,"If this practice is so legitimate, why does it feel like Palmcredit, Branch don't do this? Only you people go about it this way.",golden,UNRESOLVED_COMPLAINT,policy_dispute_unresolved,Nigeria/Carbon,unresolved,polite -> hostile,neutral_throughout,policy_dispute,0.0,0.902,0.098,0.3612
GS_088,10,AGENT,"I hear you, and those are valid concerns. I want to assure you this is fully disclosed in the agreement you accepted, and it's within our standard operating policy.",golden,UNRESOLVED_COMPLAINT,policy_dispute_unresolved,Nigeria/Carbon,unresolved,polite -> hostile,neutral_throughout,policy_dispute,0.0,0.719,0.281,0.7906
GS_088,11,CUSTOMER,"I have been paying ₦45,584 a month for 5 months, that is ₦227,920 paid already. Even with interest, the math does not produce a balance of ₦276,201. Something is wrong here.",golden,UNRESOLVED_COMPLAINT,policy_dispute_unresolved,Nigeria/Carbon,unresolved,polite -> hostile,neutral_throughout,policy_dispute,0.1,0.804,0.096,-0.0258
GS_088,12,AGENT,"I understand the concern, Segun. What I can do is log a formal dispute so our review team can give you a full breakdown of every charge and the exact clause it falls under.",golden,UNRESOLVED_COMPLAINT,policy_dispute_unresolved,Nigeria/Carbon,unresolved,polite -> hostile,neutral_throughout,policy_dispute,0.085,0.915,0.0,-0.4019
GS_088,13,CUSTOMER,"This is exactly the problem, always 'we will escalate', nothing ever changes.",golden,UNRESOLVED_COMPLAINT,policy_dispute_unresolved,Nigeria/Carbon,unresolved,polite -> hostile,neutral_throughout,policy_dispute,0.197,0.803,0.0,-0.4019
GS_088,14,AGENT,"I understand the frustration, and I've logged everything accurately on my end. Your dispute reference is CRB-DSP-20260605-1594, and the review team will follow up within five to seven business days.",golden,UNRESOLVED_COMPLAINT,policy_dispute_unresolved,Nigeria/Carbon,unresolved,polite -> hostile,neutral_throughout,policy_dispute,0.177,0.823,0.0,-0.7003
GS_088,15,CUSTOMER,"Five to seven business days, and in the meantime this keeps sitting on my account. E don do! I know my rights — the CBN exists for exactly this kind of thing, and I will be reporting this.",golden,UNRESOLVED_COMPLAINT,policy_dispute_unresolved,Nigeria/Carbon,unresolved,polite -> hostile,neutral_throughout,policy_dispute,0.0,1.0,0.0,0.0
GS_088,16,AGENT,"I hear you, and I respect your right to pursue that. I want to assure you we operate within all regulatory requirements, and our team will provide full transparency on your account.",golden,UNRESOLVED_COMPLAINT,policy_dispute_unresolved,Nigeria/Carbon,unresolved,polite -> hostile,neutral_throughout,policy_dispute,0.0,0.793,0.207,0.7003
GS_088,17,CUSTOMER,E don do! I don't have time for this. I want it on record that I am disputing this fully.,golden,UNRESOLVED_COMPLAINT,policy_dispute_unresolved,Nigeria/Carbon,unresolved,polite -> hostile,neutral_throughout,policy_dispute,0.163,0.762,0.075,-0.3853
GS_088,18,AGENT,"That has been noted on your account, Segun. Your reference number is CRB-DSP-20260605-1594 — is there anything else I can help with today?",golden,UNRESOLVED_COMPLAINT,policy_dispute_unresolved,Nigeria/Carbon,unresolved,polite -> hostile,neutral_throughout,policy_dispute,0.0,0.826,0.174,0.4588
GS_088,19,CUSTOMER,No. There is nothing else you can do for me. Goodbye.,golden,UNRESOLVED_COMPLAINT,policy_dispute_unresolved,Nigeria/Carbon,unresolved,polite -> hostile,neutral_throughout,policy_dispute,0.18,0.82,0.0,-0.296
GS_088,20,AGENT,Thank you for —,golden,UNRESOLVED_COMPLAINT,policy_dispute_unresolved,Nigeria/Carbon,unresolved,polite -> hostile,neutral_throughout,policy_dispute,0.0,0.444,0.556,0.3612
GS_089,0,AGENT,"Good day, thank you for calling Equity Bank, my name is Chinwe, how can I assist you?",golden,UNRESOLVED_COMPLAINT,policy_dispute_unresolved,Kenya/Equity Bank,unresolved,polite -> hostile,neutral_throughout,policy_dispute,0.0,0.722,0.278,0.6597
GS_089,1,CUSTOMER,"Good day, Chinwe. My name is Njeri. I sent money abroad last week and you deducted a KSh 3,835 foreign currency conversion fee that was never disclosed before I confirmed the transfer. I would never have sent it through this app if I'd known there was a hidden charge like that.",golden,UNRESOLVED_COMPLAINT,policy_dispute_unresolved,Kenya/Equity Bank,unresolved,polite -> hostile,neutral_throughout,policy_dispute,0.0,0.891,0.109,0.6597
GS_089,2,AGENT,"Good day, Njeri. Of course, I'm happy to help. Can you please confirm your registered phone number and national ID number so I can pull up your account?",golden,UNRESOLVED_COMPLAINT,policy_dispute_unresolved,Kenya/Equity Bank,unresolved,polite -> hostile,neutral_throughout,policy_dispute,0.0,0.597,0.403,0.9042
GS_089,3,CUSTOMER,Pole. 0712 776 803. 20613465.,golden,UNRESOLVED_COMPLAINT,policy_dispute_unresolved,Kenya/Equity Bank,unresolved,polite -> hostile,neutral_throughout,policy_dispute,0.0,1.0,0.0,0.0
GS_089,4,AGENT,"Thank you, Njeri. I have your account here. Let me look into this for you.",golden,UNRESOLVED_COMPLAINT,policy_dispute_unresolved,Kenya/Equity Bank,unresolved,polite -> hostile,neutral_throughout,policy_dispute,0.0,0.839,0.161,0.3612
GS_089,5,CUSTOMER,"Please do, because this doesn't make sense to me.",golden,UNRESOLVED_COMPLAINT,policy_dispute_unresolved,Kenya/Equity Bank,unresolved,polite -> hostile,neutral_throughout,policy_dispute,0.0,0.777,0.223,0.3182
GS_089,6,AGENT,Thank you for waiting. I can see the charge — the conversion fee is applied automatically on all cross-currency transfers and is outlined in our standard terms.,golden,UNRESOLVED_COMPLAINT,policy_dispute_unresolved,Kenya/Equity Bank,unresolved,polite -> hostile,neutral_throughout,policy_dispute,0.0,0.906,0.094,0.3612
GS_089,7,CUSTOMER,Mwisho wa story. That fee was never shown to me on the confirmation screen before I sent the money. That's the whole problem.,golden,UNRESOLVED_COMPLAINT,policy_dispute_unresolved,Kenya/Equity Bank,unresolved,polite -> hostile,neutral_throughout,policy_dispute,0.114,0.886,0.0,-0.4019
GS_089,8,AGENT,"I completely understand your frustration, and I appreciate you raising this. Unfortunately I'm not able to override or reverse this — it's within our standard operating policy.",golden,UNRESOLVED_COMPLAINT,policy_dispute_unresolved,Kenya/Equity Bank,unresolved,polite -> hostile,neutral_throughout,policy_dispute,0.205,0.704,0.091,-0.5289
GS_089,9,CUSTOMER,"So your answer is that it's in the terms and that's final. You're not even willing to acknowledge that burying something like this where nobody reads it, and then charging me for it, is wrong.",golden,UNRESOLVED_COMPLAINT,policy_dispute_unresolved,Kenya/Equity Bank,unresolved,polite -> hostile,neutral_throughout,policy_dispute,0.08,0.855,0.065,-0.1531
GS_089,10,AGENT,"I hear you, and those are valid concerns. I want to assure you this is fully disclosed in the agreement you accepted, and it's within our standard operating policy.",golden,UNRESOLVED_COMPLAINT,policy_dispute_unresolved,Kenya/Equity Bank,unresolved,polite -> hostile,neutral_throughout,policy_dispute,0.0,0.719,0.281,0.7906
GS_089,11,CUSTOMER,So you are telling me there is nothing you can do? Who can do something then?,golden,UNRESOLVED_COMPLAINT,policy_dispute_unresolved,Kenya/Equity Bank,unresolved,polite -> hostile,neutral_throughout,policy_dispute,0.0,1.0,0.0,0.0
GS_089,12,AGENT,"I can log a formal dispute for you, reference number EQ-DSP-20260823-3514, and escalate it to our terms review team. I can't promise a specific outcome or timeline beyond that, though.",golden,UNRESOLVED_COMPLAINT,policy_dispute_unresolved,Kenya/Equity Bank,unresolved,polite -> hostile,neutral_throughout,policy_dispute,0.161,0.794,0.045,-0.5207
GS_089,13,CUSTOMER,"This is exactly the problem, always 'we will escalate', nothing ever changes.",golden,UNRESOLVED_COMPLAINT,policy_dispute_unresolved,Kenya/Equity Bank,unresolved,polite -> hostile,neutral_throughout,policy_dispute,0.197,0.803,0.0,-0.4019
GS_089,14,AGENT,"I understand the frustration, and I've logged everything accurately on my end. Your dispute reference is EQ-DSP-20260823-3514, and the review team will follow up within five to seven business days.",golden,UNRESOLVED_COMPLAINT,policy_dispute_unresolved,Kenya/Equity Bank,unresolved,polite -> hostile,neutral_throughout,policy_dispute,0.177,0.823,0.0,-0.7003
GS_089,15,CUSTOMER,"Five to seven business days, and in the meantime this keeps sitting on my account. Mwisho wa story. I know my rights — the Central Bank of Kenya, and the Competition Authority exists for exactly this kind of thing, and I will be reporting this.",golden,UNRESOLVED_COMPLAINT,policy_dispute_unresolved,Kenya/Equity Bank,unresolved,polite -> hostile,neutral_throughout,policy_dispute,0.0,0.969,0.031,0.0772
GS_089,16,AGENT,"I hear you, and I respect your right to pursue that. I want to assure you we operate within all regulatory requirements, and our team will provide full transparency on your account.",golden,UNRESOLVED_COMPLAINT,policy_dispute_unresolved,Kenya/Equity Bank,unresolved,polite -> hostile,neutral_throughout,policy_dispute,0.0,0.793,0.207,0.7003
GS_089,17,CUSTOMER,"This cannot be legal, surely there is someone I can report this to beyond just your team?",golden,UNRESOLVED_COMPLAINT,policy_dispute_unresolved,Kenya/Equity Bank,unresolved,polite -> hostile,neutral_throughout,policy_dispute,0.212,0.788,0.0,-0.4168
GS_089,18,AGENT,You're welcome to escalate externally if you'd like — I just can't make that determination or override the charge from this line.,golden,UNRESOLVED_COMPLAINT,policy_dispute_unresolved,Kenya/Equity Bank,unresolved,polite -> hostile,neutral_throughout,policy_dispute,0.091,0.687,0.222,0.501
GS_089,19,CUSTOMER,Mwisho wa story. I don't have time for this. I want it on record that I am disputing this fully.,golden,UNRESOLVED_COMPLAINT,policy_dispute_unresolved,Kenya/Equity Bank,unresolved,polite -> hostile,neutral_throughout,policy_dispute,0.142,0.786,0.072,-0.3237
GS_089,20,AGENT,"That has been noted on your account, Njeri. Your reference number is EQ-DSP-20260823-3514 — is there anything else I can help with today?",golden,UNRESOLVED_COMPLAINT,policy_dispute_unresolved,Kenya/Equity Bank,unresolved,polite -> hostile,neutral_throughout,policy_dispute,0.0,0.826,0.174,0.4588
GS_089,21,CUSTOMER,No. There is nothing else you can do for me. Goodbye.,golden,UNRESOLVED_COMPLAINT,policy_dispute_unresolved,Kenya/Equity Bank,unresolved,polite -> hostile,neutral_throughout,policy_dispute,0.18,0.82,0.0,-0.296
GS_089,22,AGENT,Thank you for —,golden,UNRESOLVED_COMPLAINT,policy_dispute_unresolved,Kenya/Equity Bank,unresolved,polite -> hostile,neutral_throughout,policy_dispute,0.0,0.444,0.556,0.3612
GS_090,0,AGENT,"Good afternoon, thank you for calling OPay, my name is Ifeanyi, how may I help you today?",golden,KYC_VERIFICATION,standard_kyc_pass,Nigeria/OPay,resolved,neutral -> satisfied,neutral_positive_throughout,kyc_verification,0.0,0.616,0.384,0.7964
GS_090,1,CUSTOMER,"Abeg, Ifeanyi. My name is Folake. I got a notification asking me to complete some verification on my account, so I'm calling to sort that out.",golden,KYC_VERIFICATION,standard_kyc_pass,Nigeria/OPay,resolved,neutral -> satisfied,neutral_positive_throughout,kyc_verification,0.0,1.0,0.0,0.0
GS_090,2,AGENT,"Thank you for calling in about that, Folake. I can see your account has been inactive for 7 months, so we need to refresh a few details before fully reactivating it. Before I proceed, can you confirm your registered phone number and date of birth?",golden,KYC_VERIFICATION,standard_kyc_pass,Nigeria/OPay,resolved,neutral -> satisfied,neutral_positive_throughout,kyc_verification,0.0,0.911,0.089,0.4215
GS_090,3,CUSTOMER,Yes. 0905178410. Date of birth is 21st January 1980.,golden,KYC_VERIFICATION,standard_kyc_pass,Nigeria/OPay,resolved,neutral -> satisfied,neutral_positive_throughout,kyc_verification,0.0,0.748,0.252,0.4019
GS_090,4,AGENT,"Thank you, that matches what we have on file. I'll also need to re-verify your BVN. Can you confirm that for me?",golden,KYC_VERIFICATION,standard_kyc_pass,Nigeria/OPay,resolved,neutral -> satisfied,neutral_positive_throughout,kyc_verification,0.0,0.894,0.106,0.3612
GS_090,5,CUSTOMER,43794715904.,golden,KYC_VERIFICATION,standard_kyc_pass,Nigeria/OPay,resolved,neutral -> satisfied,neutral_positive_throughout,kyc_verification,0.0,1.0,0.0,0.0
GS_090,6,AGENT,"Thank you, confirmed. I also need your NIN — can you provide that?",golden,KYC_VERIFICATION,standard_kyc_pass,Nigeria/OPay,resolved,neutral -> satisfied,neutral_positive_throughout,kyc_verification,0.0,0.8,0.2,0.3612
GS_090,7,CUSTOMER,59906 81271.,golden,KYC_VERIFICATION,standard_kyc_pass,Nigeria/OPay,resolved,neutral -> satisfied,neutral_positive_throughout,kyc_verification,0.0,1.0,0.0,0.0
GS_090,8,AGENT,"Thank you, confirmed as well. Now I need to verify your current residential address — can you confirm the address we have on file, or give me your current one if it's changed?",golden,KYC_VERIFICATION,standard_kyc_pass,Nigeria/OPay,resolved,neutral -> satisfied,neutral_positive_throughout,kyc_verification,0.0,0.863,0.137,0.5574
GS_090,9,CUSTOMER,"Why do you need all this again, didn't I already do this when I opened the account?",golden,KYC_VERIFICATION,standard_kyc_pass,Nigeria/OPay,resolved,neutral -> satisfied,neutral_positive_throughout,kyc_verification,0.0,1.0,0.0,0.0
GS_090,10,AGENT,"Totally fair question — regulations require us to periodically refresh this information, it's not specific to you.",golden,KYC_VERIFICATION,standard_kyc_pass,Nigeria/OPay,resolved,neutral -> satisfied,neutral_positive_throughout,kyc_verification,0.0,0.853,0.147,0.3804
GS_090,11,CUSTOMER,The address on file is from my previous neighborhood. I moved to the other side of the city a few months ago — I'll need to update that.,golden,KYC_VERIFICATION,standard_kyc_pass,Nigeria/OPay,resolved,neutral -> satisfied,neutral_positive_throughout,kyc_verification,0.0,1.0,0.0,0.0
GS_090,12,AGENT,"No problem, I'll update that for you now. I'll need a recent utility bill dated within the last three months showing your name and the new address. Do you have something like that available?",golden,KYC_VERIFICATION,standard_kyc_pass,Nigeria/OPay,resolved,neutral -> satisfied,neutral_positive_throughout,kyc_verification,0.131,0.802,0.067,-0.34
GS_090,13,CUSTOMER,"I have one, let me upload it now on the app... okay, it's uploaded.",golden,KYC_VERIFICATION,standard_kyc_pass,Nigeria/OPay,resolved,neutral -> satisfied,neutral_positive_throughout,kyc_verification,0.0,0.863,0.137,0.2263
GS_090,14,AGENT,"Perfect, I can see it. Everything else checks out. I can lift the restriction partially right now — you'll be able to log in and receive incoming transfers immediately. Outgoing transfers will be fully enabled once the address document clears review, typically within 24 hours. Your reference number is OP-KYC-20260827-9684.",golden,KYC_VERIFICATION,standard_kyc_pass,Nigeria/OPay,resolved,neutral -> satisfied,neutral_positive_throughout,kyc_verification,0.04,0.798,0.162,0.6597
GS_090,15,CUSTOMER,"That works. Can you confirm I'm able to log in now, while we're still on the call?",golden,KYC_VERIFICATION,standard_kyc_pass,Nigeria/OPay,resolved,neutral -> satisfied,neutral_positive_throughout,kyc_verification,0.0,1.0,0.0,0.0
GS_090,16,AGENT,Please go ahead and try.,golden,KYC_VERIFICATION,standard_kyc_pass,Nigeria/OPay,resolved,neutral -> satisfied,neutral_positive_throughout,kyc_verification,0.0,0.635,0.365,0.3182
GS_090,17,CUSTOMER,"One moment... yes, I'm in, I can see my dashboard now. Thank you.",golden,KYC_VERIFICATION,standard_kyc_pass,Nigeria/OPay,resolved,neutral -> satisfied,neutral_positive_throughout,kyc_verification,0.0,0.658,0.342,0.6369
GS_090,18,AGENT,That's great to hear. Is there anything else I can help you with today?,golden,KYC_VERIFICATION,standard_kyc_pass,Nigeria/OPay,resolved,neutral -> satisfied,neutral_positive_throughout,kyc_verification,0.0,0.618,0.382,0.7783
GS_090,19,CUSTOMER,"No, that's all, thanks.",golden,KYC_VERIFICATION,standard_kyc_pass,Nigeria/OPay,resolved,neutral -> satisfied,neutral_positive_throughout,kyc_verification,0.31,0.282,0.408,0.1779
GS_090,20,AGENT,"You're welcome, thank you for banking with OPay, take care.",golden,KYC_VERIFICATION,standard_kyc_pass,Nigeria/OPay,resolved,neutral -> satisfied,neutral_positive_throughout,kyc_verification,0.0,0.446,0.554,0.8271
GS_091,0,AGENT,"Good afternoon, thank you for calling KCB, my name is Femi, how may I help you today?",golden,KYC_VERIFICATION,standard_kyc_pass,Kenya/KCB,resolved,neutral -> satisfied,neutral_positive_throughout,kyc_verification,0.0,0.616,0.384,0.7964
GS_091,1,CUSTOMER,"Tafadhali, Femi. My name is Wanjiru. I got a notification asking me to complete some verification on my account, so I'm calling to sort that out.",golden,KYC_VERIFICATION,standard_kyc_pass,Kenya/KCB,resolved,neutral -> satisfied,neutral_positive_throughout,kyc_verification,0.0,1.0,0.0,0.0
GS_091,2,AGENT,"Thank you for calling in about that, Wanjiru. I can see this is a routine periodic verification we're required to run on all accounts under current regulations. Before I proceed, can you confirm your registered phone number and date of birth?",golden,KYC_VERIFICATION,standard_kyc_pass,Kenya/KCB,resolved,neutral -> satisfied,neutral_positive_throughout,kyc_verification,0.0,0.905,0.095,0.4215
GS_091,3,CUSTOMER,Yes. 0715 880 916. Date of birth is 3rd March 1998.,golden,KYC_VERIFICATION,standard_kyc_pass,Kenya/KCB,resolved,neutral -> satisfied,neutral_positive_throughout,kyc_verification,0.0,0.787,0.213,0.4019
GS_091,4,AGENT,"Thank you, that matches what we have on file. I'll also need to re-confirm your national ID number — can you provide that?",golden,KYC_VERIFICATION,standard_kyc_pass,Kenya/KCB,resolved,neutral -> satisfied,neutral_positive_throughout,kyc_verification,0.0,0.84,0.16,0.4215
GS_091,5,CUSTOMER,10059554.,golden,KYC_VERIFICATION,standard_kyc_pass,Kenya/KCB,resolved,neutral -> satisfied,neutral_positive_throughout,kyc_verification,0.0,1.0,0.0,0.0
GS_091,6,AGENT,"Thank you, confirmed. Now I need to verify your current residential address — can you confirm the address we have on file, or give me your current one if it's changed?",golden,KYC_VERIFICATION,standard_kyc_pass,Kenya/KCB,resolved,neutral -> satisfied,neutral_positive_throughout,kyc_verification,0.0,0.918,0.082,0.3612
GS_091,7,CUSTOMER,The address on file is from the old part of town. I moved to a new development nearby a few months ago — I'll need to update that.,golden,KYC_VERIFICATION,standard_kyc_pass,Kenya/KCB,resolved,neutral -> satisfied,neutral_positive_throughout,kyc_verification,0.0,1.0,0.0,0.0
GS_091,8,AGENT,"No problem, I'll update that for you now. I'll need a Safaricom statement dated within the last three months showing your name and the new address. Do you have something like that available?",golden,KYC_VERIFICATION,standard_kyc_pass,Kenya/KCB,resolved,neutral -> satisfied,neutral_positive_throughout,kyc_verification,0.135,0.797,0.069,-0.34
GS_091,9,CUSTOMER,"I have one, let me upload it now on the app... okay, it's uploaded.",golden,KYC_VERIFICATION,standard_kyc_pass,Kenya/KCB,resolved,neutral -> satisfied,neutral_positive_throughout,kyc_verification,0.0,0.863,0.137,0.2263
GS_091,10,AGENT,"Perfect, I can see it. Everything else checks out. I can lift the restriction partially right now — you'll be able to log in and receive incoming transfers immediately. Outgoing transfers will be fully enabled once the address document clears review, typically within 24 hours. Your reference number is KCB-KYC-20260709-3983.",golden,KYC_VERIFICATION,standard_kyc_pass,Kenya/KCB,resolved,neutral -> satisfied,neutral_positive_throughout,kyc_verification,0.04,0.798,0.162,0.6597
GS_091,11,CUSTOMER,"That works. Can you confirm I'm able to log in now, while we're still on the call?",golden,KYC_VERIFICATION,standard_kyc_pass,Kenya/KCB,resolved,neutral -> satisfied,neutral_positive_throughout,kyc_verification,0.0,1.0,0.0,0.0
GS_091,12,AGENT,Please go ahead and try.,golden,KYC_VERIFICATION,standard_kyc_pass,Kenya/KCB,resolved,neutral -> satisfied,neutral_positive_throughout,kyc_verification,0.0,0.635,0.365,0.3182
GS_091,13,CUSTOMER,"One moment... yes, I'm in, I can see my dashboard now. Thank you.",golden,KYC_VERIFICATION,standard_kyc_pass,Kenya/KCB,resolved,neutral -> satisfied,neutral_positive_throughout,kyc_verification,0.0,0.658,0.342,0.6369
GS_091,14,AGENT,That's great to hear. Is there anything else I can help you with today?,golden,KYC_VERIFICATION,standard_kyc_pass,Kenya/KCB,resolved,neutral -> satisfied,neutral_positive_throughout,kyc_verification,0.0,0.618,0.382,0.7783
GS_091,15,CUSTOMER,"No, that's all, thanks.",golden,KYC_VERIFICATION,standard_kyc_pass,Kenya/KCB,resolved,neutral -> satisfied,neutral_positive_throughout,kyc_verification,0.31,0.282,0.408,0.1779
GS_091,16,AGENT,"You're welcome, thank you for banking with KCB, take care.",golden,KYC_VERIFICATION,standard_kyc_pass,Kenya/KCB,resolved,neutral -> satisfied,neutral_positive_throughout,kyc_verification,0.0,0.446,0.554,0.8271
GS_092,0,AGENT,"Good afternoon, thank you for calling Emirates NBD, my name is Femi, how may I help you today?",golden,KYC_VERIFICATION,standard_kyc_pass,Gulf/UAE/Emirates NBD,resolved,neutral -> satisfied,neutral_positive_throughout,kyc_verification,0.0,0.539,0.461,0.8788
GS_092,1,CUSTOMER,"Shukran, Femi. My name is Khalid. I got a notification asking me to complete some verification on my account, so I'm calling to sort that out.",golden,KYC_VERIFICATION,standard_kyc_pass,Gulf/UAE/Emirates NBD,resolved,neutral -> satisfied,neutral_positive_throughout,kyc_verification,0.0,1.0,0.0,0.0
GS_092,2,AGENT,"Thank you for calling in about that, Khalid. I can see you're upgrading to a higher account tier, which requires an additional round of verification. Before I proceed, can you confirm your registered phone number and date of birth?",golden,KYC_VERIFICATION,standard_kyc_pass,Gulf/UAE/Emirates NBD,resolved,neutral -> satisfied,neutral_positive_throughout,kyc_verification,0.0,0.899,0.101,0.4215
GS_092,3,CUSTOMER,Yes. 055 303 9834. Date of birth is 22nd November 1983.,golden,KYC_VERIFICATION,standard_kyc_pass,Gulf/UAE/Emirates NBD,resolved,neutral -> satisfied,neutral_positive_throughout,kyc_verification,0.0,0.787,0.213,0.4019
GS_092,4,AGENT,"Thank you, that matches what we have on file. I'll also need to re-confirm your Emirates ID number — can you provide that?",golden,KYC_VERIFICATION,standard_kyc_pass,Gulf/UAE/Emirates NBD,resolved,neutral -> satisfied,neutral_positive_throughout,kyc_verification,0.0,0.84,0.16,0.4215
GS_092,5,CUSTOMER,784-1986-7429423-5.,golden,KYC_VERIFICATION,standard_kyc_pass,Gulf/UAE/Emirates NBD,resolved,neutral -> satisfied,neutral_positive_throughout,kyc_verification,0.0,1.0,0.0,0.0
GS_092,6,AGENT,"Thank you, confirmed. Now I need to verify your current residential address — can you confirm the address we have on file, or give me your current one if it's changed?",golden,KYC_VERIFICATION,standard_kyc_pass,Gulf/UAE/Emirates NBD,resolved,neutral -> satisfied,neutral_positive_throughout,kyc_verification,0.0,0.918,0.082,0.3612
GS_092,7,CUSTOMER,"Why do you need all this again, didn't I already do this when I opened the account?",golden,KYC_VERIFICATION,standard_kyc_pass,Gulf/UAE/Emirates NBD,resolved,neutral -> satisfied,neutral_positive_throughout,kyc_verification,0.0,1.0,0.0,0.0
GS_092,8,AGENT,"Totally fair question — regulations require us to periodically refresh this information, it's not specific to you.",golden,KYC_VERIFICATION,standard_kyc_pass,Gulf/UAE/Emirates NBD,resolved,neutral -> satisfied,neutral_positive_throughout,kyc_verification,0.0,0.853,0.147,0.3804
GS_092,9,CUSTOMER,The address on file is from the old part of town. I moved to a place closer to work a few months ago — I'll need to update that.,golden,KYC_VERIFICATION,standard_kyc_pass,Gulf/UAE/Emirates NBD,resolved,neutral -> satisfied,neutral_positive_throughout,kyc_verification,0.0,1.0,0.0,0.0
GS_092,10,AGENT,"No problem, I'll update that for you now. I'll need a recent DEWA bill dated within the last three months showing your name and the new address. Do you have something like that available?",golden,KYC_VERIFICATION,standard_kyc_pass,Gulf/UAE/Emirates NBD,resolved,neutral -> satisfied,neutral_positive_throughout,kyc_verification,0.131,0.802,0.067,-0.34
GS_092,11,CUSTOMER,"I have one, let me upload it now on the app... okay, it's uploaded.",golden,KYC_VERIFICATION,standard_kyc_pass,Gulf/UAE/Emirates NBD,resolved,neutral -> satisfied,neutral_positive_throughout,kyc_verification,0.0,0.863,0.137,0.2263
GS_092,12,AGENT,"Perfect, I can see it. Everything else checks out. I can lift the restriction partially right now — you'll be able to log in and receive incoming transfers immediately. Outgoing transfers will be fully enabled once the address document clears review, typically within 24 hours. Your reference number is ENBD-KYC-20260628-3727.",golden,KYC_VERIFICATION,standard_kyc_pass,Gulf/UAE/Emirates NBD,resolved,neutral -> satisfied,neutral_positive_throughout,kyc_verification,0.04,0.798,0.162,0.6597
GS_092,13,CUSTOMER,"That works. Can you confirm I'm able to log in now, while we're still on the call?",golden,KYC_VERIFICATION,standard_kyc_pass,Gulf/UAE/Emirates NBD,resolved,neutral -> satisfied,neutral_positive_throughout,kyc_verification,0.0,1.0,0.0,0.0
GS_092,14,AGENT,Please go ahead and try.,golden,KYC_VERIFICATION,standard_kyc_pass,Gulf/UAE/Emirates NBD,resolved,neutral -> satisfied,neutral_positive_throughout,kyc_verification,0.0,0.635,0.365,0.3182
GS_092,15,CUSTOMER,"One moment... yes, I'm in, I can see my dashboard now. Thank you.",golden,KYC_VERIFICATION,standard_kyc_pass,Gulf/UAE/Emirates NBD,resolved,neutral -> satisfied,neutral_positive_throughout,kyc_verification,0.0,0.658,0.342,0.6369
GS_092,16,AGENT,That's great to hear. Is there anything else I can help you with today?,golden,KYC_VERIFICATION,standard_kyc_pass,Gulf/UAE/Emirates NBD,resolved,neutral -> satisfied,neutral_positive_throughout,kyc_verification,0.0,0.618,0.382,0.7783
GS_092,17,CUSTOMER,"No, that's all, thanks.",golden,KYC_VERIFICATION,standard_kyc_pass,Gulf/UAE/Emirates NBD,resolved,neutral -> satisfied,neutral_positive_throughout,kyc_verification,0.31,0.282,0.408,0.1779
GS_092,18,AGENT,"You're welcome, thank you for banking with Emirates NBD, take care.",golden,KYC_VERIFICATION,standard_kyc_pass,Gulf/UAE/Emirates NBD,resolved,neutral -> satisfied,neutral_positive_throughout,kyc_verification,0.0,0.374,0.626,0.8941
GS_093,0,AGENT,"Good afternoon, thank you for calling Moniepoint, my name is Grace, how may I help you today?",golden,KYC_VERIFICATION,standard_kyc_pass,Nigeria/Moniepoint,resolved,neutral -> satisfied,neutral_positive_throughout,kyc_verification,0.0,0.524,0.476,0.872
GS_093,1,CUSTOMER,"Please o, Grace. My name is Ngozi. I got a notification asking me to complete some verification on my account, so I'm calling to sort that out.",golden,KYC_VERIFICATION,standard_kyc_pass,Nigeria/Moniepoint,resolved,neutral -> satisfied,neutral_positive_throughout,kyc_verification,0.0,0.819,0.181,0.6249
GS_093,2,AGENT,"Thank you for calling in about that, Ngozi. I can see your account has been inactive for 7 months, so we need to refresh a few details before fully reactivating it. Before I proceed, can you confirm your registered phone number and date of birth?",golden,KYC_VERIFICATION,standard_kyc_pass,Nigeria/Moniepoint,resolved,neutral -> satisfied,neutral_positive_throughout,kyc_verification,0.0,0.911,0.089,0.4215
GS_093,3,CUSTOMER,Yes. 0911056759. Date of birth is 20th November 1991.,golden,KYC_VERIFICATION,standard_kyc_pass,Nigeria/Moniepoint,resolved,neutral -> satisfied,neutral_positive_throughout,kyc_verification,0.0,0.748,0.252,0.4019
GS_093,4,AGENT,"Thank you, that matches what we have on file. I'll also need to re-verify your BVN. Can you confirm that for me?",golden,KYC_VERIFICATION,standard_kyc_pass,Nigeria/Moniepoint,resolved,neutral -> satisfied,neutral_positive_throughout,kyc_verification,0.0,0.894,0.106,0.3612
GS_093,5,CUSTOMER,52170214042.,golden,KYC_VERIFICATION,standard_kyc_pass,Nigeria/Moniepoint,resolved,neutral -> satisfied,neutral_positive_throughout,kyc_verification,0.0,1.0,0.0,0.0
GS_093,6,AGENT,"Thank you, confirmed. I also need your NIN — can you provide that?",golden,KYC_VERIFICATION,standard_kyc_pass,Nigeria/Moniepoint,resolved,neutral -> satisfied,neutral_positive_throughout,kyc_verification,0.0,0.8,0.2,0.3612
GS_093,7,CUSTOMER,73012 51391.,golden,KYC_VERIFICATION,standard_kyc_pass,Nigeria/Moniepoint,resolved,neutral -> satisfied,neutral_positive_throughout,kyc_verification,0.0,1.0,0.0,0.0
GS_093,8,AGENT,"Thank you, confirmed as well. Now I need to verify your current residential address — can you confirm the address we have on file, or give me your current one if it's changed?",golden,KYC_VERIFICATION,standard_kyc_pass,Nigeria/Moniepoint,resolved,neutral -> satisfied,neutral_positive_throughout,kyc_verification,0.0,0.863,0.137,0.5574
GS_093,9,CUSTOMER,"Why do you need all this again, didn't I already do this when I opened the account?",golden,KYC_VERIFICATION,standard_kyc_pass,Nigeria/Moniepoint,resolved,neutral -> satisfied,neutral_positive_throughout,kyc_verification,0.0,1.0,0.0,0.0
GS_093,10,AGENT,"Totally fair question — regulations require us to periodically refresh this information, it's not specific to you.",golden,KYC_VERIFICATION,standard_kyc_pass,Nigeria/Moniepoint,resolved,neutral -> satisfied,neutral_positive_throughout,kyc_verification,0.0,0.853,0.147,0.3804
GS_093,11,CUSTOMER,The address on file is from my previous neighborhood. I moved to the other side of the city a few months ago — I'll need to update that.,golden,KYC_VERIFICATION,standard_kyc_pass,Nigeria/Moniepoint,resolved,neutral -> satisfied,neutral_positive_throughout,kyc_verification,0.0,1.0,0.0,0.0
GS_093,12,AGENT,"No problem, I'll update that for you now. I'll need a recent utility bill dated within the last three months showing your name and the new address. Do you have something like that available?",golden,KYC_VERIFICATION,standard_kyc_pass,Nigeria/Moniepoint,resolved,neutral -> satisfied,neutral_positive_throughout,kyc_verification,0.131,0.802,0.067,-0.34
GS_093,13,CUSTOMER,"I have one, let me upload it now on the app... okay, it's uploaded.",golden,KYC_VERIFICATION,standard_kyc_pass,Nigeria/Moniepoint,resolved,neutral -> satisfied,neutral_positive_throughout,kyc_verification,0.0,0.863,0.137,0.2263
GS_093,14,AGENT,"Perfect, I can see it. Everything else checks out. I can lift the restriction partially right now — you'll be able to log in and receive incoming transfers immediately. Outgoing transfers will be fully enabled once the address document clears review, typically within 24 hours. Your reference number is MP-KYC-20260703-6437.",golden,KYC_VERIFICATION,standard_kyc_pass,Nigeria/Moniepoint,resolved,neutral -> satisfied,neutral_positive_throughout,kyc_verification,0.04,0.798,0.162,0.6597
GS_093,15,CUSTOMER,"That works. Can you confirm I'm able to log in now, while we're still on the call?",golden,KYC_VERIFICATION,standard_kyc_pass,Nigeria/Moniepoint,resolved,neutral -> satisfied,neutral_positive_throughout,kyc_verification,0.0,1.0,0.0,0.0
GS_093,16,AGENT,Please go ahead and try.,golden,KYC_VERIFICATION,standard_kyc_pass,Nigeria/Moniepoint,resolved,neutral -> satisfied,neutral_positive_throughout,kyc_verification,0.0,0.635,0.365,0.3182
GS_093,17,CUSTOMER,"One moment... yes, I'm in, I can see my dashboard now. Thank you.",golden,KYC_VERIFICATION,standard_kyc_pass,Nigeria/Moniepoint,resolved,neutral -> satisfied,neutral_positive_throughout,kyc_verification,0.0,0.658,0.342,0.6369
GS_093,18,AGENT,That's great to hear. Is there anything else I can help you with today?,golden,KYC_VERIFICATION,standard_kyc_pass,Nigeria/Moniepoint,resolved,neutral -> satisfied,neutral_positive_throughout,kyc_verification,0.0,0.618,0.382,0.7783
GS_093,19,CUSTOMER,"No, that's all, thanks.",golden,KYC_VERIFICATION,standard_kyc_pass,Nigeria/Moniepoint,resolved,neutral -> satisfied,neutral_positive_throughout,kyc_verification,0.31,0.282,0.408,0.1779
GS_093,20,AGENT,"You're welcome, thank you for banking with Moniepoint, take care.",golden,KYC_VERIFICATION,standard_kyc_pass,Nigeria/Moniepoint,resolved,neutral -> satisfied,neutral_positive_throughout,kyc_verification,0.0,0.446,0.554,0.8271
GS_094,0,AGENT,"Good afternoon, thank you for calling NCBA, my name is Grace, how may I help you today?",golden,KYC_VERIFICATION,standard_kyc_pass,Kenya/NCBA,resolved,neutral -> satisfied,neutral_positive_throughout,kyc_verification,0.0,0.524,0.476,0.872
GS_094,1,CUSTOMER,"Asante, Grace. My name is Owino. I got a notification asking me to complete some verification on my account, so I'm calling to sort that out.",golden,KYC_VERIFICATION,standard_kyc_pass,Kenya/NCBA,resolved,neutral -> satisfied,neutral_positive_throughout,kyc_verification,0.0,0.891,0.109,0.4215
GS_094,2,AGENT,"Thank you for calling in about that, Owino. I can see this is a routine periodic verification we're required to run on all accounts under current regulations. Before I proceed, can you confirm your registered phone number and date of birth?",golden,KYC_VERIFICATION,standard_kyc_pass,Kenya/NCBA,resolved,neutral -> satisfied,neutral_positive_throughout,kyc_verification,0.0,0.905,0.095,0.4215
GS_094,3,CUSTOMER,Yes. 0737 513 118. Date of birth is 18th July 1993.,golden,KYC_VERIFICATION,standard_kyc_pass,Kenya/NCBA,resolved,neutral -> satisfied,neutral_positive_throughout,kyc_verification,0.0,0.787,0.213,0.4019
GS_094,4,AGENT,"Thank you, that matches what we have on file. I'll also need to re-confirm your national ID number — can you provide that?",golden,KYC_VERIFICATION,standard_kyc_pass,Kenya/NCBA,resolved,neutral -> satisfied,neutral_positive_throughout,kyc_verification,0.0,0.84,0.16,0.4215
GS_094,5,CUSTOMER,38227132.,golden,KYC_VERIFICATION,standard_kyc_pass,Kenya/NCBA,resolved,neutral -> satisfied,neutral_positive_throughout,kyc_verification,0.0,1.0,0.0,0.0
GS_094,6,AGENT,"Thank you, confirmed. Now I need to verify your current residential address — can you confirm the address we have on file, or give me your current one if it's changed?",golden,KYC_VERIFICATION,standard_kyc_pass,Kenya/NCBA,resolved,neutral -> satisfied,neutral_positive_throughout,kyc_verification,0.0,0.918,0.082,0.3612
GS_094,7,CUSTOMER,"Why do you need all this again, didn't I already do this when I opened the account?",golden,KYC_VERIFICATION,standard_kyc_pass,Kenya/NCBA,resolved,neutral -> satisfied,neutral_positive_throughout,kyc_verification,0.0,1.0,0.0,0.0
GS_094,8,AGENT,"Totally fair question — regulations require us to periodically refresh this information, it's not specific to you.",golden,KYC_VERIFICATION,standard_kyc_pass,Kenya/NCBA,resolved,neutral -> satisfied,neutral_positive_throughout,kyc_verification,0.0,0.853,0.147,0.3804
GS_094,9,CUSTOMER,The address on file is from my previous neighborhood. I moved to a place closer to work a few months ago — I'll need to update that.,golden,KYC_VERIFICATION,standard_kyc_pass,Kenya/NCBA,resolved,neutral -> satisfied,neutral_positive_throughout,kyc_verification,0.0,1.0,0.0,0.0
GS_094,10,AGENT,"No problem, I'll update that for you now. I'll need a Safaricom statement dated within the last three months showing your name and the new address. Do you have something like that available?",golden,KYC_VERIFICATION,standard_kyc_pass,Kenya/NCBA,resolved,neutral -> satisfied,neutral_positive_throughout,kyc_verification,0.135,0.797,0.069,-0.34
GS_094,11,CUSTOMER,"I have one, let me upload it now on the app... okay, it's uploaded.",golden,KYC_VERIFICATION,standard_kyc_pass,Kenya/NCBA,resolved,neutral -> satisfied,neutral_positive_throughout,kyc_verification,0.0,0.863,0.137,0.2263
GS_094,12,AGENT,"Perfect, I can see it. Everything else checks out. I can lift the restriction partially right now — you'll be able to log in and receive incoming transfers immediately. Outgoing transfers will be fully enabled once the address document clears review, typically within 24 hours. Your reference number is NCBA-KYC-20260609-1374.",golden,KYC_VERIFICATION,standard_kyc_pass,Kenya/NCBA,resolved,neutral -> satisfied,neutral_positive_throughout,kyc_verification,0.04,0.798,0.162,0.6597
GS_094,13,CUSTOMER,"That works. Can you confirm I'm able to log in now, while we're still on the call?",golden,KYC_VERIFICATION,standard_kyc_pass,Kenya/NCBA,resolved,neutral -> satisfied,neutral_positive_throughout,kyc_verification,0.0,1.0,0.0,0.0
GS_094,14,AGENT,Please go ahead and try.,golden,KYC_VERIFICATION,standard_kyc_pass,Kenya/NCBA,resolved,neutral -> satisfied,neutral_positive_throughout,kyc_verification,0.0,0.635,0.365,0.3182
GS_094,15,CUSTOMER,"One moment... yes, I'm in, I can see my dashboard now. Thank you.",golden,KYC_VERIFICATION,standard_kyc_pass,Kenya/NCBA,resolved,neutral -> satisfied,neutral_positive_throughout,kyc_verification,0.0,0.658,0.342,0.6369
GS_094,16,AGENT,That's great to hear. Is there anything else I can help you with today?,golden,KYC_VERIFICATION,standard_kyc_pass,Kenya/NCBA,resolved,neutral -> satisfied,neutral_positive_throughout,kyc_verification,0.0,0.618,0.382,0.7783
GS_094,17,CUSTOMER,"No, that's all, thanks.",golden,KYC_VERIFICATION,standard_kyc_pass,Kenya/NCBA,resolved,neutral -> satisfied,neutral_positive_throughout,kyc_verification,0.31,0.282,0.408,0.1779
GS_094,18,AGENT,"You're welcome, thank you for banking with NCBA, take care.",golden,KYC_VERIFICATION,standard_kyc_pass,Kenya/NCBA,resolved,neutral -> satisfied,neutral_positive_throughout,kyc_verification,0.0,0.446,0.554,0.8271
GS_095,0,AGENT,"Good afternoon, thank you for calling Emirates NBD, my name is Grace, how may I help you today?",golden,KYC_VERIFICATION,standard_kyc_pass,Gulf/UAE/Emirates NBD,resolved,neutral -> satisfied,neutral_positive_throughout,kyc_verification,0.0,0.463,0.537,0.9175
GS_095,1,CUSTOMER,"Shukran, Grace. My name is Huda. I got a notification asking me to complete some verification on my account, so I'm calling to sort that out.",golden,KYC_VERIFICATION,standard_kyc_pass,Gulf/UAE/Emirates NBD,resolved,neutral -> satisfied,neutral_positive_throughout,kyc_verification,0.0,0.891,0.109,0.4215
GS_095,2,AGENT,"Thank you for calling in about that, Huda. I can see you're upgrading to a higher account tier, which requires an additional round of verification. Before I proceed, can you confirm your registered phone number and date of birth?",golden,KYC_VERIFICATION,standard_kyc_pass,Gulf/UAE/Emirates NBD,resolved,neutral -> satisfied,neutral_positive_throughout,kyc_verification,0.0,0.899,0.101,0.4215
GS_095,3,CUSTOMER,Yes. 057 452 9396. Date of birth is 12th September 1986.,golden,KYC_VERIFICATION,standard_kyc_pass,Gulf/UAE/Emirates NBD,resolved,neutral -> satisfied,neutral_positive_throughout,kyc_verification,0.0,0.787,0.213,0.4019
GS_095,4,AGENT,"Thank you, that matches what we have on file. I'll also need to re-confirm your Emirates ID number — can you provide that?",golden,KYC_VERIFICATION,standard_kyc_pass,Gulf/UAE/Emirates NBD,resolved,neutral -> satisfied,neutral_positive_throughout,kyc_verification,0.0,0.84,0.16,0.4215
GS_095,5,CUSTOMER,784-1998-7162224-5.,golden,KYC_VERIFICATION,standard_kyc_pass,Gulf/UAE/Emirates NBD,resolved,neutral -> satisfied,neutral_positive_throughout,kyc_verification,0.0,1.0,0.0,0.0
GS_095,6,AGENT,"Thank you, confirmed. Now I need to verify your current residential address — can you confirm the address we have on file, or give me your current one if it's changed?",golden,KYC_VERIFICATION,standard_kyc_pass,Gulf/UAE/Emirates NBD,resolved,neutral -> satisfied,neutral_positive_throughout,kyc_verification,0.0,0.918,0.082,0.3612
GS_095,7,CUSTOMER,"Why do you need all this again, didn't I already do this when I opened the account?",golden,KYC_VERIFICATION,standard_kyc_pass,Gulf/UAE/Emirates NBD,resolved,neutral -> satisfied,neutral_positive_throughout,kyc_verification,0.0,1.0,0.0,0.0
GS_095,8,AGENT,"Totally fair question — regulations require us to periodically refresh this information, it's not specific to you.",golden,KYC_VERIFICATION,standard_kyc_pass,Gulf/UAE/Emirates NBD,resolved,neutral -> satisfied,neutral_positive_throughout,kyc_verification,0.0,0.853,0.147,0.3804
GS_095,9,CUSTOMER,The address on file is from my previous neighborhood. I moved to a new development nearby a few months ago — I'll need to update that.,golden,KYC_VERIFICATION,standard_kyc_pass,Gulf/UAE/Emirates NBD,resolved,neutral -> satisfied,neutral_positive_throughout,kyc_verification,0.0,1.0,0.0,0.0
GS_095,10,AGENT,"No problem, I'll update that for you now. I'll need a recent DEWA bill dated within the last three months showing your name and the new address. Do you have something like that available?",golden,KYC_VERIFICATION,standard_kyc_pass,Gulf/UAE/Emirates NBD,resolved,neutral -> satisfied,neutral_positive_throughout,kyc_verification,0.131,0.802,0.067,-0.34
GS_095,11,CUSTOMER,"I have one, let me upload it now on the app... okay, it's uploaded.",golden,KYC_VERIFICATION,standard_kyc_pass,Gulf/UAE/Emirates NBD,resolved,neutral -> satisfied,neutral_positive_throughout,kyc_verification,0.0,0.863,0.137,0.2263
GS_095,12,AGENT,"Perfect, I can see it. Everything else checks out. I can lift the restriction partially right now — you'll be able to log in and receive incoming transfers immediately. Outgoing transfers will be fully enabled once the address document clears review, typically within 24 hours. Your reference number is ENBD-KYC-20260807-2950.",golden,KYC_VERIFICATION,standard_kyc_pass,Gulf/UAE/Emirates NBD,resolved,neutral -> satisfied,neutral_positive_throughout,kyc_verification,0.04,0.798,0.162,0.6597
GS_095,13,CUSTOMER,"That works. Can you confirm I'm able to log in now, while we're still on the call?",golden,KYC_VERIFICATION,standard_kyc_pass,Gulf/UAE/Emirates NBD,resolved,neutral -> satisfied,neutral_positive_throughout,kyc_verification,0.0,1.0,0.0,0.0
GS_095,14,AGENT,Please go ahead and try.,golden,KYC_VERIFICATION,standard_kyc_pass,Gulf/UAE/Emirates NBD,resolved,neutral -> satisfied,neutral_positive_throughout,kyc_verification,0.0,0.635,0.365,0.3182
GS_095,15,CUSTOMER,"One moment... yes, I'm in, I can see my dashboard now. Thank you.",golden,KYC_VERIFICATION,standard_kyc_pass,Gulf/UAE/Emirates NBD,resolved,neutral -> satisfied,neutral_positive_throughout,kyc_verification,0.0,0.658,0.342,0.6369
GS_095,16,AGENT,That's great to hear. Is there anything else I can help you with today?,golden,KYC_VERIFICATION,standard_kyc_pass,Gulf/UAE/Emirates NBD,resolved,neutral -> satisfied,neutral_positive_throughout,kyc_verification,0.0,0.618,0.382,0.7783
GS_095,17,CUSTOMER,"No, that's all, thanks.",golden,KYC_VERIFICATION,standard_kyc_pass,Gulf/UAE/Emirates NBD,resolved,neutral -> satisfied,neutral_positive_throughout,kyc_verification,0.31,0.282,0.408,0.1779
GS_095,18,AGENT,"You're welcome, thank you for banking with Emirates NBD, take care.",golden,KYC_VERIFICATION,standard_kyc_pass,Gulf/UAE/Emirates NBD,resolved,neutral -> satisfied,neutral_positive_throughout,kyc_verification,0.0,0.374,0.626,0.8941
GS_096,0,AGENT,"Good afternoon, thank you for calling Kuda, my name is Ifeanyi, how may I help you today?",golden,KYC_VERIFICATION,standard_kyc_pass,Nigeria/Kuda,resolved,neutral -> satisfied,neutral_positive_throughout,kyc_verification,0.0,0.616,0.384,0.7964
GS_096,1,CUSTOMER,"Abeg, Ifeanyi. My name is Emeka. I got a notification asking me to complete some verification on my account, so I'm calling to sort that out.",golden,KYC_VERIFICATION,standard_kyc_pass,Nigeria/Kuda,resolved,neutral -> satisfied,neutral_positive_throughout,kyc_verification,0.0,1.0,0.0,0.0
GS_096,2,AGENT,"Thank you for calling in about that, Emeka. I can see your account has been inactive for 10 months, so we need to refresh a few details before fully reactivating it. Before I proceed, can you confirm your registered phone number and date of birth?",golden,KYC_VERIFICATION,standard_kyc_pass,Nigeria/Kuda,resolved,neutral -> satisfied,neutral_positive_throughout,kyc_verification,0.0,0.913,0.087,0.4215
GS_096,3,CUSTOMER,Yes. 0815625082. Date of birth is 23rd September 1975.,golden,KYC_VERIFICATION,standard_kyc_pass,Nigeria/Kuda,resolved,neutral -> satisfied,neutral_positive_throughout,kyc_verification,0.0,0.748,0.252,0.4019
GS_096,4,AGENT,"Thank you, that matches what we have on file. I'll also need to re-verify your BVN. Can you confirm that for me?",golden,KYC_VERIFICATION,standard_kyc_pass,Nigeria/Kuda,resolved,neutral -> satisfied,neutral_positive_throughout,kyc_verification,0.0,0.894,0.106,0.3612
GS_096,5,CUSTOMER,32789831222.,golden,KYC_VERIFICATION,standard_kyc_pass,Nigeria/Kuda,resolved,neutral -> satisfied,neutral_positive_throughout,kyc_verification,0.0,1.0,0.0,0.0
GS_096,6,AGENT,"Thank you, confirmed. I also need your NIN — can you provide that?",golden,KYC_VERIFICATION,standard_kyc_pass,Nigeria/Kuda,resolved,neutral -> satisfied,neutral_positive_throughout,kyc_verification,0.0,0.8,0.2,0.3612
GS_096,7,CUSTOMER,20249 92156.,golden,KYC_VERIFICATION,standard_kyc_pass,Nigeria/Kuda,resolved,neutral -> satisfied,neutral_positive_throughout,kyc_verification,0.0,1.0,0.0,0.0
GS_096,8,AGENT,"Thank you, confirmed as well. Now I need to verify your current residential address — can you confirm the address we have on file, or give me your current one if it's changed?",golden,KYC_VERIFICATION,standard_kyc_pass,Nigeria/Kuda,resolved,neutral -> satisfied,neutral_positive_throughout,kyc_verification,0.0,0.863,0.137,0.5574
GS_096,9,CUSTOMER,"Why do you need all this again, didn't I already do this when I opened the account?",golden,KYC_VERIFICATION,standard_kyc_pass,Nigeria/Kuda,resolved,neutral -> satisfied,neutral_positive_throughout,kyc_verification,0.0,1.0,0.0,0.0
GS_096,10,AGENT,"Totally fair question — regulations require us to periodically refresh this information, it's not specific to you.",golden,KYC_VERIFICATION,standard_kyc_pass,Nigeria/Kuda,resolved,neutral -> satisfied,neutral_positive_throughout,kyc_verification,0.0,0.853,0.147,0.3804
GS_096,11,CUSTOMER,The address on file is from across town. I moved to the other side of the city a few months ago — I'll need to update that.,golden,KYC_VERIFICATION,standard_kyc_pass,Nigeria/Kuda,resolved,neutral -> satisfied,neutral_positive_throughout,kyc_verification,0.0,1.0,0.0,0.0
GS_096,12,AGENT,"No problem, I'll update that for you now. I'll need a recent utility bill dated within the last three months showing your name and the new address. Do you have something like that available?",golden,KYC_VERIFICATION,standard_kyc_pass,Nigeria/Kuda,resolved,neutral -> satisfied,neutral_positive_throughout,kyc_verification,0.131,0.802,0.067,-0.34
GS_096,13,CUSTOMER,"I have one, let me upload it now on the app... okay, it's uploaded.",golden,KYC_VERIFICATION,standard_kyc_pass,Nigeria/Kuda,resolved,neutral -> satisfied,neutral_positive_throughout,kyc_verification,0.0,0.863,0.137,0.2263
GS_096,14,AGENT,"Perfect, I can see it. Everything else checks out. I can lift the restriction partially right now — you'll be able to log in and receive incoming transfers immediately. Outgoing transfers will be fully enabled once the address document clears review, typically within 24 hours. Your reference number is KD-KYC-20260820-6941.",golden,KYC_VERIFICATION,standard_kyc_pass,Nigeria/Kuda,resolved,neutral -> satisfied,neutral_positive_throughout,kyc_verification,0.04,0.798,0.162,0.6597
GS_096,15,CUSTOMER,"That works. Can you confirm I'm able to log in now, while we're still on the call?",golden,KYC_VERIFICATION,standard_kyc_pass,Nigeria/Kuda,resolved,neutral -> satisfied,neutral_positive_throughout,kyc_verification,0.0,1.0,0.0,0.0
GS_096,16,AGENT,Please go ahead and try.,golden,KYC_VERIFICATION,standard_kyc_pass,Nigeria/Kuda,resolved,neutral -> satisfied,neutral_positive_throughout,kyc_verification,0.0,0.635,0.365,0.3182
GS_096,17,CUSTOMER,"One moment... yes, I'm in, I can see my dashboard now. Thank you.",golden,KYC_VERIFICATION,standard_kyc_pass,Nigeria/Kuda,resolved,neutral -> satisfied,neutral_positive_throughout,kyc_verification,0.0,0.658,0.342,0.6369
GS_096,18,AGENT,That's great to hear. Is there anything else I can help you with today?,golden,KYC_VERIFICATION,standard_kyc_pass,Nigeria/Kuda,resolved,neutral -> satisfied,neutral_positive_throughout,kyc_verification,0.0,0.618,0.382,0.7783
GS_096,19,CUSTOMER,"No, that's all, thanks.",golden,KYC_VERIFICATION,standard_kyc_pass,Nigeria/Kuda,resolved,neutral -> satisfied,neutral_positive_throughout,kyc_verification,0.31,0.282,0.408,0.1779
GS_096,20,AGENT,"You're welcome, thank you for banking with Kuda, take care.",golden,KYC_VERIFICATION,standard_kyc_pass,Nigeria/Kuda,resolved,neutral -> satisfied,neutral_positive_throughout,kyc_verification,0.0,0.446,0.554,0.8271
GS_097,0,AGENT,"Good afternoon, thank you for calling Absa Kenya, my name is Grace, how may I help you today?",golden,KYC_VERIFICATION,standard_kyc_pass,Kenya/Absa Kenya,resolved,neutral -> satisfied,neutral_positive_throughout,kyc_verification,0.0,0.544,0.456,0.872
GS_097,1,CUSTOMER,"Tafadhali, Grace. My name is Mutua. I got a notification asking me to complete some verification on my account, so I'm calling to sort that out.",golden,KYC_VERIFICATION,standard_kyc_pass,Kenya/Absa Kenya,resolved,neutral -> satisfied,neutral_positive_throughout,kyc_verification,0.0,0.891,0.109,0.4215
GS_097,2,AGENT,"Thank you for calling in about that, Mutua. I can see this is a routine periodic verification we're required to run on all accounts under current regulations. Before I proceed, can you confirm your registered phone number and date of birth?",golden,KYC_VERIFICATION,standard_kyc_pass,Kenya/Absa Kenya,resolved,neutral -> satisfied,neutral_positive_throughout,kyc_verification,0.0,0.905,0.095,0.4215
GS_097,3,CUSTOMER,Yes. 0711 343 858. Date of birth is 20th June 1986.,golden,KYC_VERIFICATION,standard_kyc_pass,Kenya/Absa Kenya,resolved,neutral -> satisfied,neutral_positive_throughout,kyc_verification,0.0,0.787,0.213,0.4019
GS_097,4,AGENT,"Thank you, that matches what we have on file. I'll also need to re-confirm your national ID number — can you provide that?",golden,KYC_VERIFICATION,standard_kyc_pass,Kenya/Absa Kenya,resolved,neutral -> satisfied,neutral_positive_throughout,kyc_verification,0.0,0.84,0.16,0.4215
GS_097,5,CUSTOMER,24151826.,golden,KYC_VERIFICATION,standard_kyc_pass,Kenya/Absa Kenya,resolved,neutral -> satisfied,neutral_positive_throughout,kyc_verification,0.0,1.0,0.0,0.0
GS_097,6,AGENT,"Thank you, confirmed. Now I need to verify your current residential address — can you confirm the address we have on file, or give me your current one if it's changed?",golden,KYC_VERIFICATION,standard_kyc_pass,Kenya/Absa Kenya,resolved,neutral -> satisfied,neutral_positive_throughout,kyc_verification,0.0,0.918,0.082,0.3612
GS_097,7,CUSTOMER,"Why do you need all this again, didn't I already do this when I opened the account?",golden,KYC_VERIFICATION,standard_kyc_pass,Kenya/Absa Kenya,resolved,neutral -> satisfied,neutral_positive_throughout,kyc_verification,0.0,1.0,0.0,0.0
GS_097,8,AGENT,"Totally fair question — regulations require us to periodically refresh this information, it's not specific to you.",golden,KYC_VERIFICATION,standard_kyc_pass,Kenya/Absa Kenya,resolved,neutral -> satisfied,neutral_positive_throughout,kyc_verification,0.0,0.853,0.147,0.3804
GS_097,9,CUSTOMER,The address on file is from my previous neighborhood. I moved to a place closer to work a few months ago — I'll need to update that.,golden,KYC_VERIFICATION,standard_kyc_pass,Kenya/Absa Kenya,resolved,neutral -> satisfied,neutral_positive_throughout,kyc_verification,0.0,1.0,0.0,0.0
GS_097,10,AGENT,"No problem, I'll update that for you now. I'll need a Safaricom statement dated within the last three months showing your name and the new address. Do you have something like that available?",golden,KYC_VERIFICATION,standard_kyc_pass,Kenya/Absa Kenya,resolved,neutral -> satisfied,neutral_positive_throughout,kyc_verification,0.135,0.797,0.069,-0.34
GS_097,11,CUSTOMER,"I have one, let me upload it now on the app... okay, it's uploaded.",golden,KYC_VERIFICATION,standard_kyc_pass,Kenya/Absa Kenya,resolved,neutral -> satisfied,neutral_positive_throughout,kyc_verification,0.0,0.863,0.137,0.2263
GS_097,12,AGENT,"Perfect, I can see it. Everything else checks out. I can lift the restriction partially right now — you'll be able to log in and receive incoming transfers immediately. Outgoing transfers will be fully enabled once the address document clears review, typically within 24 hours. Your reference number is ABSA-KYC-20260802-2326.",golden,KYC_VERIFICATION,standard_kyc_pass,Kenya/Absa Kenya,resolved,neutral -> satisfied,neutral_positive_throughout,kyc_verification,0.04,0.798,0.162,0.6597
GS_097,13,CUSTOMER,"That works. Can you confirm I'm able to log in now, while we're still on the call?",golden,KYC_VERIFICATION,standard_kyc_pass,Kenya/Absa Kenya,resolved,neutral -> satisfied,neutral_positive_throughout,kyc_verification,0.0,1.0,0.0,0.0
GS_097,14,AGENT,Please go ahead and try.,golden,KYC_VERIFICATION,standard_kyc_pass,Kenya/Absa Kenya,resolved,neutral -> satisfied,neutral_positive_throughout,kyc_verification,0.0,0.635,0.365,0.3182
GS_097,15,CUSTOMER,"One moment... yes, I'm in, I can see my dashboard now. Thank you.",golden,KYC_VERIFICATION,standard_kyc_pass,Kenya/Absa Kenya,resolved,neutral -> satisfied,neutral_positive_throughout,kyc_verification,0.0,0.658,0.342,0.6369
GS_097,16,AGENT,That's great to hear. Is there anything else I can help you with today?,golden,KYC_VERIFICATION,standard_kyc_pass,Kenya/Absa Kenya,resolved,neutral -> satisfied,neutral_positive_throughout,kyc_verification,0.0,0.618,0.382,0.7783
GS_097,17,CUSTOMER,"No, that's all, thanks.",golden,KYC_VERIFICATION,standard_kyc_pass,Kenya/Absa Kenya,resolved,neutral -> satisfied,neutral_positive_throughout,kyc_verification,0.31,0.282,0.408,0.1779
GS_097,18,AGENT,"You're welcome, thank you for banking with Absa Kenya, take care.",golden,KYC_VERIFICATION,standard_kyc_pass,Kenya/Absa Kenya,resolved,neutral -> satisfied,neutral_positive_throughout,kyc_verification,0.0,0.479,0.521,0.8271
GS_098,0,AGENT,"Good afternoon, thank you for calling Emirates NBD, my name is Ifeanyi, how may I help you today?",golden,KYC_VERIFICATION,standard_kyc_pass,Gulf/UAE/Emirates NBD,resolved,neutral -> satisfied,neutral_positive_throughout,kyc_verification,0.0,0.539,0.461,0.8788
GS_098,1,CUSTOMER,"Shukran, Ifeanyi. My name is Rashid. I got a notification asking me to complete some verification on my account, so I'm calling to sort that out.",golden,KYC_VERIFICATION,standard_kyc_pass,Gulf/UAE/Emirates NBD,resolved,neutral -> satisfied,neutral_positive_throughout,kyc_verification,0.0,1.0,0.0,0.0
GS_098,2,AGENT,"Thank you for calling in about that, Rashid. I can see you're upgrading to a higher account tier, which requires an additional round of verification. Before I proceed, can you confirm your registered phone number and date of birth?",golden,KYC_VERIFICATION,standard_kyc_pass,Gulf/UAE/Emirates NBD,resolved,neutral -> satisfied,neutral_positive_throughout,kyc_verification,0.0,0.899,0.101,0.4215
GS_098,3,CUSTOMER,Yes. 051 272 8119. Date of birth is 12th March 1973.,golden,KYC_VERIFICATION,standard_kyc_pass,Gulf/UAE/Emirates NBD,resolved,neutral -> satisfied,neutral_positive_throughout,kyc_verification,0.0,0.787,0.213,0.4019
GS_098,4,AGENT,"Thank you, that matches what we have on file. I'll also need to re-confirm your Emirates ID number — can you provide that?",golden,KYC_VERIFICATION,standard_kyc_pass,Gulf/UAE/Emirates NBD,resolved,neutral -> satisfied,neutral_positive_throughout,kyc_verification,0.0,0.84,0.16,0.4215
GS_098,5,CUSTOMER,784-1984-8602677-3.,golden,KYC_VERIFICATION,standard_kyc_pass,Gulf/UAE/Emirates NBD,resolved,neutral -> satisfied,neutral_positive_throughout,kyc_verification,0.0,1.0,0.0,0.0
GS_098,6,AGENT,"Thank you, confirmed. Now I need to verify your current residential address — can you confirm the address we have on file, or give me your current one if it's changed?",golden,KYC_VERIFICATION,standard_kyc_pass,Gulf/UAE/Emirates NBD,resolved,neutral -> satisfied,neutral_positive_throughout,kyc_verification,0.0,0.918,0.082,0.3612
GS_098,7,CUSTOMER,The address on file is from my previous neighborhood. I moved to the other side of the city a few months ago — I'll need to update that.,golden,KYC_VERIFICATION,standard_kyc_pass,Gulf/UAE/Emirates NBD,resolved,neutral -> satisfied,neutral_positive_throughout,kyc_verification,0.0,1.0,0.0,0.0
GS_098,8,AGENT,"No problem, I'll update that for you now. I'll need a recent DEWA bill dated within the last three months showing your name and the new address. Do you have something like that available?",golden,KYC_VERIFICATION,standard_kyc_pass,Gulf/UAE/Emirates NBD,resolved,neutral -> satisfied,neutral_positive_throughout,kyc_verification,0.131,0.802,0.067,-0.34
GS_098,9,CUSTOMER,"I have one, let me upload it now on the app... okay, it's uploaded.",golden,KYC_VERIFICATION,standard_kyc_pass,Gulf/UAE/Emirates NBD,resolved,neutral -> satisfied,neutral_positive_throughout,kyc_verification,0.0,0.863,0.137,0.2263
GS_098,10,AGENT,"Perfect, I can see it. Everything else checks out. I can lift the restriction partially right now — you'll be able to log in and receive incoming transfers immediately. Outgoing transfers will be fully enabled once the address document clears review, typically within 24 hours. Your reference number is ENBD-KYC-20260605-3175.",golden,KYC_VERIFICATION,standard_kyc_pass,Gulf/UAE/Emirates NBD,resolved,neutral -> satisfied,neutral_positive_throughout,kyc_verification,0.04,0.798,0.162,0.6597
GS_098,11,CUSTOMER,"That works. Can you confirm I'm able to log in now, while we're still on the call?",golden,KYC_VERIFICATION,standard_kyc_pass,Gulf/UAE/Emirates NBD,resolved,neutral -> satisfied,neutral_positive_throughout,kyc_verification,0.0,1.0,0.0,0.0
GS_098,12,AGENT,Please go ahead and try.,golden,KYC_VERIFICATION,standard_kyc_pass,Gulf/UAE/Emirates NBD,resolved,neutral -> satisfied,neutral_positive_throughout,kyc_verification,0.0,0.635,0.365,0.3182
GS_098,13,CUSTOMER,"One moment... yes, I'm in, I can see my dashboard now. Thank you.",golden,KYC_VERIFICATION,standard_kyc_pass,Gulf/UAE/Emirates NBD,resolved,neutral -> satisfied,neutral_positive_throughout,kyc_verification,0.0,0.658,0.342,0.6369
GS_098,14,AGENT,That's great to hear. Is there anything else I can help you with today?,golden,KYC_VERIFICATION,standard_kyc_pass,Gulf/UAE/Emirates NBD,resolved,neutral -> satisfied,neutral_positive_throughout,kyc_verification,0.0,0.618,0.382,0.7783
GS_098,15,CUSTOMER,"No, that's all, thanks.",golden,KYC_VERIFICATION,standard_kyc_pass,Gulf/UAE/Emirates NBD,resolved,neutral -> satisfied,neutral_positive_throughout,kyc_verification,0.31,0.282,0.408,0.1779
GS_098,16,AGENT,"You're welcome, thank you for banking with Emirates NBD, take care.",golden,KYC_VERIFICATION,standard_kyc_pass,Gulf/UAE/Emirates NBD,resolved,neutral -> satisfied,neutral_positive_throughout,kyc_verification,0.0,0.374,0.626,0.8941
GS_099,0,AGENT,"Good afternoon, thank you for calling Moniepoint, my name is Ifeanyi, how may I help you today?",golden,KYC_VERIFICATION,standard_kyc_pass,Nigeria/Moniepoint,resolved,neutral -> satisfied,neutral_positive_throughout,kyc_verification,0.0,0.616,0.384,0.7964
GS_099,1,CUSTOMER,"Please o, Ifeanyi. My name is Chidi. I got a notification asking me to complete some verification on my account, so I'm calling to sort that out.",golden,KYC_VERIFICATION,standard_kyc_pass,Nigeria/Moniepoint,resolved,neutral -> satisfied,neutral_positive_throughout,kyc_verification,0.0,0.913,0.087,0.3182
GS_099,2,AGENT,"Thank you for calling in about that, Chidi. I can see your account has been inactive for 13 months, so we need to refresh a few details before fully reactivating it. Before I proceed, can you confirm your registered phone number and date of birth?",golden,KYC_VERIFICATION,standard_kyc_pass,Nigeria/Moniepoint,resolved,neutral -> satisfied,neutral_positive_throughout,kyc_verification,0.0,0.913,0.087,0.4215
GS_099,3,CUSTOMER,Yes. 0903457968. Date of birth is 4th July 1981.,golden,KYC_VERIFICATION,standard_kyc_pass,Nigeria/Moniepoint,resolved,neutral -> satisfied,neutral_positive_throughout,kyc_verification,0.0,0.748,0.252,0.4019
GS_099,4,AGENT,"Thank you, that matches what we have on file. I'll also need to re-verify your BVN. Can you confirm that for me?",golden,KYC_VERIFICATION,standard_kyc_pass,Nigeria/Moniepoint,resolved,neutral -> satisfied,neutral_positive_throughout,kyc_verification,0.0,0.894,0.106,0.3612
GS_099,5,CUSTOMER,74807351724.,golden,KYC_VERIFICATION,standard_kyc_pass,Nigeria/Moniepoint,resolved,neutral -> satisfied,neutral_positive_throughout,kyc_verification,0.0,1.0,0.0,0.0
GS_099,6,AGENT,"Thank you, confirmed. I also need your NIN — can you provide that?",golden,KYC_VERIFICATION,standard_kyc_pass,Nigeria/Moniepoint,resolved,neutral -> satisfied,neutral_positive_throughout,kyc_verification,0.0,0.8,0.2,0.3612
GS_099,7,CUSTOMER,45692 77525.,golden,KYC_VERIFICATION,standard_kyc_pass,Nigeria/Moniepoint,resolved,neutral -> satisfied,neutral_positive_throughout,kyc_verification,0.0,1.0,0.0,0.0
GS_099,8,AGENT,"Thank you, confirmed as well. Now I need to verify your current residential address — can you confirm the address we have on file, or give me your current one if it's changed?",golden,KYC_VERIFICATION,standard_kyc_pass,Nigeria/Moniepoint,resolved,neutral -> satisfied,neutral_positive_throughout,kyc_verification,0.0,0.863,0.137,0.5574
GS_099,9,CUSTOMER,The address on file is from my previous neighborhood. I moved to a new development nearby a few months ago — I'll need to update that.,golden,KYC_VERIFICATION,standard_kyc_pass,Nigeria/Moniepoint,resolved,neutral -> satisfied,neutral_positive_throughout,kyc_verification,0.0,1.0,0.0,0.0
GS_099,10,AGENT,"No problem, I'll update that for you now. I'll need a recent utility bill dated within the last three months showing your name and the new address. Do you have something like that available?",golden,KYC_VERIFICATION,standard_kyc_pass,Nigeria/Moniepoint,resolved,neutral -> satisfied,neutral_positive_throughout,kyc_verification,0.131,0.802,0.067,-0.34
GS_099,11,CUSTOMER,"I have one, let me upload it now on the app... okay, it's uploaded.",golden,KYC_VERIFICATION,standard_kyc_pass,Nigeria/Moniepoint,resolved,neutral -> satisfied,neutral_positive_throughout,kyc_verification,0.0,0.863,0.137,0.2263
GS_099,12,AGENT,"Perfect, I can see it. Everything else checks out. I can lift the restriction partially right now — you'll be able to log in and receive incoming transfers immediately. Outgoing transfers will be fully enabled once the address document clears review, typically within 24 hours. Your reference number is MP-KYC-20260709-5768.",golden,KYC_VERIFICATION,standard_kyc_pass,Nigeria/Moniepoint,resolved,neutral -> satisfied,neutral_positive_throughout,kyc_verification,0.04,0.798,0.162,0.6597
GS_099,13,CUSTOMER,"That works. Can you confirm I'm able to log in now, while we're still on the call?",golden,KYC_VERIFICATION,standard_kyc_pass,Nigeria/Moniepoint,resolved,neutral -> satisfied,neutral_positive_throughout,kyc_verification,0.0,1.0,0.0,0.0
GS_099,14,AGENT,Please go ahead and try.,golden,KYC_VERIFICATION,standard_kyc_pass,Nigeria/Moniepoint,resolved,neutral -> satisfied,neutral_positive_throughout,kyc_verification,0.0,0.635,0.365,0.3182
GS_099,15,CUSTOMER,"One moment... yes, I'm in, I can see my dashboard now. Thank you.",golden,KYC_VERIFICATION,standard_kyc_pass,Nigeria/Moniepoint,resolved,neutral -> satisfied,neutral_positive_throughout,kyc_verification,0.0,0.658,0.342,0.6369
GS_099,16,AGENT,That's great to hear. Is there anything else I can help you with today?,golden,KYC_VERIFICATION,standard_kyc_pass,Nigeria/Moniepoint,resolved,neutral -> satisfied,neutral_positive_throughout,kyc_verification,0.0,0.618,0.382,0.7783
GS_099,17,CUSTOMER,"No, that's all, thanks.",golden,KYC_VERIFICATION,standard_kyc_pass,Nigeria/Moniepoint,resolved,neutral -> satisfied,neutral_positive_throughout,kyc_verification,0.31,0.282,0.408,0.1779
GS_099,18,AGENT,"You're welcome, thank you for banking with Moniepoint, take care.",golden,KYC_VERIFICATION,standard_kyc_pass,Nigeria/Moniepoint,resolved,neutral -> satisfied,neutral_positive_throughout,kyc_verification,0.0,0.446,0.554,0.8271
GS_100,0,AGENT,"Good afternoon, thank you for calling Absa Kenya, my name is Ifeanyi, how may I help you today?",golden,KYC_VERIFICATION,standard_kyc_pass,Kenya/Absa Kenya,resolved,neutral -> satisfied,neutral_positive_throughout,kyc_verification,0.0,0.633,0.367,0.7964
GS_100,1,CUSTOMER,"Asante, Ifeanyi. My name is Otieno. I got a notification asking me to complete some verification on my account, so I'm calling to sort that out.",golden,KYC_VERIFICATION,standard_kyc_pass,Kenya/Absa Kenya,resolved,neutral -> satisfied,neutral_positive_throughout,kyc_verification,0.0,1.0,0.0,0.0
GS_100,2,AGENT,"Thank you for calling in about that, Otieno. I can see this is a routine periodic verification we're required to run on all accounts under current regulations. Before I proceed, can you confirm your registered phone number and date of birth?",golden,KYC_VERIFICATION,standard_kyc_pass,Kenya/Absa Kenya,resolved,neutral -> satisfied,neutral_positive_throughout,kyc_verification,0.0,0.905,0.095,0.4215
GS_100,3,CUSTOMER,Yes. 0721 672 821. Date of birth is 22nd May 2001.,golden,KYC_VERIFICATION,standard_kyc_pass,Kenya/Absa Kenya,resolved,neutral -> satisfied,neutral_positive_throughout,kyc_verification,0.0,0.787,0.213,0.4019
GS_100,4,AGENT,"Thank you, that matches what we have on file. I'll also need to re-confirm your national ID number — can you provide that?",golden,KYC_VERIFICATION,standard_kyc_pass,Kenya/Absa Kenya,resolved,neutral -> satisfied,neutral_positive_throughout,kyc_verification,0.0,0.84,0.16,0.4215
GS_100,5,CUSTOMER,34024479.,golden,KYC_VERIFICATION,standard_kyc_pass,Kenya/Absa Kenya,resolved,neutral -> satisfied,neutral_positive_throughout,kyc_verification,0.0,1.0,0.0,0.0
GS_100,6,AGENT,"Thank you, confirmed. Now I need to verify your current residential address — can you confirm the address we have on file, or give me your current one if it's changed?",golden,KYC_VERIFICATION,standard_kyc_pass,Kenya/Absa Kenya,resolved,neutral -> satisfied,neutral_positive_throughout,kyc_verification,0.0,0.918,0.082,0.3612
GS_100,7,CUSTOMER,"Why do you need all this again, didn't I already do this when I opened the account?",golden,KYC_VERIFICATION,standard_kyc_pass,Kenya/Absa Kenya,resolved,neutral -> satisfied,neutral_positive_throughout,kyc_verification,0.0,1.0,0.0,0.0
GS_100,8,AGENT,"Totally fair question — regulations require us to periodically refresh this information, it's not specific to you.",golden,KYC_VERIFICATION,standard_kyc_pass,Kenya/Absa Kenya,resolved,neutral -> satisfied,neutral_positive_throughout,kyc_verification,0.0,0.853,0.147,0.3804
GS_100,9,CUSTOMER,The address on file is from my previous neighborhood. I moved to a place closer to work a few months ago — I'll need to update that.,golden,KYC_VERIFICATION,standard_kyc_pass,Kenya/Absa Kenya,resolved,neutral -> satisfied,neutral_positive_throughout,kyc_verification,0.0,1.0,0.0,0.0
GS_100,10,AGENT,"No problem, I'll update that for you now. I'll need a Safaricom statement dated within the last three months showing your name and the new address. Do you have something like that available?",golden,KYC_VERIFICATION,standard_kyc_pass,Kenya/Absa Kenya,resolved,neutral -> satisfied,neutral_positive_throughout,kyc_verification,0.135,0.797,0.069,-0.34
GS_100,11,CUSTOMER,"I have one, let me upload it now on the app... okay, it's uploaded.",golden,KYC_VERIFICATION,standard_kyc_pass,Kenya/Absa Kenya,resolved,neutral -> satisfied,neutral_positive_throughout,kyc_verification,0.0,0.863,0.137,0.2263
GS_100,12,AGENT,"Perfect, I can see it. Everything else checks out. I can lift the restriction partially right now — you'll be able to log in and receive incoming transfers immediately. Outgoing transfers will be fully enabled once the address document clears review, typically within 24 hours. Your reference number is ABSA-KYC-20260819-1562.",golden,KYC_VERIFICATION,standard_kyc_pass,Kenya/Absa Kenya,resolved,neutral -> satisfied,neutral_positive_throughout,kyc_verification,0.04,0.798,0.162,0.6597
GS_100,13,CUSTOMER,"That works. Can you confirm I'm able to log in now, while we're still on the call?",golden,KYC_VERIFICATION,standard_kyc_pass,Kenya/Absa Kenya,resolved,neutral -> satisfied,neutral_positive_throughout,kyc_verification,0.0,1.0,0.0,0.0
GS_100,14,AGENT,Please go ahead and try.,golden,KYC_VERIFICATION,standard_kyc_pass,Kenya/Absa Kenya,resolved,neutral -> satisfied,neutral_positive_throughout,kyc_verification,0.0,0.635,0.365,0.3182
GS_100,15,CUSTOMER,"One moment... yes, I'm in, I can see my dashboard now. Thank you.",golden,KYC_VERIFICATION,standard_kyc_pass,Kenya/Absa Kenya,resolved,neutral -> satisfied,neutral_positive_throughout,kyc_verification,0.0,0.658,0.342,0.6369
GS_100,16,AGENT,That's great to hear. Is there anything else I can help you with today?,golden,KYC_VERIFICATION,standard_kyc_pass,Kenya/Absa Kenya,resolved,neutral -> satisfied,neutral_positive_throughout,kyc_verification,0.0,0.618,0.382,0.7783
GS_100,17,CUSTOMER,"No, that's all, thanks.",golden,KYC_VERIFICATION,standard_kyc_pass,Kenya/Absa Kenya,resolved,neutral -> satisfied,neutral_positive_throughout,kyc_verification,0.31,0.282,0.408,0.1779
GS_100,18,AGENT,"You're welcome, thank you for banking with Absa Kenya, take care.",golden,KYC_VERIFICATION,standard_kyc_pass,Kenya/Absa Kenya,resolved,neutral -> satisfied,neutral_positive_throughout,kyc_verification,0.0,0.479,0.521,0.8271
GS_101,0,AGENT,"Good afternoon, thank you for calling ADCB, my name is Grace, how may I help you today?",golden,KYC_VERIFICATION,standard_kyc_pass,Gulf/UAE/ADCB,resolved,neutral -> satisfied,neutral_positive_throughout,kyc_verification,0.0,0.524,0.476,0.872
GS_101,1,CUSTOMER,"Shukran, Grace. My name is Salim. I got a notification asking me to complete some verification on my account, so I'm calling to sort that out.",golden,KYC_VERIFICATION,standard_kyc_pass,Gulf/UAE/ADCB,resolved,neutral -> satisfied,neutral_positive_throughout,kyc_verification,0.0,0.891,0.109,0.4215
GS_101,2,AGENT,"Thank you for calling in about that, Salim. I can see you're upgrading to a higher account tier, which requires an additional round of verification. Before I proceed, can you confirm your registered phone number and date of birth?",golden,KYC_VERIFICATION,standard_kyc_pass,Gulf/UAE/ADCB,resolved,neutral -> satisfied,neutral_positive_throughout,kyc_verification,0.0,0.899,0.101,0.4215
GS_101,3,CUSTOMER,Yes. 058 892 5107. Date of birth is 11th November 1987.,golden,KYC_VERIFICATION,standard_kyc_pass,Gulf/UAE/ADCB,resolved,neutral -> satisfied,neutral_positive_throughout,kyc_verification,0.0,0.787,0.213,0.4019
GS_101,4,AGENT,"Thank you, that matches what we have on file. I'll also need to re-confirm your Emirates ID number — can you provide that?",golden,KYC_VERIFICATION,standard_kyc_pass,Gulf/UAE/ADCB,resolved,neutral -> satisfied,neutral_positive_throughout,kyc_verification,0.0,0.84,0.16,0.4215
GS_101,5,CUSTOMER,784-1996-6982262-6.,golden,KYC_VERIFICATION,standard_kyc_pass,Gulf/UAE/ADCB,resolved,neutral -> satisfied,neutral_positive_throughout,kyc_verification,0.0,1.0,0.0,0.0
GS_101,6,AGENT,"Thank you, confirmed. Now I need to verify your current residential address — can you confirm the address we have on file, or give me your current one if it's changed?",golden,KYC_VERIFICATION,standard_kyc_pass,Gulf/UAE/ADCB,resolved,neutral -> satisfied,neutral_positive_throughout,kyc_verification,0.0,0.918,0.082,0.3612
GS_101,7,CUSTOMER,"Why do you need all this again, didn't I already do this when I opened the account?",golden,KYC_VERIFICATION,standard_kyc_pass,Gulf/UAE/ADCB,resolved,neutral -> satisfied,neutral_positive_throughout,kyc_verification,0.0,1.0,0.0,0.0
GS_101,8,AGENT,"Totally fair question — regulations require us to periodically refresh this information, it's not specific to you.",golden,KYC_VERIFICATION,standard_kyc_pass,Gulf/UAE/ADCB,resolved,neutral -> satisfied,neutral_positive_throughout,kyc_verification,0.0,0.853,0.147,0.3804
GS_101,9,CUSTOMER,The address on file is from my previous neighborhood. I moved to the other side of the city a few months ago — I'll need to update that.,golden,KYC_VERIFICATION,standard_kyc_pass,Gulf/UAE/ADCB,resolved,neutral -> satisfied,neutral_positive_throughout,kyc_verification,0.0,1.0,0.0,0.0
GS_101,10,AGENT,"No problem, I'll update that for you now. I'll need a recent DEWA bill dated within the last three months showing your name and the new address. Do you have something like that available?",golden,KYC_VERIFICATION,standard_kyc_pass,Gulf/UAE/ADCB,resolved,neutral -> satisfied,neutral_positive_throughout,kyc_verification,0.131,0.802,0.067,-0.34
GS_101,11,CUSTOMER,"I have one, let me upload it now on the app... okay, it's uploaded.",golden,KYC_VERIFICATION,standard_kyc_pass,Gulf/UAE/ADCB,resolved,neutral -> satisfied,neutral_positive_throughout,kyc_verification,0.0,0.863,0.137,0.2263
GS_101,12,AGENT,"Perfect, I can see it. Everything else checks out. I can lift the restriction partially right now — you'll be able to log in and receive incoming transfers immediately. Outgoing transfers will be fully enabled once the address document clears review, typically within 24 hours. Your reference number is ADCB-KYC-20260828-1189.",golden,KYC_VERIFICATION,standard_kyc_pass,Gulf/UAE/ADCB,resolved,neutral -> satisfied,neutral_positive_throughout,kyc_verification,0.04,0.798,0.162,0.6597
GS_101,13,CUSTOMER,"That works. Can you confirm I'm able to log in now, while we're still on the call?",golden,KYC_VERIFICATION,standard_kyc_pass,Gulf/UAE/ADCB,resolved,neutral -> satisfied,neutral_positive_throughout,kyc_verification,0.0,1.0,0.0,0.0
GS_101,14,AGENT,Please go ahead and try.,golden,KYC_VERIFICATION,standard_kyc_pass,Gulf/UAE/ADCB,resolved,neutral -> satisfied,neutral_positive_throughout,kyc_verification,0.0,0.635,0.365,0.3182
GS_101,15,CUSTOMER,"One moment... yes, I'm in, I can see my dashboard now. Thank you.",golden,KYC_VERIFICATION,standard_kyc_pass,Gulf/UAE/ADCB,resolved,neutral -> satisfied,neutral_positive_throughout,kyc_verification,0.0,0.658,0.342,0.6369
GS_101,16,AGENT,That's great to hear. Is there anything else I can help you with today?,golden,KYC_VERIFICATION,standard_kyc_pass,Gulf/UAE/ADCB,resolved,neutral -> satisfied,neutral_positive_throughout,kyc_verification,0.0,0.618,0.382,0.7783
GS_101,17,CUSTOMER,"No, that's all, thanks.",golden,KYC_VERIFICATION,standard_kyc_pass,Gulf/UAE/ADCB,resolved,neutral -> satisfied,neutral_positive_throughout,kyc_verification,0.31,0.282,0.408,0.1779
GS_101,18,AGENT,"You're welcome, thank you for banking with ADCB, take care.",golden,KYC_VERIFICATION,standard_kyc_pass,Gulf/UAE/ADCB,resolved,neutral -> satisfied,neutral_positive_throughout,kyc_verification,0.0,0.446,0.554,0.8271
GS_102,0,AGENT,"Good afternoon, thank you for calling OPay, my name is Chinwe, how may I help you today?",golden,KYC_VERIFICATION,standard_kyc_pass,Nigeria/OPay,resolved,neutral -> satisfied,neutral_positive_throughout,kyc_verification,0.0,0.616,0.384,0.7964
GS_102,1,CUSTOMER,"Please o, Chinwe. My name is Folake. I got a notification asking me to complete some verification on my account, so I'm calling to sort that out.",golden,KYC_VERIFICATION,standard_kyc_pass,Nigeria/OPay,resolved,neutral -> satisfied,neutral_positive_throughout,kyc_verification,0.0,0.913,0.087,0.3182
GS_102,2,AGENT,"Thank you for calling in about that, Folake. I can see your account has been inactive for 9 months, so we need to refresh a few details before fully reactivating it. Before I proceed, can you confirm your registered phone number and date of birth?",golden,KYC_VERIFICATION,standard_kyc_pass,Nigeria/OPay,resolved,neutral -> satisfied,neutral_positive_throughout,kyc_verification,0.0,0.911,0.089,0.4215
GS_102,3,CUSTOMER,Yes. 0816609281. Date of birth is 17th March 1980.,golden,KYC_VERIFICATION,standard_kyc_pass,Nigeria/OPay,resolved,neutral -> satisfied,neutral_positive_throughout,kyc_verification,0.0,0.748,0.252,0.4019
GS_102,4,AGENT,"Thank you, that matches what we have on file. I'll also need to re-verify your BVN. Can you confirm that for me?",golden,KYC_VERIFICATION,standard_kyc_pass,Nigeria/OPay,resolved,neutral -> satisfied,neutral_positive_throughout,kyc_verification,0.0,0.894,0.106,0.3612
GS_102,5,CUSTOMER,33264263177.,golden,KYC_VERIFICATION,standard_kyc_pass,Nigeria/OPay,resolved,neutral -> satisfied,neutral_positive_throughout,kyc_verification,0.0,1.0,0.0,0.0
GS_102,6,AGENT,"Thank you, confirmed. I also need your NIN — can you provide that?",golden,KYC_VERIFICATION,standard_kyc_pass,Nigeria/OPay,resolved,neutral -> satisfied,neutral_positive_throughout,kyc_verification,0.0,0.8,0.2,0.3612
GS_102,7,CUSTOMER,90842 86132.,golden,KYC_VERIFICATION,standard_kyc_pass,Nigeria/OPay,resolved,neutral -> satisfied,neutral_positive_throughout,kyc_verification,0.0,1.0,0.0,0.0
GS_102,8,AGENT,"Thank you, confirmed as well. Now I need to verify your current residential address — can you confirm the address we have on file, or give me your current one if it's changed?",golden,KYC_VERIFICATION,standard_kyc_pass,Nigeria/OPay,resolved,neutral -> satisfied,neutral_positive_throughout,kyc_verification,0.0,0.863,0.137,0.5574
GS_102,9,CUSTOMER,The address on file is from my previous neighborhood. I moved to the other side of the city a few months ago — I'll need to update that.,golden,KYC_VERIFICATION,standard_kyc_pass,Nigeria/OPay,resolved,neutral -> satisfied,neutral_positive_throughout,kyc_verification,0.0,1.0,0.0,0.0
GS_102,10,AGENT,"No problem, I'll update that for you now. I'll need a recent utility bill dated within the last three months showing your name and the new address. Do you have something like that available?",golden,KYC_VERIFICATION,standard_kyc_pass,Nigeria/OPay,resolved,neutral -> satisfied,neutral_positive_throughout,kyc_verification,0.131,0.802,0.067,-0.34
GS_102,11,CUSTOMER,"I have one, let me upload it now on the app... okay, it's uploaded.",golden,KYC_VERIFICATION,standard_kyc_pass,Nigeria/OPay,resolved,neutral -> satisfied,neutral_positive_throughout,kyc_verification,0.0,0.863,0.137,0.2263
GS_102,12,AGENT,"Perfect, I can see it. Everything else checks out. I can lift the restriction partially right now — you'll be able to log in and receive incoming transfers immediately. Outgoing transfers will be fully enabled once the address document clears review, typically within 24 hours. Your reference number is OP-KYC-20260727-3825.",golden,KYC_VERIFICATION,standard_kyc_pass,Nigeria/OPay,resolved,neutral -> satisfied,neutral_positive_throughout,kyc_verification,0.04,0.798,0.162,0.6597
GS_102,13,CUSTOMER,"That works. Can you confirm I'm able to log in now, while we're still on the call?",golden,KYC_VERIFICATION,standard_kyc_pass,Nigeria/OPay,resolved,neutral -> satisfied,neutral_positive_throughout,kyc_verification,0.0,1.0,0.0,0.0
GS_102,14,AGENT,Please go ahead and try.,golden,KYC_VERIFICATION,standard_kyc_pass,Nigeria/OPay,resolved,neutral -> satisfied,neutral_positive_throughout,kyc_verification,0.0,0.635,0.365,0.3182
GS_102,15,CUSTOMER,"One moment... yes, I'm in, I can see my dashboard now. Thank you.",golden,KYC_VERIFICATION,standard_kyc_pass,Nigeria/OPay,resolved,neutral -> satisfied,neutral_positive_throughout,kyc_verification,0.0,0.658,0.342,0.6369
GS_102,16,AGENT,That's great to hear. Is there anything else I can help you with today?,golden,KYC_VERIFICATION,standard_kyc_pass,Nigeria/OPay,resolved,neutral -> satisfied,neutral_positive_throughout,kyc_verification,0.0,0.618,0.382,0.7783
GS_102,17,CUSTOMER,"No, that's all, thanks.",golden,KYC_VERIFICATION,standard_kyc_pass,Nigeria/OPay,resolved,neutral -> satisfied,neutral_positive_throughout,kyc_verification,0.31,0.282,0.408,0.1779
GS_102,18,AGENT,"You're welcome, thank you for banking with OPay, take care.",golden,KYC_VERIFICATION,standard_kyc_pass,Nigeria/OPay,resolved,neutral -> satisfied,neutral_positive_throughout,kyc_verification,0.0,0.446,0.554,0.8271
GS_103,0,AGENT,"Good afternoon, thank you for calling Kuda, my name is Blessing, how may I help you today?",golden,KYC_VERIFICATION,kyc_document_issue,Nigeria/Kuda,unresolved,polite -> mildly_frustrated,neutral_throughout,kyc_incomplete,0.0,0.515,0.485,0.8834
GS_103,1,CUSTOMER,"Abeg, Blessing. My name is Chidi. I uploaded my documents for verification but my account is still showing as restricted, so I wanted to check what's going on. This is a valid document, I don't understand what the problem is.",golden,KYC_VERIFICATION,kyc_document_issue,Nigeria/Kuda,unresolved,polite -> mildly_frustrated,neutral_throughout,kyc_incomplete,0.165,0.785,0.05,-0.705
GS_103,2,AGENT,"I'm sorry to hear you've had trouble with that, Chidi. Let me look into it. Can you please confirm your registered phone number and date of birth?",golden,KYC_VERIFICATION,kyc_document_issue,Nigeria/Kuda,unresolved,polite -> mildly_frustrated,neutral_throughout,kyc_incomplete,0.131,0.752,0.118,-0.1027
GS_103,3,CUSTOMER,Yes. 0808889557. Date of birth is 25th December 1993.,golden,KYC_VERIFICATION,kyc_document_issue,Nigeria/Kuda,unresolved,polite -> mildly_frustrated,neutral_throughout,kyc_incomplete,0.0,0.748,0.252,0.4019
GS_103,4,AGENT,"Thank you, Chidi. I have your account here. I can see that your document was flagged — the ID on file is from 8 years ago, and our system flags anything issued more than 5 years back for a compliance review — this isn't a government expiry issue, it's an internal rule.",golden,KYC_VERIFICATION,kyc_document_issue,Nigeria/Kuda,unresolved,polite -> mildly_frustrated,neutral_throughout,kyc_incomplete,0.0,0.945,0.055,0.3612
GS_103,5,CUSTOMER,"Nobody told me that when I uploaded it, the app just said 'processing'. That's a bit confusing — what am I supposed to do now?",golden,KYC_VERIFICATION,kyc_document_issue,Nigeria/Kuda,unresolved,polite -> mildly_frustrated,neutral_throughout,kyc_incomplete,0.087,0.913,0.0,-0.2263
GS_103,6,AGENT,"I completely understand the confusion, and I apologize that wasn't communicated more clearly on the app. What I'd recommend is submitting a more recent proof of identity, like a utility statement paired with your tax or national ID number.",golden,KYC_VERIFICATION,kyc_document_issue,Nigeria/Kuda,unresolved,polite -> mildly_frustrated,neutral_throughout,kyc_incomplete,0.119,0.696,0.185,0.1929
GS_103,7,CUSTOMER,"Okay, and how long will that take once I submit it?",golden,KYC_VERIFICATION,kyc_document_issue,Nigeria/Kuda,unresolved,polite -> mildly_frustrated,neutral_throughout,kyc_incomplete,0.0,0.826,0.174,0.2263
GS_103,8,AGENT,"Once it's submitted, review typically takes up to 24 hours. I can't complete the verification on this call, unfortunately.",golden,KYC_VERIFICATION,kyc_document_issue,Nigeria/Kuda,unresolved,polite -> mildly_frustrated,neutral_throughout,kyc_incomplete,0.124,0.876,0.0,-0.34
GS_103,9,CUSTOMER,So I still can't use my account after all this? I've already been waiting for two days.,golden,KYC_VERIFICATION,kyc_document_issue,Nigeria/Kuda,unresolved,polite -> mildly_frustrated,neutral_throughout,kyc_incomplete,0.0,1.0,0.0,0.0
GS_103,10,AGENT,"Not until the new document clears review, no — I'm sorry for the inconvenience. Your case reference number is KD-KYC-20260725-1358. Please quote that when you upload the new document so our team picks it up quickly.",golden,KYC_VERIFICATION,kyc_document_issue,Nigeria/Kuda,unresolved,polite -> mildly_frustrated,neutral_throughout,kyc_incomplete,0.15,0.727,0.123,-0.2732
GS_103,11,CUSTOMER,"Okay, KD-KYC-20260725-1358. I'll upload it today. I just hope this actually gets resolved because I have things I need to do on my account.",golden,KYC_VERIFICATION,kyc_document_issue,Nigeria/Kuda,unresolved,polite -> mildly_frustrated,neutral_throughout,kyc_incomplete,0.0,0.735,0.265,0.6705
GS_103,12,AGENT,"I understand, Chidi, and I hope so too. I'll leave detailed notes on your account so the review team has full context. Is there anything else I can help with today?",golden,KYC_VERIFICATION,kyc_document_issue,Nigeria/Kuda,unresolved,polite -> mildly_frustrated,neutral_throughout,kyc_incomplete,0.046,0.78,0.175,0.6293
GS_103,13,CUSTOMER,"No, that's all.",golden,KYC_VERIFICATION,kyc_document_issue,Nigeria/Kuda,unresolved,polite -> mildly_frustrated,neutral_throughout,kyc_incomplete,0.524,0.476,0.0,-0.296
GS_103,14,AGENT,"Thank you for banking with Kuda, take care.",golden,KYC_VERIFICATION,kyc_document_issue,Nigeria/Kuda,unresolved,polite -> mildly_frustrated,neutral_throughout,kyc_incomplete,0.0,0.513,0.487,0.6908
GS_104,0,AGENT,"Good afternoon, thank you for calling KCB, my name is Chinwe, how may I help you today?",golden,KYC_VERIFICATION,kyc_document_issue,Kenya/KCB,unresolved,polite -> mildly_frustrated,neutral_throughout,kyc_incomplete,0.0,0.616,0.384,0.7964
GS_104,1,CUSTOMER,"Sawa, Chinwe. My name is Owino. I uploaded my documents for verification but my account is still showing as restricted, so I wanted to check what's going on. This is a valid document, I don't understand what the problem is.",golden,KYC_VERIFICATION,kyc_document_issue,Kenya/KCB,unresolved,polite -> mildly_frustrated,neutral_throughout,kyc_incomplete,0.17,0.83,0.0,-0.7876
GS_104,2,AGENT,"I'm sorry to hear you've had trouble with that, Owino. Let me look into it. Can you please confirm your registered phone number and date of birth?",golden,KYC_VERIFICATION,kyc_document_issue,Kenya/KCB,unresolved,polite -> mildly_frustrated,neutral_throughout,kyc_incomplete,0.131,0.752,0.118,-0.1027
GS_104,3,CUSTOMER,Yes. 0728 666 816. Date of birth is 26th December 1986.,golden,KYC_VERIFICATION,kyc_document_issue,Kenya/KCB,unresolved,polite -> mildly_frustrated,neutral_throughout,kyc_incomplete,0.0,0.787,0.213,0.4019
GS_104,4,AGENT,"Thank you, Owino. I have your account here. I can see that your document was flagged — the document you uploaded came through blurry, and our system couldn't read the details clearly enough to verify it.",golden,KYC_VERIFICATION,kyc_document_issue,Kenya/KCB,unresolved,polite -> mildly_frustrated,neutral_throughout,kyc_incomplete,0.038,0.82,0.142,0.5859
GS_104,5,CUSTOMER,"Nobody told me that when I uploaded it, the app just said 'processing'. That's a bit confusing — what am I supposed to do now?",golden,KYC_VERIFICATION,kyc_document_issue,Kenya/KCB,unresolved,polite -> mildly_frustrated,neutral_throughout,kyc_incomplete,0.087,0.913,0.0,-0.2263
GS_104,6,AGENT,"I completely understand the confusion, and I apologize that wasn't communicated more clearly on the app. What I'd recommend is submitting a clearer photo, ideally taken in good lighting with all four corners of the document visible.",golden,KYC_VERIFICATION,kyc_document_issue,Kenya/KCB,unresolved,polite -> mildly_frustrated,neutral_throughout,kyc_incomplete,0.116,0.658,0.226,0.5664
GS_104,7,CUSTOMER,"Okay, and how long will that take once I submit it?",golden,KYC_VERIFICATION,kyc_document_issue,Kenya/KCB,unresolved,polite -> mildly_frustrated,neutral_throughout,kyc_incomplete,0.0,0.826,0.174,0.2263
GS_104,8,AGENT,"Once it's submitted, review typically takes up to 24 hours. I can't complete the verification on this call, unfortunately.",golden,KYC_VERIFICATION,kyc_document_issue,Kenya/KCB,unresolved,polite -> mildly_frustrated,neutral_throughout,kyc_incomplete,0.124,0.876,0.0,-0.34
GS_104,9,CUSTOMER,So I still can't use my account after all this? I've already been waiting for two days.,golden,KYC_VERIFICATION,kyc_document_issue,Kenya/KCB,unresolved,polite -> mildly_frustrated,neutral_throughout,kyc_incomplete,0.0,1.0,0.0,0.0
GS_104,10,AGENT,"Not until the new document clears review, no — I'm sorry for the inconvenience. Your case reference number is KCB-KYC-20260826-2443. Please quote that when you upload the new document so our team picks it up quickly.",golden,KYC_VERIFICATION,kyc_document_issue,Kenya/KCB,unresolved,polite -> mildly_frustrated,neutral_throughout,kyc_incomplete,0.15,0.727,0.123,-0.2732
GS_104,11,CUSTOMER,"Okay, KCB-KYC-20260826-2443. I'll upload it today. I just hope this actually gets resolved because I have things I need to do on my account.",golden,KYC_VERIFICATION,kyc_document_issue,Kenya/KCB,unresolved,polite -> mildly_frustrated,neutral_throughout,kyc_incomplete,0.0,0.735,0.265,0.6705
GS_104,12,AGENT,"I understand, Owino, and I hope so too. I'll leave detailed notes on your account so the review team has full context. Is there anything else I can help with today?",golden,KYC_VERIFICATION,kyc_document_issue,Kenya/KCB,unresolved,polite -> mildly_frustrated,neutral_throughout,kyc_incomplete,0.046,0.78,0.175,0.6293
GS_104,13,CUSTOMER,"No, that's all.",golden,KYC_VERIFICATION,kyc_document_issue,Kenya/KCB,unresolved,polite -> mildly_frustrated,neutral_throughout,kyc_incomplete,0.524,0.476,0.0,-0.296
GS_104,14,AGENT,"Thank you for banking with KCB, take care.",golden,KYC_VERIFICATION,kyc_document_issue,Kenya/KCB,unresolved,polite -> mildly_frustrated,neutral_throughout,kyc_incomplete,0.0,0.513,0.487,0.6908
GS_105,0,AGENT,"Good afternoon, thank you for calling ADCB, my name is Ifeanyi, how may I help you today?",golden,KYC_VERIFICATION,kyc_document_issue,Gulf/UAE/ADCB,unresolved,polite -> mildly_frustrated,neutral_throughout,kyc_incomplete,0.0,0.616,0.384,0.7964
GS_105,1,CUSTOMER,"Shukran, Ifeanyi. My name is Ahmed. I uploaded my documents for verification but my account is still showing as restricted, so I wanted to check what's going on. This is a valid document, I don't understand what the problem is.",golden,KYC_VERIFICATION,kyc_document_issue,Gulf/UAE/ADCB,unresolved,polite -> mildly_frustrated,neutral_throughout,kyc_incomplete,0.17,0.83,0.0,-0.7876
GS_105,2,AGENT,"I'm sorry to hear you've had trouble with that, Ahmed. Let me look into it. Can you please confirm your registered phone number and date of birth?",golden,KYC_VERIFICATION,kyc_document_issue,Gulf/UAE/ADCB,unresolved,polite -> mildly_frustrated,neutral_throughout,kyc_incomplete,0.131,0.752,0.118,-0.1027
GS_105,3,CUSTOMER,Yes. 057 816 2536. Date of birth is 25th April 1988.,golden,KYC_VERIFICATION,kyc_document_issue,Gulf/UAE/ADCB,unresolved,polite -> mildly_frustrated,neutral_throughout,kyc_incomplete,0.0,0.787,0.213,0.4019
GS_105,4,AGENT,"Thank you, Ahmed. I have your account here. I can see that your document was flagged — the name on the document you uploaded doesn't quite match the name on your account — even a small spelling difference can trigger this.",golden,KYC_VERIFICATION,kyc_document_issue,Gulf/UAE/ADCB,unresolved,polite -> mildly_frustrated,neutral_throughout,kyc_incomplete,0.0,0.933,0.067,0.3612
GS_105,5,CUSTOMER,"Nobody told me that when I uploaded it, the app just said 'processing'. That's a bit confusing — what am I supposed to do now?",golden,KYC_VERIFICATION,kyc_document_issue,Gulf/UAE/ADCB,unresolved,polite -> mildly_frustrated,neutral_throughout,kyc_incomplete,0.087,0.913,0.0,-0.2263
GS_105,6,AGENT,"I completely understand the confusion, and I apologize that wasn't communicated more clearly on the app. What I'd recommend is submitting a document that matches your account name exactly, or a supporting document explaining the name difference.",golden,KYC_VERIFICATION,kyc_document_issue,Gulf/UAE/ADCB,unresolved,polite -> mildly_frustrated,neutral_throughout,kyc_incomplete,0.124,0.705,0.171,0.2171
GS_105,7,CUSTOMER,"Okay, and how long will that take once I submit it?",golden,KYC_VERIFICATION,kyc_document_issue,Gulf/UAE/ADCB,unresolved,polite -> mildly_frustrated,neutral_throughout,kyc_incomplete,0.0,0.826,0.174,0.2263
GS_105,8,AGENT,"Once it's submitted, review typically takes up to 48 hours. I can't complete the verification on this call, unfortunately.",golden,KYC_VERIFICATION,kyc_document_issue,Gulf/UAE/ADCB,unresolved,polite -> mildly_frustrated,neutral_throughout,kyc_incomplete,0.124,0.876,0.0,-0.34
GS_105,9,CUSTOMER,So I still can't use my account after all this? I've already been waiting for two days.,golden,KYC_VERIFICATION,kyc_document_issue,Gulf/UAE/ADCB,unresolved,polite -> mildly_frustrated,neutral_throughout,kyc_incomplete,0.0,1.0,0.0,0.0
GS_105,10,AGENT,"Not until the new document clears review, no — I'm sorry for the inconvenience. Your case reference number is ADCB-KYC-20260602-4291. Please quote that when you upload the new document so our team picks it up quickly.",golden,KYC_VERIFICATION,kyc_document_issue,Gulf/UAE/ADCB,unresolved,polite -> mildly_frustrated,neutral_throughout,kyc_incomplete,0.15,0.727,0.123,-0.2732
GS_105,11,CUSTOMER,"Okay, ADCB-KYC-20260602-4291. I'll upload it today. I just hope this actually gets resolved because I have things I need to do on my account.",golden,KYC_VERIFICATION,kyc_document_issue,Gulf/UAE/ADCB,unresolved,polite -> mildly_frustrated,neutral_throughout,kyc_incomplete,0.0,0.735,0.265,0.6705
GS_105,12,AGENT,"I understand, Ahmed, and I hope so too. I'll leave detailed notes on your account so the review team has full context. Is there anything else I can help with today?",golden,KYC_VERIFICATION,kyc_document_issue,Gulf/UAE/ADCB,unresolved,polite -> mildly_frustrated,neutral_throughout,kyc_incomplete,0.046,0.78,0.175,0.6293
GS_105,13,CUSTOMER,"No, that's all.",golden,KYC_VERIFICATION,kyc_document_issue,Gulf/UAE/ADCB,unresolved,polite -> mildly_frustrated,neutral_throughout,kyc_incomplete,0.524,0.476,0.0,-0.296
GS_105,14,AGENT,"Thank you for banking with ADCB, take care.",golden,KYC_VERIFICATION,kyc_document_issue,Gulf/UAE/ADCB,unresolved,polite -> mildly_frustrated,neutral_throughout,kyc_incomplete,0.0,0.513,0.487,0.6908
GS_106,0,AGENT,"Good afternoon, thank you for calling OPay, my name is Femi, how may I help you today?",golden,KYC_VERIFICATION,kyc_document_issue,Nigeria/OPay,unresolved,polite -> mildly_frustrated,neutral_throughout,kyc_incomplete,0.0,0.616,0.384,0.7964
GS_106,1,CUSTOMER,"Abeg, Femi. My name is Chidi. I uploaded my documents for verification but my account is still showing as restricted, so I wanted to check what's going on. This is a valid document, I don't understand what the problem is.",golden,KYC_VERIFICATION,kyc_document_issue,Nigeria/OPay,unresolved,polite -> mildly_frustrated,neutral_throughout,kyc_incomplete,0.17,0.83,0.0,-0.7876
GS_106,2,AGENT,"I'm sorry to hear you've had trouble with that, Chidi. Let me look into it. Can you please confirm your registered phone number and date of birth?",golden,KYC_VERIFICATION,kyc_document_issue,Nigeria/OPay,unresolved,polite -> mildly_frustrated,neutral_throughout,kyc_incomplete,0.131,0.752,0.118,-0.1027
GS_106,3,CUSTOMER,Yes. 0815108668. Date of birth is 20th July 1989.,golden,KYC_VERIFICATION,kyc_document_issue,Nigeria/OPay,unresolved,polite -> mildly_frustrated,neutral_throughout,kyc_incomplete,0.0,0.748,0.252,0.4019
GS_106,4,AGENT,"Thank you, Chidi. I have your account here. I can see that your document was flagged — the ID on file is from 6 years ago, and our system flags anything issued more than 5 years back for a compliance review — this isn't a government expiry issue, it's an internal rule.",golden,KYC_VERIFICATION,kyc_document_issue,Nigeria/OPay,unresolved,polite -> mildly_frustrated,neutral_throughout,kyc_incomplete,0.0,0.945,0.055,0.3612
GS_106,5,CUSTOMER,"Nobody told me that when I uploaded it, the app just said 'processing'. That's a bit confusing — what am I supposed to do now?",golden,KYC_VERIFICATION,kyc_document_issue,Nigeria/OPay,unresolved,polite -> mildly_frustrated,neutral_throughout,kyc_incomplete,0.087,0.913,0.0,-0.2263
GS_106,6,AGENT,"I completely understand the confusion, and I apologize that wasn't communicated more clearly on the app. What I'd recommend is submitting a more recent proof of identity, like a utility statement paired with your tax or national ID number.",golden,KYC_VERIFICATION,kyc_document_issue,Nigeria/OPay,unresolved,polite -> mildly_frustrated,neutral_throughout,kyc_incomplete,0.119,0.696,0.185,0.1929
GS_106,7,CUSTOMER,"Okay, and how long will that take once I submit it?",golden,KYC_VERIFICATION,kyc_document_issue,Nigeria/OPay,unresolved,polite -> mildly_frustrated,neutral_throughout,kyc_incomplete,0.0,0.826,0.174,0.2263
GS_106,8,AGENT,"Once it's submitted, review typically takes up to 72 hours. I can't complete the verification on this call, unfortunately.",golden,KYC_VERIFICATION,kyc_document_issue,Nigeria/OPay,unresolved,polite -> mildly_frustrated,neutral_throughout,kyc_incomplete,0.124,0.876,0.0,-0.34
GS_106,9,CUSTOMER,So I still can't use my account after all this? I've already been waiting for two days.,golden,KYC_VERIFICATION,kyc_document_issue,Nigeria/OPay,unresolved,polite -> mildly_frustrated,neutral_throughout,kyc_incomplete,0.0,1.0,0.0,0.0
GS_106,10,AGENT,"Not until the new document clears review, no — I'm sorry for the inconvenience. Your case reference number is OP-KYC-20260719-2959. Please quote that when you upload the new document so our team picks it up quickly.",golden,KYC_VERIFICATION,kyc_document_issue,Nigeria/OPay,unresolved,polite -> mildly_frustrated,neutral_throughout,kyc_incomplete,0.15,0.727,0.123,-0.2732
GS_106,11,CUSTOMER,"Okay, OP-KYC-20260719-2959. I'll upload it today. I just hope this actually gets resolved because I have things I need to do on my account.",golden,KYC_VERIFICATION,kyc_document_issue,Nigeria/OPay,unresolved,polite -> mildly_frustrated,neutral_throughout,kyc_incomplete,0.0,0.735,0.265,0.6705
GS_106,12,AGENT,"I understand, Chidi, and I hope so too. I'll leave detailed notes on your account so the review team has full context. Is there anything else I can help with today?",golden,KYC_VERIFICATION,kyc_document_issue,Nigeria/OPay,unresolved,polite -> mildly_frustrated,neutral_throughout,kyc_incomplete,0.046,0.78,0.175,0.6293
GS_106,13,CUSTOMER,"No, that's all.",golden,KYC_VERIFICATION,kyc_document_issue,Nigeria/OPay,unresolved,polite -> mildly_frustrated,neutral_throughout,kyc_incomplete,0.524,0.476,0.0,-0.296
GS_106,14,AGENT,"Thank you for banking with OPay, take care.",golden,KYC_VERIFICATION,kyc_document_issue,Nigeria/OPay,unresolved,polite -> mildly_frustrated,neutral_throughout,kyc_incomplete,0.0,0.513,0.487,0.6908
GS_107,0,AGENT,"Good afternoon, thank you for calling KCB, my name is Michael, how may I help you today?",golden,KYC_VERIFICATION,kyc_document_issue,Kenya/KCB,unresolved,polite -> mildly_frustrated,neutral_throughout,kyc_incomplete,0.0,0.616,0.384,0.7964
GS_107,1,CUSTOMER,"Asante, Michael. My name is Otieno. I uploaded my documents for verification but my account is still showing as restricted, so I wanted to check what's going on. This is a valid document, I don't understand what the problem is.",golden,KYC_VERIFICATION,kyc_document_issue,Kenya/KCB,unresolved,polite -> mildly_frustrated,neutral_throughout,kyc_incomplete,0.17,0.83,0.0,-0.7876
GS_107,2,AGENT,"I'm sorry to hear you've had trouble with that, Otieno. Let me look into it. Can you please confirm your registered phone number and date of birth?",golden,KYC_VERIFICATION,kyc_document_issue,Kenya/KCB,unresolved,polite -> mildly_frustrated,neutral_throughout,kyc_incomplete,0.131,0.752,0.118,-0.1027
GS_107,3,CUSTOMER,Yes. 0733 300 488. Date of birth is 16th April 1978.,golden,KYC_VERIFICATION,kyc_document_issue,Kenya/KCB,unresolved,polite -> mildly_frustrated,neutral_throughout,kyc_incomplete,0.0,0.787,0.213,0.4019
GS_107,4,AGENT,"Thank you, Otieno. I have your account here. I can see that your document was flagged — the document you uploaded came through blurry, and our system couldn't read the details clearly enough to verify it.",golden,KYC_VERIFICATION,kyc_document_issue,Kenya/KCB,unresolved,polite -> mildly_frustrated,neutral_throughout,kyc_incomplete,0.038,0.82,0.142,0.5859
GS_107,5,CUSTOMER,"Nobody told me that when I uploaded it, the app just said 'processing'. That's a bit confusing — what am I supposed to do now?",golden,KYC_VERIFICATION,kyc_document_issue,Kenya/KCB,unresolved,polite -> mildly_frustrated,neutral_throughout,kyc_incomplete,0.087,0.913,0.0,-0.2263
GS_107,6,AGENT,"I completely understand the confusion, and I apologize that wasn't communicated more clearly on the app. What I'd recommend is submitting a clearer photo, ideally taken in good lighting with all four corners of the document visible.",golden,KYC_VERIFICATION,kyc_document_issue,Kenya/KCB,unresolved,polite -> mildly_frustrated,neutral_throughout,kyc_incomplete,0.116,0.658,0.226,0.5664
GS_107,7,CUSTOMER,"Okay, and how long will that take once I submit it?",golden,KYC_VERIFICATION,kyc_document_issue,Kenya/KCB,unresolved,polite -> mildly_frustrated,neutral_throughout,kyc_incomplete,0.0,0.826,0.174,0.2263
GS_107,8,AGENT,"Once it's submitted, review typically takes up to 48 hours. I can't complete the verification on this call, unfortunately.",golden,KYC_VERIFICATION,kyc_document_issue,Kenya/KCB,unresolved,polite -> mildly_frustrated,neutral_throughout,kyc_incomplete,0.124,0.876,0.0,-0.34
GS_107,9,CUSTOMER,This app error message really should have told me this from the start.,golden,KYC_VERIFICATION,kyc_document_issue,Kenya/KCB,unresolved,polite -> mildly_frustrated,neutral_throughout,kyc_incomplete,0.184,0.816,0.0,-0.4019
GS_107,10,AGENT,"That's fair feedback, and I'll pass it along to our product team.",golden,KYC_VERIFICATION,kyc_document_issue,Kenya/KCB,unresolved,polite -> mildly_frustrated,neutral_throughout,kyc_incomplete,0.0,0.827,0.173,0.3182
GS_107,11,CUSTOMER,So I still can't use my account after all this? I've already been waiting for two days.,golden,KYC_VERIFICATION,kyc_document_issue,Kenya/KCB,unresolved,polite -> mildly_frustrated,neutral_throughout,kyc_incomplete,0.0,1.0,0.0,0.0
GS_107,12,AGENT,"Not until the new document clears review, no — I'm sorry for the inconvenience. Your case reference number is KCB-KYC-20260807-9554. Please quote that when you upload the new document so our team picks it up quickly.",golden,KYC_VERIFICATION,kyc_document_issue,Kenya/KCB,unresolved,polite -> mildly_frustrated,neutral_throughout,kyc_incomplete,0.15,0.727,0.123,-0.2732
GS_107,13,CUSTOMER,"Okay, KCB-KYC-20260807-9554. I'll upload it today. I just hope this actually gets resolved because I have things I need to do on my account.",golden,KYC_VERIFICATION,kyc_document_issue,Kenya/KCB,unresolved,polite -> mildly_frustrated,neutral_throughout,kyc_incomplete,0.0,0.735,0.265,0.6705
GS_107,14,AGENT,"I understand, Otieno, and I hope so too. I'll leave detailed notes on your account so the review team has full context. Is there anything else I can help with today?",golden,KYC_VERIFICATION,kyc_document_issue,Kenya/KCB,unresolved,polite -> mildly_frustrated,neutral_throughout,kyc_incomplete,0.046,0.78,0.175,0.6293
GS_107,15,CUSTOMER,"No, that's all.",golden,KYC_VERIFICATION,kyc_document_issue,Kenya/KCB,unresolved,polite -> mildly_frustrated,neutral_throughout,kyc_incomplete,0.524,0.476,0.0,-0.296
GS_107,16,AGENT,"Thank you for banking with KCB, take care.",golden,KYC_VERIFICATION,kyc_document_issue,Kenya/KCB,unresolved,polite -> mildly_frustrated,neutral_throughout,kyc_incomplete,0.0,0.513,0.487,0.6908
GS_108,0,AGENT,"Good afternoon, thank you for calling Mashreq Neo, my name is Ifeanyi, how may I help you today?",golden,KYC_VERIFICATION,kyc_document_issue,Gulf/UAE/Mashreq Neo,unresolved,polite -> mildly_frustrated,neutral_throughout,kyc_incomplete,0.0,0.633,0.367,0.7964
GS_108,1,CUSTOMER,"Shukran, Ifeanyi. My name is Fatima. I uploaded my documents for verification but my account is still showing as restricted, so I wanted to check what's going on. This is a valid document, I don't understand what the problem is.",golden,KYC_VERIFICATION,kyc_document_issue,Gulf/UAE/Mashreq Neo,unresolved,polite -> mildly_frustrated,neutral_throughout,kyc_incomplete,0.17,0.83,0.0,-0.7876
GS_108,2,AGENT,"I'm sorry to hear you've had trouble with that, Fatima. Let me look into it. Can you please confirm your registered phone number and date of birth?",golden,KYC_VERIFICATION,kyc_document_issue,Gulf/UAE/Mashreq Neo,unresolved,polite -> mildly_frustrated,neutral_throughout,kyc_incomplete,0.131,0.752,0.118,-0.1027
GS_108,3,CUSTOMER,Yes. 056 640 7376. Date of birth is 10th March 2001.,golden,KYC_VERIFICATION,kyc_document_issue,Gulf/UAE/Mashreq Neo,unresolved,polite -> mildly_frustrated,neutral_throughout,kyc_incomplete,0.0,0.787,0.213,0.4019
GS_108,4,AGENT,"Thank you, Fatima. I have your account here. I can see that your document was flagged — the name on the document you uploaded doesn't quite match the name on your account — even a small spelling difference can trigger this.",golden,KYC_VERIFICATION,kyc_document_issue,Gulf/UAE/Mashreq Neo,unresolved,polite -> mildly_frustrated,neutral_throughout,kyc_incomplete,0.0,0.933,0.067,0.3612
GS_108,5,CUSTOMER,"Nobody told me that when I uploaded it, the app just said 'processing'. That's a bit confusing — what am I supposed to do now?",golden,KYC_VERIFICATION,kyc_document_issue,Gulf/UAE/Mashreq Neo,unresolved,polite -> mildly_frustrated,neutral_throughout,kyc_incomplete,0.087,0.913,0.0,-0.2263
GS_108,6,AGENT,"I completely understand the confusion, and I apologize that wasn't communicated more clearly on the app. What I'd recommend is submitting a document that matches your account name exactly, or a supporting document explaining the name difference.",golden,KYC_VERIFICATION,kyc_document_issue,Gulf/UAE/Mashreq Neo,unresolved,polite -> mildly_frustrated,neutral_throughout,kyc_incomplete,0.124,0.705,0.171,0.2171
GS_108,7,CUSTOMER,"Okay, and how long will that take once I submit it?",golden,KYC_VERIFICATION,kyc_document_issue,Gulf/UAE/Mashreq Neo,unresolved,polite -> mildly_frustrated,neutral_throughout,kyc_incomplete,0.0,0.826,0.174,0.2263
GS_108,8,AGENT,"Once it's submitted, review typically takes up to 48 hours. I can't complete the verification on this call, unfortunately.",golden,KYC_VERIFICATION,kyc_document_issue,Gulf/UAE/Mashreq Neo,unresolved,polite -> mildly_frustrated,neutral_throughout,kyc_incomplete,0.124,0.876,0.0,-0.34
GS_108,9,CUSTOMER,So I still can't use my account after all this? I've already been waiting for two days.,golden,KYC_VERIFICATION,kyc_document_issue,Gulf/UAE/Mashreq Neo,unresolved,polite -> mildly_frustrated,neutral_throughout,kyc_incomplete,0.0,1.0,0.0,0.0
GS_108,10,AGENT,"Not until the new document clears review, no — I'm sorry for the inconvenience. Your case reference number is MQ-KYC-20260606-7928. Please quote that when you upload the new document so our team picks it up quickly.",golden,KYC_VERIFICATION,kyc_document_issue,Gulf/UAE/Mashreq Neo,unresolved,polite -> mildly_frustrated,neutral_throughout,kyc_incomplete,0.15,0.727,0.123,-0.2732
GS_108,11,CUSTOMER,"Okay, MQ-KYC-20260606-7928. I'll upload it today. I just hope this actually gets resolved because I have things I need to do on my account.",golden,KYC_VERIFICATION,kyc_document_issue,Gulf/UAE/Mashreq Neo,unresolved,polite -> mildly_frustrated,neutral_throughout,kyc_incomplete,0.0,0.735,0.265,0.6705
GS_108,12,AGENT,"I understand, Fatima, and I hope so too. I'll leave detailed notes on your account so the review team has full context. Is there anything else I can help with today?",golden,KYC_VERIFICATION,kyc_document_issue,Gulf/UAE/Mashreq Neo,unresolved,polite -> mildly_frustrated,neutral_throughout,kyc_incomplete,0.046,0.78,0.175,0.6293
GS_108,13,CUSTOMER,"No, that's all.",golden,KYC_VERIFICATION,kyc_document_issue,Gulf/UAE/Mashreq Neo,unresolved,polite -> mildly_frustrated,neutral_throughout,kyc_incomplete,0.524,0.476,0.0,-0.296
GS_108,14,AGENT,"Thank you for banking with Mashreq Neo, take care.",golden,KYC_VERIFICATION,kyc_document_issue,Gulf/UAE/Mashreq Neo,unresolved,polite -> mildly_frustrated,neutral_throughout,kyc_incomplete,0.0,0.551,0.449,0.6908
GS_109,0,AGENT,"Good afternoon, thank you for calling Moniepoint, my name is David, how may I help you today?",golden,KYC_VERIFICATION,kyc_document_issue,Nigeria/Moniepoint,unresolved,polite -> mildly_frustrated,neutral_throughout,kyc_incomplete,0.0,0.616,0.384,0.7964
GS_109,1,CUSTOMER,"Abeg, David. My name is Tunde. I uploaded my documents for verification but my account is still showing as restricted, so I wanted to check what's going on. This is a valid document, I don't understand what the problem is.",golden,KYC_VERIFICATION,kyc_document_issue,Nigeria/Moniepoint,unresolved,polite -> mildly_frustrated,neutral_throughout,kyc_incomplete,0.17,0.83,0.0,-0.7876
GS_109,2,AGENT,"I'm sorry to hear you've had trouble with that, Tunde. Let me look into it. Can you please confirm your registered phone number and date of birth?",golden,KYC_VERIFICATION,kyc_document_issue,Nigeria/Moniepoint,unresolved,polite -> mildly_frustrated,neutral_throughout,kyc_incomplete,0.131,0.752,0.118,-0.1027
GS_109,3,CUSTOMER,Yes. 0918484524. Date of birth is 15th July 1974.,golden,KYC_VERIFICATION,kyc_document_issue,Nigeria/Moniepoint,unresolved,polite -> mildly_frustrated,neutral_throughout,kyc_incomplete,0.0,0.748,0.252,0.4019
GS_109,4,AGENT,"Thank you, Tunde. I have your account here. I can see that your document was flagged — the ID on file is from 8 years ago, and our system flags anything issued more than 5 years back for a compliance review — this isn't a government expiry issue, it's an internal rule.",golden,KYC_VERIFICATION,kyc_document_issue,Nigeria/Moniepoint,unresolved,polite -> mildly_frustrated,neutral_throughout,kyc_incomplete,0.0,0.945,0.055,0.3612
GS_109,5,CUSTOMER,"Nobody told me that when I uploaded it, the app just said 'processing'. That's a bit confusing — what am I supposed to do now?",golden,KYC_VERIFICATION,kyc_document_issue,Nigeria/Moniepoint,unresolved,polite -> mildly_frustrated,neutral_throughout,kyc_incomplete,0.087,0.913,0.0,-0.2263
GS_109,6,AGENT,"I completely understand the confusion, and I apologize that wasn't communicated more clearly on the app. What I'd recommend is submitting a more recent proof of identity, like a utility statement paired with your tax or national ID number.",golden,KYC_VERIFICATION,kyc_document_issue,Nigeria/Moniepoint,unresolved,polite -> mildly_frustrated,neutral_throughout,kyc_incomplete,0.119,0.696,0.185,0.1929
GS_109,7,CUSTOMER,"Okay, and how long will that take once I submit it?",golden,KYC_VERIFICATION,kyc_document_issue,Nigeria/Moniepoint,unresolved,polite -> mildly_frustrated,neutral_throughout,kyc_incomplete,0.0,0.826,0.174,0.2263
GS_109,8,AGENT,"Once it's submitted, review typically takes up to 24 hours. I can't complete the verification on this call, unfortunately.",golden,KYC_VERIFICATION,kyc_document_issue,Nigeria/Moniepoint,unresolved,polite -> mildly_frustrated,neutral_throughout,kyc_incomplete,0.124,0.876,0.0,-0.34
GS_109,9,CUSTOMER,So I still can't use my account after all this? I've already been waiting for two days.,golden,KYC_VERIFICATION,kyc_document_issue,Nigeria/Moniepoint,unresolved,polite -> mildly_frustrated,neutral_throughout,kyc_incomplete,0.0,1.0,0.0,0.0
GS_109,10,AGENT,"Not until the new document clears review, no — I'm sorry for the inconvenience. Your case reference number is MP-KYC-20260814-8715. Please quote that when you upload the new document so our team picks it up quickly.",golden,KYC_VERIFICATION,kyc_document_issue,Nigeria/Moniepoint,unresolved,polite -> mildly_frustrated,neutral_throughout,kyc_incomplete,0.15,0.727,0.123,-0.2732
GS_109,11,CUSTOMER,"Okay, MP-KYC-20260814-8715. I'll upload it today. I just hope this actually gets resolved because I have things I need to do on my account.",golden,KYC_VERIFICATION,kyc_document_issue,Nigeria/Moniepoint,unresolved,polite -> mildly_frustrated,neutral_throughout,kyc_incomplete,0.0,0.735,0.265,0.6705
GS_109,12,AGENT,"I understand, Tunde, and I hope so too. I'll leave detailed notes on your account so the review team has full context. Is there anything else I can help with today?",golden,KYC_VERIFICATION,kyc_document_issue,Nigeria/Moniepoint,unresolved,polite -> mildly_frustrated,neutral_throughout,kyc_incomplete,0.046,0.78,0.175,0.6293
GS_109,13,CUSTOMER,"No, that's all.",golden,KYC_VERIFICATION,kyc_document_issue,Nigeria/Moniepoint,unresolved,polite -> mildly_frustrated,neutral_throughout,kyc_incomplete,0.524,0.476,0.0,-0.296
GS_109,14,AGENT,"Thank you for banking with Moniepoint, take care.",golden,KYC_VERIFICATION,kyc_document_issue,Nigeria/Moniepoint,unresolved,polite -> mildly_frustrated,neutral_throughout,kyc_incomplete,0.0,0.513,0.487,0.6908
GS_110,0,AGENT,"Good afternoon, thank you for calling NCBA, my name is Femi, how may I help you today?",golden,KYC_VERIFICATION,kyc_document_issue,Kenya/NCBA,unresolved,polite -> mildly_frustrated,neutral_throughout,kyc_incomplete,0.0,0.616,0.384,0.7964
GS_110,1,CUSTOMER,"Asante, Femi. My name is Otieno. I uploaded my documents for verification but my account is still showing as restricted, so I wanted to check what's going on. This is a valid document, I don't understand what the problem is.",golden,KYC_VERIFICATION,kyc_document_issue,Kenya/NCBA,unresolved,polite -> mildly_frustrated,neutral_throughout,kyc_incomplete,0.17,0.83,0.0,-0.7876
GS_110,2,AGENT,"I'm sorry to hear you've had trouble with that, Otieno. Let me look into it. Can you please confirm your registered phone number and date of birth?",golden,KYC_VERIFICATION,kyc_document_issue,Kenya/NCBA,unresolved,polite -> mildly_frustrated,neutral_throughout,kyc_incomplete,0.131,0.752,0.118,-0.1027
GS_110,3,CUSTOMER,Yes. 0725 839 902. Date of birth is 6th January 1971.,golden,KYC_VERIFICATION,kyc_document_issue,Kenya/NCBA,unresolved,polite -> mildly_frustrated,neutral_throughout,kyc_incomplete,0.0,0.787,0.213,0.4019
GS_110,4,AGENT,"Thank you, Otieno. I have your account here. I can see that your document was flagged — the document you uploaded came through blurry, and our system couldn't read the details clearly enough to verify it.",golden,KYC_VERIFICATION,kyc_document_issue,Kenya/NCBA,unresolved,polite -> mildly_frustrated,neutral_throughout,kyc_incomplete,0.038,0.82,0.142,0.5859
GS_110,5,CUSTOMER,"Nobody told me that when I uploaded it, the app just said 'processing'. That's a bit confusing — what am I supposed to do now?",golden,KYC_VERIFICATION,kyc_document_issue,Kenya/NCBA,unresolved,polite -> mildly_frustrated,neutral_throughout,kyc_incomplete,0.087,0.913,0.0,-0.2263
GS_110,6,AGENT,"I completely understand the confusion, and I apologize that wasn't communicated more clearly on the app. What I'd recommend is submitting a clearer photo, ideally taken in good lighting with all four corners of the document visible.",golden,KYC_VERIFICATION,kyc_document_issue,Kenya/NCBA,unresolved,polite -> mildly_frustrated,neutral_throughout,kyc_incomplete,0.116,0.658,0.226,0.5664
GS_110,7,CUSTOMER,"Okay, and how long will that take once I submit it?",golden,KYC_VERIFICATION,kyc_document_issue,Kenya/NCBA,unresolved,polite -> mildly_frustrated,neutral_throughout,kyc_incomplete,0.0,0.826,0.174,0.2263
GS_110,8,AGENT,"Once it's submitted, review typically takes up to 48 hours. I can't complete the verification on this call, unfortunately.",golden,KYC_VERIFICATION,kyc_document_issue,Kenya/NCBA,unresolved,polite -> mildly_frustrated,neutral_throughout,kyc_incomplete,0.124,0.876,0.0,-0.34
GS_110,9,CUSTOMER,So I still can't use my account after all this? I've already been waiting for two days.,golden,KYC_VERIFICATION,kyc_document_issue,Kenya/NCBA,unresolved,polite -> mildly_frustrated,neutral_throughout,kyc_incomplete,0.0,1.0,0.0,0.0
GS_110,10,AGENT,"Not until the new document clears review, no — I'm sorry for the inconvenience. Your case reference number is NCBA-KYC-20260804-5114. Please quote that when you upload the new document so our team picks it up quickly.",golden,KYC_VERIFICATION,kyc_document_issue,Kenya/NCBA,unresolved,polite -> mildly_frustrated,neutral_throughout,kyc_incomplete,0.15,0.727,0.123,-0.2732
GS_110,11,CUSTOMER,"Okay, NCBA-KYC-20260804-5114. I'll upload it today. I just hope this actually gets resolved because I have things I need to do on my account.",golden,KYC_VERIFICATION,kyc_document_issue,Kenya/NCBA,unresolved,polite -> mildly_frustrated,neutral_throughout,kyc_incomplete,0.0,0.735,0.265,0.6705
GS_110,12,AGENT,"I understand, Otieno, and I hope so too. I'll leave detailed notes on your account so the review team has full context. Is there anything else I can help with today?",golden,KYC_VERIFICATION,kyc_document_issue,Kenya/NCBA,unresolved,polite -> mildly_frustrated,neutral_throughout,kyc_incomplete,0.046,0.78,0.175,0.6293
GS_110,13,CUSTOMER,"No, that's all.",golden,KYC_VERIFICATION,kyc_document_issue,Kenya/NCBA,unresolved,polite -> mildly_frustrated,neutral_throughout,kyc_incomplete,0.524,0.476,0.0,-0.296
GS_110,14,AGENT,"Thank you for banking with NCBA, take care.",golden,KYC_VERIFICATION,kyc_document_issue,Kenya/NCBA,unresolved,polite -> mildly_frustrated,neutral_throughout,kyc_incomplete,0.0,0.513,0.487,0.6908
GS_111,0,AGENT,"Good afternoon, thank you for calling ADCB, my name is Blessing, how may I help you today?",golden,KYC_VERIFICATION,kyc_document_issue,Gulf/UAE/ADCB,unresolved,polite -> mildly_frustrated,neutral_throughout,kyc_incomplete,0.0,0.515,0.485,0.8834
GS_111,1,CUSTOMER,"Shukran, Blessing. My name is Khalid. I uploaded my documents for verification but my account is still showing as restricted, so I wanted to check what's going on. This is a valid document, I don't understand what the problem is.",golden,KYC_VERIFICATION,kyc_document_issue,Gulf/UAE/ADCB,unresolved,polite -> mildly_frustrated,neutral_throughout,kyc_incomplete,0.165,0.785,0.05,-0.705
GS_111,2,AGENT,"I'm sorry to hear you've had trouble with that, Khalid. Let me look into it. Can you please confirm your registered phone number and date of birth?",golden,KYC_VERIFICATION,kyc_document_issue,Gulf/UAE/ADCB,unresolved,polite -> mildly_frustrated,neutral_throughout,kyc_incomplete,0.131,0.752,0.118,-0.1027
GS_111,3,CUSTOMER,Yes. 058 360 7726. Date of birth is 14th October 2001.,golden,KYC_VERIFICATION,kyc_document_issue,Gulf/UAE/ADCB,unresolved,polite -> mildly_frustrated,neutral_throughout,kyc_incomplete,0.0,0.787,0.213,0.4019
GS_111,4,AGENT,"Thank you, Khalid. I have your account here. I can see that your document was flagged — the name on the document you uploaded doesn't quite match the name on your account — even a small spelling difference can trigger this.",golden,KYC_VERIFICATION,kyc_document_issue,Gulf/UAE/ADCB,unresolved,polite -> mildly_frustrated,neutral_throughout,kyc_incomplete,0.0,0.933,0.067,0.3612
GS_111,5,CUSTOMER,"Nobody told me that when I uploaded it, the app just said 'processing'. That's a bit confusing — what am I supposed to do now?",golden,KYC_VERIFICATION,kyc_document_issue,Gulf/UAE/ADCB,unresolved,polite -> mildly_frustrated,neutral_throughout,kyc_incomplete,0.087,0.913,0.0,-0.2263
GS_111,6,AGENT,"I completely understand the confusion, and I apologize that wasn't communicated more clearly on the app. What I'd recommend is submitting a document that matches your account name exactly, or a supporting document explaining the name difference.",golden,KYC_VERIFICATION,kyc_document_issue,Gulf/UAE/ADCB,unresolved,polite -> mildly_frustrated,neutral_throughout,kyc_incomplete,0.124,0.705,0.171,0.2171
GS_111,7,CUSTOMER,"Okay, and how long will that take once I submit it?",golden,KYC_VERIFICATION,kyc_document_issue,Gulf/UAE/ADCB,unresolved,polite -> mildly_frustrated,neutral_throughout,kyc_incomplete,0.0,0.826,0.174,0.2263
GS_111,8,AGENT,"Once it's submitted, review typically takes up to 48 hours. I can't complete the verification on this call, unfortunately.",golden,KYC_VERIFICATION,kyc_document_issue,Gulf/UAE/ADCB,unresolved,polite -> mildly_frustrated,neutral_throughout,kyc_incomplete,0.124,0.876,0.0,-0.34
GS_111,9,CUSTOMER,So I still can't use my account after all this? I've already been waiting for two days.,golden,KYC_VERIFICATION,kyc_document_issue,Gulf/UAE/ADCB,unresolved,polite -> mildly_frustrated,neutral_throughout,kyc_incomplete,0.0,1.0,0.0,0.0
GS_111,10,AGENT,"Not until the new document clears review, no — I'm sorry for the inconvenience. Your case reference number is ADCB-KYC-20260720-8777. Please quote that when you upload the new document so our team picks it up quickly.",golden,KYC_VERIFICATION,kyc_document_issue,Gulf/UAE/ADCB,unresolved,polite -> mildly_frustrated,neutral_throughout,kyc_incomplete,0.15,0.727,0.123,-0.2732
GS_111,11,CUSTOMER,"Okay, ADCB-KYC-20260720-8777. I'll upload it today. I just hope this actually gets resolved because I have things I need to do on my account.",golden,KYC_VERIFICATION,kyc_document_issue,Gulf/UAE/ADCB,unresolved,polite -> mildly_frustrated,neutral_throughout,kyc_incomplete,0.0,0.735,0.265,0.6705
GS_111,12,AGENT,"I understand, Khalid, and I hope so too. I'll leave detailed notes on your account so the review team has full context. Is there anything else I can help with today?",golden,KYC_VERIFICATION,kyc_document_issue,Gulf/UAE/ADCB,unresolved,polite -> mildly_frustrated,neutral_throughout,kyc_incomplete,0.046,0.78,0.175,0.6293
GS_111,13,CUSTOMER,"No, that's all.",golden,KYC_VERIFICATION,kyc_document_issue,Gulf/UAE/ADCB,unresolved,polite -> mildly_frustrated,neutral_throughout,kyc_incomplete,0.524,0.476,0.0,-0.296
GS_111,14,AGENT,"Thank you for banking with ADCB, take care.",golden,KYC_VERIFICATION,kyc_document_issue,Gulf/UAE/ADCB,unresolved,polite -> mildly_frustrated,neutral_throughout,kyc_incomplete,0.0,0.513,0.487,0.6908
GS_112,0,AGENT,"Good afternoon, thank you for calling Moniepoint, my name is Chinwe, how may I help you today?",golden,KYC_VERIFICATION,kyc_document_issue,Nigeria/Moniepoint,unresolved,polite -> mildly_frustrated,neutral_throughout,kyc_incomplete,0.0,0.616,0.384,0.7964
GS_112,1,CUSTOMER,"Please o, Chinwe. My name is Ngozi. I uploaded my documents for verification but my account is still showing as restricted, so I wanted to check what's going on. This is a valid document, I don't understand what the problem is.",golden,KYC_VERIFICATION,kyc_document_issue,Nigeria/Moniepoint,unresolved,polite -> mildly_frustrated,neutral_throughout,kyc_incomplete,0.163,0.798,0.039,-0.743
GS_112,2,AGENT,"I'm sorry to hear you've had trouble with that, Ngozi. Let me look into it. Can you please confirm your registered phone number and date of birth?",golden,KYC_VERIFICATION,kyc_document_issue,Nigeria/Moniepoint,unresolved,polite -> mildly_frustrated,neutral_throughout,kyc_incomplete,0.131,0.752,0.118,-0.1027
GS_112,3,CUSTOMER,Yes. 0906425588. Date of birth is 12th November 1980.,golden,KYC_VERIFICATION,kyc_document_issue,Nigeria/Moniepoint,unresolved,polite -> mildly_frustrated,neutral_throughout,kyc_incomplete,0.0,0.748,0.252,0.4019
GS_112,4,AGENT,"Thank you, Ngozi. I have your account here. I can see that your document was flagged — the ID on file is from 8 years ago, and our system flags anything issued more than 5 years back for a compliance review — this isn't a government expiry issue, it's an internal rule.",golden,KYC_VERIFICATION,kyc_document_issue,Nigeria/Moniepoint,unresolved,polite -> mildly_frustrated,neutral_throughout,kyc_incomplete,0.0,0.945,0.055,0.3612
GS_112,5,CUSTOMER,"Nobody told me that when I uploaded it, the app just said 'processing'. That's a bit confusing — what am I supposed to do now?",golden,KYC_VERIFICATION,kyc_document_issue,Nigeria/Moniepoint,unresolved,polite -> mildly_frustrated,neutral_throughout,kyc_incomplete,0.087,0.913,0.0,-0.2263
GS_112,6,AGENT,"I completely understand the confusion, and I apologize that wasn't communicated more clearly on the app. What I'd recommend is submitting a more recent proof of identity, like a utility statement paired with your tax or national ID number.",golden,KYC_VERIFICATION,kyc_document_issue,Nigeria/Moniepoint,unresolved,polite -> mildly_frustrated,neutral_throughout,kyc_incomplete,0.119,0.696,0.185,0.1929
GS_112,7,CUSTOMER,"Okay, and how long will that take once I submit it?",golden,KYC_VERIFICATION,kyc_document_issue,Nigeria/Moniepoint,unresolved,polite -> mildly_frustrated,neutral_throughout,kyc_incomplete,0.0,0.826,0.174,0.2263
GS_112,8,AGENT,"Once it's submitted, review typically takes up to 48 hours. I can't complete the verification on this call, unfortunately.",golden,KYC_VERIFICATION,kyc_document_issue,Nigeria/Moniepoint,unresolved,polite -> mildly_frustrated,neutral_throughout,kyc_incomplete,0.124,0.876,0.0,-0.34
GS_112,9,CUSTOMER,So I still can't use my account after all this? I've already been waiting for two days.,golden,KYC_VERIFICATION,kyc_document_issue,Nigeria/Moniepoint,unresolved,polite -> mildly_frustrated,neutral_throughout,kyc_incomplete,0.0,1.0,0.0,0.0
GS_112,10,AGENT,"Not until the new document clears review, no — I'm sorry for the inconvenience. Your case reference number is MP-KYC-20260813-5354. Please quote that when you upload the new document so our team picks it up quickly.",golden,KYC_VERIFICATION,kyc_document_issue,Nigeria/Moniepoint,unresolved,polite -> mildly_frustrated,neutral_throughout,kyc_incomplete,0.15,0.727,0.123,-0.2732
GS_112,11,CUSTOMER,"Okay, MP-KYC-20260813-5354. I'll upload it today. I just hope this actually gets resolved because I have things I need to do on my account.",golden,KYC_VERIFICATION,kyc_document_issue,Nigeria/Moniepoint,unresolved,polite -> mildly_frustrated,neutral_throughout,kyc_incomplete,0.0,0.735,0.265,0.6705
GS_112,12,AGENT,"I understand, Ngozi, and I hope so too. I'll leave detailed notes on your account so the review team has full context. Is there anything else I can help with today?",golden,KYC_VERIFICATION,kyc_document_issue,Nigeria/Moniepoint,unresolved,polite -> mildly_frustrated,neutral_throughout,kyc_incomplete,0.046,0.78,0.175,0.6293
GS_112,13,CUSTOMER,"No, that's all.",golden,KYC_VERIFICATION,kyc_document_issue,Nigeria/Moniepoint,unresolved,polite -> mildly_frustrated,neutral_throughout,kyc_incomplete,0.524,0.476,0.0,-0.296
GS_112,14,AGENT,"Thank you for banking with Moniepoint, take care.",golden,KYC_VERIFICATION,kyc_document_issue,Nigeria/Moniepoint,unresolved,polite -> mildly_frustrated,neutral_throughout,kyc_incomplete,0.0,0.513,0.487,0.6908
GS_113,0,AGENT,"Good afternoon, thank you for calling NCBA, my name is Grace, how may I help you today?",golden,KYC_VERIFICATION,kyc_document_issue,Kenya/NCBA,unresolved,polite -> mildly_frustrated,neutral_throughout,kyc_incomplete,0.0,0.524,0.476,0.872
GS_113,1,CUSTOMER,"Asante, Grace. My name is Owino. I uploaded my documents for verification but my account is still showing as restricted, so I wanted to check what's going on. This is a valid document, I don't understand what the problem is.",golden,KYC_VERIFICATION,kyc_document_issue,Kenya/NCBA,unresolved,polite -> mildly_frustrated,neutral_throughout,kyc_incomplete,0.166,0.789,0.045,-0.7227
GS_113,2,AGENT,"I'm sorry to hear you've had trouble with that, Owino. Let me look into it. Can you please confirm your registered phone number and date of birth?",golden,KYC_VERIFICATION,kyc_document_issue,Kenya/NCBA,unresolved,polite -> mildly_frustrated,neutral_throughout,kyc_incomplete,0.131,0.752,0.118,-0.1027
GS_113,3,CUSTOMER,Yes. 0710 738 560. Date of birth is 2nd March 1971.,golden,KYC_VERIFICATION,kyc_document_issue,Kenya/NCBA,unresolved,polite -> mildly_frustrated,neutral_throughout,kyc_incomplete,0.0,0.787,0.213,0.4019
GS_113,4,AGENT,"Thank you, Owino. I have your account here. I can see that your document was flagged — the document you uploaded came through blurry, and our system couldn't read the details clearly enough to verify it.",golden,KYC_VERIFICATION,kyc_document_issue,Kenya/NCBA,unresolved,polite -> mildly_frustrated,neutral_throughout,kyc_incomplete,0.038,0.82,0.142,0.5859
GS_113,5,CUSTOMER,"Nobody told me that when I uploaded it, the app just said 'processing'. That's a bit confusing — what am I supposed to do now?",golden,KYC_VERIFICATION,kyc_document_issue,Kenya/NCBA,unresolved,polite -> mildly_frustrated,neutral_throughout,kyc_incomplete,0.087,0.913,0.0,-0.2263
GS_113,6,AGENT,"I completely understand the confusion, and I apologize that wasn't communicated more clearly on the app. What I'd recommend is submitting a clearer photo, ideally taken in good lighting with all four corners of the document visible.",golden,KYC_VERIFICATION,kyc_document_issue,Kenya/NCBA,unresolved,polite -> mildly_frustrated,neutral_throughout,kyc_incomplete,0.116,0.658,0.226,0.5664
GS_113,7,CUSTOMER,"Okay, and how long will that take once I submit it?",golden,KYC_VERIFICATION,kyc_document_issue,Kenya/NCBA,unresolved,polite -> mildly_frustrated,neutral_throughout,kyc_incomplete,0.0,0.826,0.174,0.2263
GS_113,8,AGENT,"Once it's submitted, review typically takes up to 72 hours. I can't complete the verification on this call, unfortunately.",golden,KYC_VERIFICATION,kyc_document_issue,Kenya/NCBA,unresolved,polite -> mildly_frustrated,neutral_throughout,kyc_incomplete,0.124,0.876,0.0,-0.34
GS_113,9,CUSTOMER,So I still can't use my account after all this? I've already been waiting for two days.,golden,KYC_VERIFICATION,kyc_document_issue,Kenya/NCBA,unresolved,polite -> mildly_frustrated,neutral_throughout,kyc_incomplete,0.0,1.0,0.0,0.0
GS_113,10,AGENT,"Not until the new document clears review, no — I'm sorry for the inconvenience. Your case reference number is NCBA-KYC-20260825-2837. Please quote that when you upload the new document so our team picks it up quickly.",golden,KYC_VERIFICATION,kyc_document_issue,Kenya/NCBA,unresolved,polite -> mildly_frustrated,neutral_throughout,kyc_incomplete,0.15,0.727,0.123,-0.2732
GS_113,11,CUSTOMER,"Okay, NCBA-KYC-20260825-2837. I'll upload it today. I just hope this actually gets resolved because I have things I need to do on my account.",golden,KYC_VERIFICATION,kyc_document_issue,Kenya/NCBA,unresolved,polite -> mildly_frustrated,neutral_throughout,kyc_incomplete,0.0,0.735,0.265,0.6705
GS_113,12,AGENT,"I understand, Owino, and I hope so too. I'll leave detailed notes on your account so the review team has full context. Is there anything else I can help with today?",golden,KYC_VERIFICATION,kyc_document_issue,Kenya/NCBA,unresolved,polite -> mildly_frustrated,neutral_throughout,kyc_incomplete,0.046,0.78,0.175,0.6293
GS_113,13,CUSTOMER,"No, that's all.",golden,KYC_VERIFICATION,kyc_document_issue,Kenya/NCBA,unresolved,polite -> mildly_frustrated,neutral_throughout,kyc_incomplete,0.524,0.476,0.0,-0.296
GS_113,14,AGENT,"Thank you for banking with NCBA, take care.",golden,KYC_VERIFICATION,kyc_document_issue,Kenya/NCBA,unresolved,polite -> mildly_frustrated,neutral_throughout,kyc_incomplete,0.0,0.513,0.487,0.6908
GS_114,0,AGENT,"Good afternoon, thank you for calling ADCB, my name is David, how may I help you today?",golden,KYC_VERIFICATION,kyc_document_issue,Gulf/UAE/ADCB,unresolved,polite -> mildly_frustrated,neutral_throughout,kyc_incomplete,0.0,0.616,0.384,0.7964
GS_114,1,CUSTOMER,"Shukran, David. My name is Omar. I uploaded my documents for verification but my account is still showing as restricted, so I wanted to check what's going on. This is a valid document, I don't understand what the problem is.",golden,KYC_VERIFICATION,kyc_document_issue,Gulf/UAE/ADCB,unresolved,polite -> mildly_frustrated,neutral_throughout,kyc_incomplete,0.17,0.83,0.0,-0.7876
GS_114,2,AGENT,"I'm sorry to hear you've had trouble with that, Omar. Let me look into it. Can you please confirm your registered phone number and date of birth?",golden,KYC_VERIFICATION,kyc_document_issue,Gulf/UAE/ADCB,unresolved,polite -> mildly_frustrated,neutral_throughout,kyc_incomplete,0.131,0.752,0.118,-0.1027
GS_114,3,CUSTOMER,Yes. 052 375 1242. Date of birth is 14th September 2001.,golden,KYC_VERIFICATION,kyc_document_issue,Gulf/UAE/ADCB,unresolved,polite -> mildly_frustrated,neutral_throughout,kyc_incomplete,0.0,0.787,0.213,0.4019
GS_114,4,AGENT,"Thank you, Omar. I have your account here. I can see that your document was flagged — the name on the document you uploaded doesn't quite match the name on your account — even a small spelling difference can trigger this.",golden,KYC_VERIFICATION,kyc_document_issue,Gulf/UAE/ADCB,unresolved,polite -> mildly_frustrated,neutral_throughout,kyc_incomplete,0.0,0.933,0.067,0.3612
GS_114,5,CUSTOMER,"Nobody told me that when I uploaded it, the app just said 'processing'. That's a bit confusing — what am I supposed to do now?",golden,KYC_VERIFICATION,kyc_document_issue,Gulf/UAE/ADCB,unresolved,polite -> mildly_frustrated,neutral_throughout,kyc_incomplete,0.087,0.913,0.0,-0.2263
GS_114,6,AGENT,"I completely understand the confusion, and I apologize that wasn't communicated more clearly on the app. What I'd recommend is submitting a document that matches your account name exactly, or a supporting document explaining the name difference.",golden,KYC_VERIFICATION,kyc_document_issue,Gulf/UAE/ADCB,unresolved,polite -> mildly_frustrated,neutral_throughout,kyc_incomplete,0.124,0.705,0.171,0.2171
GS_114,7,CUSTOMER,"Okay, and how long will that take once I submit it?",golden,KYC_VERIFICATION,kyc_document_issue,Gulf/UAE/ADCB,unresolved,polite -> mildly_frustrated,neutral_throughout,kyc_incomplete,0.0,0.826,0.174,0.2263
GS_114,8,AGENT,"Once it's submitted, review typically takes up to 24 hours. I can't complete the verification on this call, unfortunately.",golden,KYC_VERIFICATION,kyc_document_issue,Gulf/UAE/ADCB,unresolved,polite -> mildly_frustrated,neutral_throughout,kyc_incomplete,0.124,0.876,0.0,-0.34
GS_114,9,CUSTOMER,This app error message really should have told me this from the start.,golden,KYC_VERIFICATION,kyc_document_issue,Gulf/UAE/ADCB,unresolved,polite -> mildly_frustrated,neutral_throughout,kyc_incomplete,0.184,0.816,0.0,-0.4019
GS_114,10,AGENT,"That's fair feedback, and I'll pass it along to our product team.",golden,KYC_VERIFICATION,kyc_document_issue,Gulf/UAE/ADCB,unresolved,polite -> mildly_frustrated,neutral_throughout,kyc_incomplete,0.0,0.827,0.173,0.3182
GS_114,11,CUSTOMER,So I still can't use my account after all this? I've already been waiting for two days.,golden,KYC_VERIFICATION,kyc_document_issue,Gulf/UAE/ADCB,unresolved,polite -> mildly_frustrated,neutral_throughout,kyc_incomplete,0.0,1.0,0.0,0.0
GS_114,12,AGENT,"Not until the new document clears review, no — I'm sorry for the inconvenience. Your case reference number is ADCB-KYC-20260616-4802. Please quote that when you upload the new document so our team picks it up quickly.",golden,KYC_VERIFICATION,kyc_document_issue,Gulf/UAE/ADCB,unresolved,polite -> mildly_frustrated,neutral_throughout,kyc_incomplete,0.15,0.727,0.123,-0.2732
GS_114,13,CUSTOMER,"Okay, ADCB-KYC-20260616-4802. I'll upload it today. I just hope this actually gets resolved because I have things I need to do on my account.",golden,KYC_VERIFICATION,kyc_document_issue,Gulf/UAE/ADCB,unresolved,polite -> mildly_frustrated,neutral_throughout,kyc_incomplete,0.0,0.735,0.265,0.6705
GS_114,14,AGENT,"I understand, Omar, and I hope so too. I'll leave detailed notes on your account so the review team has full context. Is there anything else I can help with today?",golden,KYC_VERIFICATION,kyc_document_issue,Gulf/UAE/ADCB,unresolved,polite -> mildly_frustrated,neutral_throughout,kyc_incomplete,0.046,0.78,0.175,0.6293
GS_114,15,CUSTOMER,"No, that's all.",golden,KYC_VERIFICATION,kyc_document_issue,Gulf/UAE/ADCB,unresolved,polite -> mildly_frustrated,neutral_throughout,kyc_incomplete,0.524,0.476,0.0,-0.296
GS_114,16,AGENT,"Thank you for banking with ADCB, take care.",golden,KYC_VERIFICATION,kyc_document_issue,Gulf/UAE/ADCB,unresolved,polite -> mildly_frustrated,neutral_throughout,kyc_incomplete,0.0,0.513,0.487,0.6908
GS_115,0,AGENT,"Good afternoon, thank you for calling OPay, my name is Femi, how may I help you today?",golden,KYC_VERIFICATION,kyc_document_issue,Nigeria/OPay,unresolved,polite -> mildly_frustrated,neutral_throughout,kyc_incomplete,0.0,0.616,0.384,0.7964
GS_115,1,CUSTOMER,"Please o, Femi. My name is Ngozi. I uploaded my documents for verification but my account is still showing as restricted, so I wanted to check what's going on. This is a valid document, I don't understand what the problem is.",golden,KYC_VERIFICATION,kyc_document_issue,Nigeria/OPay,unresolved,polite -> mildly_frustrated,neutral_throughout,kyc_incomplete,0.163,0.798,0.039,-0.743
GS_115,2,AGENT,"I'm sorry to hear you've had trouble with that, Ngozi. Let me look into it. Can you please confirm your registered phone number and date of birth?",golden,KYC_VERIFICATION,kyc_document_issue,Nigeria/OPay,unresolved,polite -> mildly_frustrated,neutral_throughout,kyc_incomplete,0.131,0.752,0.118,-0.1027
GS_115,3,CUSTOMER,Yes. 0702632795. Date of birth is 23rd February 1972.,golden,KYC_VERIFICATION,kyc_document_issue,Nigeria/OPay,unresolved,polite -> mildly_frustrated,neutral_throughout,kyc_incomplete,0.0,0.748,0.252,0.4019
GS_115,4,AGENT,"Thank you, Ngozi. I have your account here. I can see that your document was flagged — the ID on file is from 6 years ago, and our system flags anything issued more than 5 years back for a compliance review — this isn't a government expiry issue, it's an internal rule.",golden,KYC_VERIFICATION,kyc_document_issue,Nigeria/OPay,unresolved,polite -> mildly_frustrated,neutral_throughout,kyc_incomplete,0.0,0.945,0.055,0.3612
GS_115,5,CUSTOMER,"Nobody told me that when I uploaded it, the app just said 'processing'. That's a bit confusing — what am I supposed to do now?",golden,KYC_VERIFICATION,kyc_document_issue,Nigeria/OPay,unresolved,polite -> mildly_frustrated,neutral_throughout,kyc_incomplete,0.087,0.913,0.0,-0.2263
GS_115,6,AGENT,"I completely understand the confusion, and I apologize that wasn't communicated more clearly on the app. What I'd recommend is submitting a more recent proof of identity, like a utility statement paired with your tax or national ID number.",golden,KYC_VERIFICATION,kyc_document_issue,Nigeria/OPay,unresolved,polite -> mildly_frustrated,neutral_throughout,kyc_incomplete,0.119,0.696,0.185,0.1929
GS_115,7,CUSTOMER,"Okay, and how long will that take once I submit it?",golden,KYC_VERIFICATION,kyc_document_issue,Nigeria/OPay,unresolved,polite -> mildly_frustrated,neutral_throughout,kyc_incomplete,0.0,0.826,0.174,0.2263
GS_115,8,AGENT,"Once it's submitted, review typically takes up to 24 hours. I can't complete the verification on this call, unfortunately.",golden,KYC_VERIFICATION,kyc_document_issue,Nigeria/OPay,unresolved,polite -> mildly_frustrated,neutral_throughout,kyc_incomplete,0.124,0.876,0.0,-0.34
GS_115,9,CUSTOMER,So I still can't use my account after all this? I've already been waiting for two days.,golden,KYC_VERIFICATION,kyc_document_issue,Nigeria/OPay,unresolved,polite -> mildly_frustrated,neutral_throughout,kyc_incomplete,0.0,1.0,0.0,0.0
GS_115,10,AGENT,"Not until the new document clears review, no — I'm sorry for the inconvenience. Your case reference number is OP-KYC-20260816-8581. Please quote that when you upload the new document so our team picks it up quickly.",golden,KYC_VERIFICATION,kyc_document_issue,Nigeria/OPay,unresolved,polite -> mildly_frustrated,neutral_throughout,kyc_incomplete,0.15,0.727,0.123,-0.2732
GS_115,11,CUSTOMER,"Okay, OP-KYC-20260816-8581. I'll upload it today. I just hope this actually gets resolved because I have things I need to do on my account.",golden,KYC_VERIFICATION,kyc_document_issue,Nigeria/OPay,unresolved,polite -> mildly_frustrated,neutral_throughout,kyc_incomplete,0.0,0.735,0.265,0.6705
GS_115,12,AGENT,"I understand, Ngozi, and I hope so too. I'll leave detailed notes on your account so the review team has full context. Is there anything else I can help with today?",golden,KYC_VERIFICATION,kyc_document_issue,Nigeria/OPay,unresolved,polite -> mildly_frustrated,neutral_throughout,kyc_incomplete,0.046,0.78,0.175,0.6293
GS_115,13,CUSTOMER,"No, that's all.",golden,KYC_VERIFICATION,kyc_document_issue,Nigeria/OPay,unresolved,polite -> mildly_frustrated,neutral_throughout,kyc_incomplete,0.524,0.476,0.0,-0.296
GS_115,14,AGENT,"Thank you for banking with OPay, take care.",golden,KYC_VERIFICATION,kyc_document_issue,Nigeria/OPay,unresolved,polite -> mildly_frustrated,neutral_throughout,kyc_incomplete,0.0,0.513,0.487,0.6908
GS_116,0,AGENT,"Good afternoon, thank you for calling OPay, my name is Chinwe, how may I help you today?",golden,KYC_VERIFICATION,kyc_fraud_flag,Nigeria/OPay,unresolved,neutral -> confused_defensive,neutral_throughout,kyc_escalation,0.0,0.616,0.384,0.7964
GS_116,1,CUSTOMER,"Abeg, Chinwe. My name is Ngozi. My account has been flagged for some kind of review and I don't understand why — I haven't done anything unusual, and I submitted everything that was asked of me.",golden,KYC_VERIFICATION,kyc_fraud_flag,Nigeria/OPay,unresolved,neutral -> confused_defensive,neutral_throughout,kyc_escalation,0.0,1.0,0.0,0.0
GS_116,2,AGENT,"I understand the confusion, Ngozi. Let me look into that for you. Can you please confirm your registered phone number and BVN?",golden,KYC_VERIFICATION,kyc_fraud_flag,Nigeria/OPay,unresolved,neutral -> confused_defensive,neutral_throughout,kyc_escalation,0.092,0.756,0.151,0.1027
GS_116,3,CUSTOMER,0912579240. 82626625940.,golden,KYC_VERIFICATION,kyc_fraud_flag,Nigeria/OPay,unresolved,neutral -> confused_defensive,neutral_throughout,kyc_escalation,0.0,1.0,0.0,0.0
GS_116,4,AGENT,"Thank you, Ngozi. One moment while I pull up your application. I can confirm there's an extended review in progress on a new account you opened recently. I apologize for the delay.",golden,KYC_VERIFICATION,kyc_fraud_flag,Nigeria/OPay,unresolved,neutral -> confused_defensive,neutral_throughout,kyc_escalation,0.07,0.727,0.203,0.5267
GS_116,5,CUSTOMER,Extended review — what does that mean exactly? What else could possibly be needed?,golden,KYC_VERIFICATION,kyc_fraud_flag,Nigeria/OPay,unresolved,neutral -> confused_defensive,neutral_throughout,kyc_escalation,0.0,1.0,0.0,0.0
GS_116,6,AGENT,I understand your frustration. An extended review means your application requires additional verification steps beyond the standard automated process. This can happen for a number of reasons and doesn't necessarily indicate a problem with your documents.,golden,KYC_VERIFICATION,kyc_fraud_flag,Nigeria/OPay,unresolved,neutral -> confused_defensive,neutral_throughout,kyc_escalation,0.085,0.818,0.097,-0.1386
GS_116,7,CUSTOMER,"So you're telling me you don't even know why, or you just can't tell me?",golden,KYC_VERIFICATION,kyc_fraud_flag,Nigeria/OPay,unresolved,neutral -> confused_defensive,neutral_throughout,kyc_escalation,0.0,1.0,0.0,0.0
GS_116,8,AGENT,I genuinely don't have visibility into the specific trigger from this screen — I can only confirm that a review is in progress and share the expected timeline. That's determined by an automated system on the compliance side.,golden,KYC_VERIFICATION,kyc_fraud_flag,Nigeria/OPay,unresolved,neutral -> confused_defensive,neutral_throughout,kyc_escalation,0.0,0.807,0.193,0.7506
GS_116,9,CUSTOMER,This doesn't make sense. Is someone accusing me of something?,golden,KYC_VERIFICATION,kyc_fraud_flag,Nigeria/OPay,unresolved,neutral -> confused_defensive,neutral_throughout,kyc_escalation,0.159,0.841,0.0,-0.1779
GS_116,10,AGENT,"This isn't an accusation — extended reviews are a standard part of our verification process and don't necessarily mean anything was found. I know that's not a very satisfying answer, and I'm sorry for that.",golden,KYC_VERIFICATION,kyc_fraud_flag,Nigeria/OPay,unresolved,neutral -> confused_defensive,neutral_throughout,kyc_escalation,0.118,0.83,0.052,-0.3087
GS_116,11,CUSTOMER,Okay... so what happens now?,golden,KYC_VERIFICATION,kyc_fraud_flag,Nigeria/OPay,unresolved,neutral -> confused_defensive,neutral_throughout,kyc_escalation,0.0,1.0,0.0,0.0
GS_116,12,AGENT,The review typically takes 3 business days. I've escalated it internally with a note that you called in today — reference number OP-KYC-20260719-1950 — and you'll be notified directly once it's complete.,golden,KYC_VERIFICATION,kyc_fraud_flag,Nigeria/OPay,unresolved,neutral -> confused_defensive,neutral_throughout,kyc_escalation,0.0,0.954,0.046,0.0772
GS_116,13,CUSTOMER,Can I at least speak to someone who does know the reason?,golden,KYC_VERIFICATION,kyc_fraud_flag,Nigeria/OPay,unresolved,neutral -> confused_defensive,neutral_throughout,kyc_escalation,0.0,1.0,0.0,0.0
GS_116,14,AGENT,"I can escalate your request to speak with the review team directly, though I can't guarantee they'll be able to disclose more than I have.",golden,KYC_VERIFICATION,kyc_fraud_flag,Nigeria/OPay,unresolved,neutral -> confused_defensive,neutral_throughout,kyc_escalation,0.077,0.923,0.0,-0.1877
GS_116,15,CUSTOMER,"Nobody contacted me to tell me this was happening in the first place, I had to call myself to find out. That's not good service.",golden,KYC_VERIFICATION,kyc_fraud_flag,Nigeria/OPay,unresolved,neutral -> confused_defensive,neutral_throughout,kyc_escalation,0.095,0.905,0.0,-0.3412
GS_116,16,AGENT,"You're right, and I sincerely apologize for that. You should have received a notification when your application moved to extended review. I'll log that as a service gap and flag it to the team.",golden,KYC_VERIFICATION,kyc_fraud_flag,Nigeria/OPay,unresolved,neutral -> confused_defensive,neutral_throughout,kyc_escalation,0.0,0.866,0.134,0.5423
GS_116,17,CUSTOMER,"Alright. I still don't really understand, but okay.",golden,KYC_VERIFICATION,kyc_fraud_flag,Nigeria/OPay,unresolved,neutral -> confused_defensive,neutral_throughout,kyc_escalation,0.0,0.541,0.459,0.5016
GS_116,18,AGENT,"I understand, and I appreciate your patience. Is there anything else I can help with today?",golden,KYC_VERIFICATION,kyc_fraud_flag,Nigeria/OPay,unresolved,neutral -> confused_defensive,neutral_throughout,kyc_escalation,0.0,0.671,0.329,0.6597
GS_116,19,CUSTOMER,"No, that's all.",golden,KYC_VERIFICATION,kyc_fraud_flag,Nigeria/OPay,unresolved,neutral -> confused_defensive,neutral_throughout,kyc_escalation,0.524,0.476,0.0,-0.296
GS_116,20,AGENT,"Thank you for banking with OPay, take care.",golden,KYC_VERIFICATION,kyc_fraud_flag,Nigeria/OPay,unresolved,neutral -> confused_defensive,neutral_throughout,kyc_escalation,0.0,0.513,0.487,0.6908
GS_117,0,AGENT,"Good afternoon, thank you for calling Equity Bank, my name is Chinwe, how may I help you today?",golden,KYC_VERIFICATION,kyc_fraud_flag,Kenya/Equity Bank,unresolved,neutral -> confused_defensive,neutral_throughout,kyc_escalation,0.0,0.633,0.367,0.7964
GS_117,1,CUSTOMER,"Sawa, Chinwe. My name is Wambui. My account has been flagged for some kind of review and I don't understand why — I haven't done anything unusual, and I submitted everything that was asked of me.",golden,KYC_VERIFICATION,kyc_fraud_flag,Kenya/Equity Bank,unresolved,neutral -> confused_defensive,neutral_throughout,kyc_escalation,0.0,1.0,0.0,0.0
GS_117,2,AGENT,"I understand the confusion, Wambui. Let me look into that for you. Can you please confirm your registered phone number and national ID number?",golden,KYC_VERIFICATION,kyc_fraud_flag,Kenya/Equity Bank,unresolved,neutral -> confused_defensive,neutral_throughout,kyc_escalation,0.084,0.728,0.188,0.1779
GS_117,3,CUSTOMER,0712 664 534. 17490656.,golden,KYC_VERIFICATION,kyc_fraud_flag,Kenya/Equity Bank,unresolved,neutral -> confused_defensive,neutral_throughout,kyc_escalation,0.0,1.0,0.0,0.0
GS_117,4,AGENT,"Thank you, Wambui. One moment while I pull up your application. I can confirm there's an extended review in progress on your account during a routine automated screening. I apologize for the delay.",golden,KYC_VERIFICATION,kyc_fraud_flag,Kenya/Equity Bank,unresolved,neutral -> confused_defensive,neutral_throughout,kyc_escalation,0.068,0.735,0.197,0.5267
GS_117,5,CUSTOMER,Extended review — what does that mean exactly? What else could possibly be needed?,golden,KYC_VERIFICATION,kyc_fraud_flag,Kenya/Equity Bank,unresolved,neutral -> confused_defensive,neutral_throughout,kyc_escalation,0.0,1.0,0.0,0.0
GS_117,6,AGENT,I understand your frustration. An extended review means your application requires additional verification steps beyond the standard automated process. This can happen for a number of reasons and doesn't necessarily indicate a problem with your documents.,golden,KYC_VERIFICATION,kyc_fraud_flag,Kenya/Equity Bank,unresolved,neutral -> confused_defensive,neutral_throughout,kyc_escalation,0.085,0.818,0.097,-0.1386
GS_117,7,CUSTOMER,"So you're telling me you don't even know why, or you just can't tell me?",golden,KYC_VERIFICATION,kyc_fraud_flag,Kenya/Equity Bank,unresolved,neutral -> confused_defensive,neutral_throughout,kyc_escalation,0.0,1.0,0.0,0.0
GS_117,8,AGENT,I genuinely don't have visibility into the specific trigger from this screen — I can only confirm that a review is in progress and share the expected timeline. That's determined by an automated system on the compliance side.,golden,KYC_VERIFICATION,kyc_fraud_flag,Kenya/Equity Bank,unresolved,neutral -> confused_defensive,neutral_throughout,kyc_escalation,0.0,0.807,0.193,0.7506
GS_117,9,CUSTOMER,This doesn't make sense. Is someone accusing me of something?,golden,KYC_VERIFICATION,kyc_fraud_flag,Kenya/Equity Bank,unresolved,neutral -> confused_defensive,neutral_throughout,kyc_escalation,0.159,0.841,0.0,-0.1779
GS_117,10,AGENT,"This isn't an accusation — extended reviews are a standard part of our verification process and don't necessarily mean anything was found. I know that's not a very satisfying answer, and I'm sorry for that.",golden,KYC_VERIFICATION,kyc_fraud_flag,Kenya/Equity Bank,unresolved,neutral -> confused_defensive,neutral_throughout,kyc_escalation,0.118,0.83,0.052,-0.3087
GS_117,11,CUSTOMER,Okay... so what happens now?,golden,KYC_VERIFICATION,kyc_fraud_flag,Kenya/Equity Bank,unresolved,neutral -> confused_defensive,neutral_throughout,kyc_escalation,0.0,1.0,0.0,0.0
GS_117,12,AGENT,The review typically takes 3 business days. I've escalated it internally with a note that you called in today — reference number EQ-KYC-20260627-3028 — and you'll be notified directly once it's complete.,golden,KYC_VERIFICATION,kyc_fraud_flag,Kenya/Equity Bank,unresolved,neutral -> confused_defensive,neutral_throughout,kyc_escalation,0.0,0.954,0.046,0.0772
GS_117,13,CUSTOMER,"Nobody contacted me to tell me this was happening in the first place, I had to call myself to find out. That's not good service.",golden,KYC_VERIFICATION,kyc_fraud_flag,Kenya/Equity Bank,unresolved,neutral -> confused_defensive,neutral_throughout,kyc_escalation,0.095,0.905,0.0,-0.3412
GS_117,14,AGENT,"You're right, and I sincerely apologize for that. You should have received a notification when your application moved to extended review. I'll log that as a service gap and flag it to the team.",golden,KYC_VERIFICATION,kyc_fraud_flag,Kenya/Equity Bank,unresolved,neutral -> confused_defensive,neutral_throughout,kyc_escalation,0.0,0.866,0.134,0.5423
GS_117,15,CUSTOMER,"Alright. I still don't really understand, but okay.",golden,KYC_VERIFICATION,kyc_fraud_flag,Kenya/Equity Bank,unresolved,neutral -> confused_defensive,neutral_throughout,kyc_escalation,0.0,0.541,0.459,0.5016
GS_117,16,AGENT,"I understand, and I appreciate your patience. Is there anything else I can help with today?",golden,KYC_VERIFICATION,kyc_fraud_flag,Kenya/Equity Bank,unresolved,neutral -> confused_defensive,neutral_throughout,kyc_escalation,0.0,0.671,0.329,0.6597
GS_117,17,CUSTOMER,"No, that's all.",golden,KYC_VERIFICATION,kyc_fraud_flag,Kenya/Equity Bank,unresolved,neutral -> confused_defensive,neutral_throughout,kyc_escalation,0.524,0.476,0.0,-0.296
GS_117,18,AGENT,"Thank you for banking with Equity Bank, take care.",golden,KYC_VERIFICATION,kyc_fraud_flag,Kenya/Equity Bank,unresolved,neutral -> confused_defensive,neutral_throughout,kyc_escalation,0.0,0.551,0.449,0.6908
GS_118,0,AGENT,"Good afternoon, thank you for calling Emirates NBD, my name is Michael, how may I help you today?",golden,KYC_VERIFICATION,kyc_fraud_flag,Gulf/UAE/Emirates NBD,unresolved,neutral -> confused_defensive,neutral_throughout,kyc_escalation,0.0,0.539,0.461,0.8788
GS_118,1,CUSTOMER,"Shukran, Michael. My name is Hassan. My account has been flagged for some kind of review and I don't understand why — I haven't done anything unusual, and I submitted everything that was asked of me.",golden,KYC_VERIFICATION,kyc_fraud_flag,Gulf/UAE/Emirates NBD,unresolved,neutral -> confused_defensive,neutral_throughout,kyc_escalation,0.0,1.0,0.0,0.0
GS_118,2,AGENT,"I understand the confusion, Hassan. Let me look into that for you. Can you please confirm your registered phone number and Emirates ID number?",golden,KYC_VERIFICATION,kyc_fraud_flag,Gulf/UAE/Emirates NBD,unresolved,neutral -> confused_defensive,neutral_throughout,kyc_escalation,0.084,0.728,0.188,0.1779
GS_118,3,CUSTOMER,053 147 3181. 784-1997-2976225-5.,golden,KYC_VERIFICATION,kyc_fraud_flag,Gulf/UAE/Emirates NBD,unresolved,neutral -> confused_defensive,neutral_throughout,kyc_escalation,0.0,1.0,0.0,0.0
GS_118,4,AGENT,"Thank you, Hassan. One moment while I pull up your application. I can confirm there's an extended review in progress on a recent large transaction on your account. I apologize for the delay.",golden,KYC_VERIFICATION,kyc_fraud_flag,Gulf/UAE/Emirates NBD,unresolved,neutral -> confused_defensive,neutral_throughout,kyc_escalation,0.068,0.735,0.197,0.5267
GS_118,5,CUSTOMER,Extended review — what does that mean exactly? What else could possibly be needed?,golden,KYC_VERIFICATION,kyc_fraud_flag,Gulf/UAE/Emirates NBD,unresolved,neutral -> confused_defensive,neutral_throughout,kyc_escalation,0.0,1.0,0.0,0.0
GS_118,6,AGENT,I understand your frustration. An extended review means your application requires additional verification steps beyond the standard automated process. This can happen for a number of reasons and doesn't necessarily indicate a problem with your documents.,golden,KYC_VERIFICATION,kyc_fraud_flag,Gulf/UAE/Emirates NBD,unresolved,neutral -> confused_defensive,neutral_throughout,kyc_escalation,0.085,0.818,0.097,-0.1386
GS_118,7,CUSTOMER,"So you're telling me you don't even know why, or you just can't tell me?",golden,KYC_VERIFICATION,kyc_fraud_flag,Gulf/UAE/Emirates NBD,unresolved,neutral -> confused_defensive,neutral_throughout,kyc_escalation,0.0,1.0,0.0,0.0
GS_118,8,AGENT,I genuinely don't have visibility into the specific trigger from this screen — I can only confirm that a review is in progress and share the expected timeline. That's determined by an automated system on the compliance side.,golden,KYC_VERIFICATION,kyc_fraud_flag,Gulf/UAE/Emirates NBD,unresolved,neutral -> confused_defensive,neutral_throughout,kyc_escalation,0.0,0.807,0.193,0.7506
GS_118,9,CUSTOMER,This doesn't make sense. Is someone accusing me of something?,golden,KYC_VERIFICATION,kyc_fraud_flag,Gulf/UAE/Emirates NBD,unresolved,neutral -> confused_defensive,neutral_throughout,kyc_escalation,0.159,0.841,0.0,-0.1779
GS_118,10,AGENT,"This isn't an accusation — extended reviews are a standard part of our verification process and don't necessarily mean anything was found. I know that's not a very satisfying answer, and I'm sorry for that.",golden,KYC_VERIFICATION,kyc_fraud_flag,Gulf/UAE/Emirates NBD,unresolved,neutral -> confused_defensive,neutral_throughout,kyc_escalation,0.118,0.83,0.052,-0.3087
GS_118,11,CUSTOMER,Okay... so what happens now?,golden,KYC_VERIFICATION,kyc_fraud_flag,Gulf/UAE/Emirates NBD,unresolved,neutral -> confused_defensive,neutral_throughout,kyc_escalation,0.0,1.0,0.0,0.0
GS_118,12,AGENT,The review typically takes 3 business days. I've escalated it internally with a note that you called in today — reference number ENBD-KYC-20260714-3363 — and you'll be notified directly once it's complete.,golden,KYC_VERIFICATION,kyc_fraud_flag,Gulf/UAE/Emirates NBD,unresolved,neutral -> confused_defensive,neutral_throughout,kyc_escalation,0.0,0.954,0.046,0.0772
GS_118,13,CUSTOMER,"Nobody contacted me to tell me this was happening in the first place, I had to call myself to find out. That's not good service.",golden,KYC_VERIFICATION,kyc_fraud_flag,Gulf/UAE/Emirates NBD,unresolved,neutral -> confused_defensive,neutral_throughout,kyc_escalation,0.095,0.905,0.0,-0.3412
GS_118,14,AGENT,"You're right, and I sincerely apologize for that. You should have received a notification when your application moved to extended review. I'll log that as a service gap and flag it to the team.",golden,KYC_VERIFICATION,kyc_fraud_flag,Gulf/UAE/Emirates NBD,unresolved,neutral -> confused_defensive,neutral_throughout,kyc_escalation,0.0,0.866,0.134,0.5423
GS_118,15,CUSTOMER,"Alright. I still don't really understand, but okay.",golden,KYC_VERIFICATION,kyc_fraud_flag,Gulf/UAE/Emirates NBD,unresolved,neutral -> confused_defensive,neutral_throughout,kyc_escalation,0.0,0.541,0.459,0.5016
GS_118,16,AGENT,"I understand, and I appreciate your patience. Is there anything else I can help with today?",golden,KYC_VERIFICATION,kyc_fraud_flag,Gulf/UAE/Emirates NBD,unresolved,neutral -> confused_defensive,neutral_throughout,kyc_escalation,0.0,0.671,0.329,0.6597
GS_118,17,CUSTOMER,"No, that's all.",golden,KYC_VERIFICATION,kyc_fraud_flag,Gulf/UAE/Emirates NBD,unresolved,neutral -> confused_defensive,neutral_throughout,kyc_escalation,0.524,0.476,0.0,-0.296
GS_118,18,AGENT,"Thank you for banking with Emirates NBD, take care.",golden,KYC_VERIFICATION,kyc_fraud_flag,Gulf/UAE/Emirates NBD,unresolved,neutral -> confused_defensive,neutral_throughout,kyc_escalation,0.0,0.407,0.593,0.8286
GS_119,0,AGENT,"Good afternoon, thank you for calling GTBank, my name is Michael, how may I help you today?",golden,KYC_VERIFICATION,kyc_fraud_flag,Nigeria/GTBank,unresolved,neutral -> confused_defensive,neutral_throughout,kyc_escalation,0.0,0.616,0.384,0.7964
GS_119,1,CUSTOMER,"Abeg, Michael. My name is Tunde. My account has been flagged for some kind of review and I don't understand why — I haven't done anything unusual, and I submitted everything that was asked of me.",golden,KYC_VERIFICATION,kyc_fraud_flag,Nigeria/GTBank,unresolved,neutral -> confused_defensive,neutral_throughout,kyc_escalation,0.0,1.0,0.0,0.0
GS_119,2,AGENT,"I understand the confusion, Tunde. Let me look into that for you. Can you please confirm your registered phone number and BVN?",golden,KYC_VERIFICATION,kyc_fraud_flag,Nigeria/GTBank,unresolved,neutral -> confused_defensive,neutral_throughout,kyc_escalation,0.092,0.756,0.151,0.1027
GS_119,3,CUSTOMER,0702053424. 68118295906.,golden,KYC_VERIFICATION,kyc_fraud_flag,Nigeria/GTBank,unresolved,neutral -> confused_defensive,neutral_throughout,kyc_escalation,0.0,1.0,0.0,0.0
GS_119,4,AGENT,"Thank you, Tunde. One moment while I pull up your application. I can confirm there's an extended review in progress on a new account you opened recently. I apologize for the delay.",golden,KYC_VERIFICATION,kyc_fraud_flag,Nigeria/GTBank,unresolved,neutral -> confused_defensive,neutral_throughout,kyc_escalation,0.07,0.727,0.203,0.5267
GS_119,5,CUSTOMER,Extended review — what does that mean exactly? What else could possibly be needed?,golden,KYC_VERIFICATION,kyc_fraud_flag,Nigeria/GTBank,unresolved,neutral -> confused_defensive,neutral_throughout,kyc_escalation,0.0,1.0,0.0,0.0
GS_119,6,AGENT,I understand your frustration. An extended review means your application requires additional verification steps beyond the standard automated process. This can happen for a number of reasons and doesn't necessarily indicate a problem with your documents.,golden,KYC_VERIFICATION,kyc_fraud_flag,Nigeria/GTBank,unresolved,neutral -> confused_defensive,neutral_throughout,kyc_escalation,0.085,0.818,0.097,-0.1386
GS_119,7,CUSTOMER,"So you're telling me you don't even know why, or you just can't tell me?",golden,KYC_VERIFICATION,kyc_fraud_flag,Nigeria/GTBank,unresolved,neutral -> confused_defensive,neutral_throughout,kyc_escalation,0.0,1.0,0.0,0.0
GS_119,8,AGENT,I genuinely don't have visibility into the specific trigger from this screen — I can only confirm that a review is in progress and share the expected timeline. That's determined by an automated system on the compliance side.,golden,KYC_VERIFICATION,kyc_fraud_flag,Nigeria/GTBank,unresolved,neutral -> confused_defensive,neutral_throughout,kyc_escalation,0.0,0.807,0.193,0.7506
GS_119,9,CUSTOMER,This doesn't make sense. Is someone accusing me of something?,golden,KYC_VERIFICATION,kyc_fraud_flag,Nigeria/GTBank,unresolved,neutral -> confused_defensive,neutral_throughout,kyc_escalation,0.159,0.841,0.0,-0.1779
GS_119,10,AGENT,"This isn't an accusation — extended reviews are a standard part of our verification process and don't necessarily mean anything was found. I know that's not a very satisfying answer, and I'm sorry for that.",golden,KYC_VERIFICATION,kyc_fraud_flag,Nigeria/GTBank,unresolved,neutral -> confused_defensive,neutral_throughout,kyc_escalation,0.118,0.83,0.052,-0.3087
GS_119,11,CUSTOMER,Okay... so what happens now?,golden,KYC_VERIFICATION,kyc_fraud_flag,Nigeria/GTBank,unresolved,neutral -> confused_defensive,neutral_throughout,kyc_escalation,0.0,1.0,0.0,0.0
GS_119,12,AGENT,The review typically takes 4 business days. I've escalated it internally with a note that you called in today — reference number GT-KYC-20260802-4374 — and you'll be notified directly once it's complete.,golden,KYC_VERIFICATION,kyc_fraud_flag,Nigeria/GTBank,unresolved,neutral -> confused_defensive,neutral_throughout,kyc_escalation,0.0,0.954,0.046,0.0772
GS_119,13,CUSTOMER,"Nobody contacted me to tell me this was happening in the first place, I had to call myself to find out. That's not good service.",golden,KYC_VERIFICATION,kyc_fraud_flag,Nigeria/GTBank,unresolved,neutral -> confused_defensive,neutral_throughout,kyc_escalation,0.095,0.905,0.0,-0.3412
GS_119,14,AGENT,"You're right, and I sincerely apologize for that. You should have received a notification when your application moved to extended review. I'll log that as a service gap and flag it to the team.",golden,KYC_VERIFICATION,kyc_fraud_flag,Nigeria/GTBank,unresolved,neutral -> confused_defensive,neutral_throughout,kyc_escalation,0.0,0.866,0.134,0.5423
GS_119,15,CUSTOMER,"Alright. I still don't really understand, but okay.",golden,KYC_VERIFICATION,kyc_fraud_flag,Nigeria/GTBank,unresolved,neutral -> confused_defensive,neutral_throughout,kyc_escalation,0.0,0.541,0.459,0.5016
GS_119,16,AGENT,"I understand, and I appreciate your patience. Is there anything else I can help with today?",golden,KYC_VERIFICATION,kyc_fraud_flag,Nigeria/GTBank,unresolved,neutral -> confused_defensive,neutral_throughout,kyc_escalation,0.0,0.671,0.329,0.6597
GS_119,17,CUSTOMER,"No, that's all.",golden,KYC_VERIFICATION,kyc_fraud_flag,Nigeria/GTBank,unresolved,neutral -> confused_defensive,neutral_throughout,kyc_escalation,0.524,0.476,0.0,-0.296
GS_119,18,AGENT,"Thank you for banking with GTBank, take care.",golden,KYC_VERIFICATION,kyc_fraud_flag,Nigeria/GTBank,unresolved,neutral -> confused_defensive,neutral_throughout,kyc_escalation,0.0,0.513,0.487,0.6908
GS_120,0,AGENT,"Good afternoon, thank you for calling NCBA, my name is David, how may I help you today?",golden,KYC_VERIFICATION,kyc_fraud_flag,Kenya/NCBA,unresolved,neutral -> confused_defensive,neutral_throughout,kyc_escalation,0.0,0.616,0.384,0.7964
GS_120,1,CUSTOMER,"Asante, David. My name is Kariuki. My account has been flagged for some kind of review and I don't understand why — I haven't done anything unusual, and I submitted everything that was asked of me.",golden,KYC_VERIFICATION,kyc_fraud_flag,Kenya/NCBA,unresolved,neutral -> confused_defensive,neutral_throughout,kyc_escalation,0.0,1.0,0.0,0.0
GS_120,2,AGENT,"I understand the confusion, Kariuki. Let me look into that for you. Can you please confirm your registered phone number and national ID number?",golden,KYC_VERIFICATION,kyc_fraud_flag,Kenya/NCBA,unresolved,neutral -> confused_defensive,neutral_throughout,kyc_escalation,0.084,0.728,0.188,0.1779
GS_120,3,CUSTOMER,0717 913 284. 12746598.,golden,KYC_VERIFICATION,kyc_fraud_flag,Kenya/NCBA,unresolved,neutral -> confused_defensive,neutral_throughout,kyc_escalation,0.0,1.0,0.0,0.0
GS_120,4,AGENT,"Thank you, Kariuki. One moment while I pull up your application. I can confirm there's an extended review in progress on your account during a routine automated screening. I apologize for the delay.",golden,KYC_VERIFICATION,kyc_fraud_flag,Kenya/NCBA,unresolved,neutral -> confused_defensive,neutral_throughout,kyc_escalation,0.068,0.735,0.197,0.5267
GS_120,5,CUSTOMER,Extended review — what does that mean exactly? What else could possibly be needed?,golden,KYC_VERIFICATION,kyc_fraud_flag,Kenya/NCBA,unresolved,neutral -> confused_defensive,neutral_throughout,kyc_escalation,0.0,1.0,0.0,0.0
GS_120,6,AGENT,I understand your frustration. An extended review means your application requires additional verification steps beyond the standard automated process. This can happen for a number of reasons and doesn't necessarily indicate a problem with your documents.,golden,KYC_VERIFICATION,kyc_fraud_flag,Kenya/NCBA,unresolved,neutral -> confused_defensive,neutral_throughout,kyc_escalation,0.085,0.818,0.097,-0.1386
GS_120,7,CUSTOMER,"So you're telling me you don't even know why, or you just can't tell me?",golden,KYC_VERIFICATION,kyc_fraud_flag,Kenya/NCBA,unresolved,neutral -> confused_defensive,neutral_throughout,kyc_escalation,0.0,1.0,0.0,0.0
GS_120,8,AGENT,I genuinely don't have visibility into the specific trigger from this screen — I can only confirm that a review is in progress and share the expected timeline. That's determined by an automated system on the compliance side.,golden,KYC_VERIFICATION,kyc_fraud_flag,Kenya/NCBA,unresolved,neutral -> confused_defensive,neutral_throughout,kyc_escalation,0.0,0.807,0.193,0.7506
GS_120,9,CUSTOMER,This doesn't make sense. Is someone accusing me of something?,golden,KYC_VERIFICATION,kyc_fraud_flag,Kenya/NCBA,unresolved,neutral -> confused_defensive,neutral_throughout,kyc_escalation,0.159,0.841,0.0,-0.1779
GS_120,10,AGENT,"This isn't an accusation — extended reviews are a standard part of our verification process and don't necessarily mean anything was found. I know that's not a very satisfying answer, and I'm sorry for that.",golden,KYC_VERIFICATION,kyc_fraud_flag,Kenya/NCBA,unresolved,neutral -> confused_defensive,neutral_throughout,kyc_escalation,0.118,0.83,0.052,-0.3087
GS_120,11,CUSTOMER,Okay... so what happens now?,golden,KYC_VERIFICATION,kyc_fraud_flag,Kenya/NCBA,unresolved,neutral -> confused_defensive,neutral_throughout,kyc_escalation,0.0,1.0,0.0,0.0
GS_120,12,AGENT,The review typically takes 4 business days. I've escalated it internally with a note that you called in today — reference number NCBA-KYC-20260825-4999 — and you'll be notified directly once it's complete.,golden,KYC_VERIFICATION,kyc_fraud_flag,Kenya/NCBA,unresolved,neutral -> confused_defensive,neutral_throughout,kyc_escalation,0.0,0.954,0.046,0.0772
GS_120,13,CUSTOMER,"Nobody contacted me to tell me this was happening in the first place, I had to call myself to find out. That's not good service.",golden,KYC_VERIFICATION,kyc_fraud_flag,Kenya/NCBA,unresolved,neutral -> confused_defensive,neutral_throughout,kyc_escalation,0.095,0.905,0.0,-0.3412
GS_120,14,AGENT,"You're right, and I sincerely apologize for that. You should have received a notification when your application moved to extended review. I'll log that as a service gap and flag it to the team.",golden,KYC_VERIFICATION,kyc_fraud_flag,Kenya/NCBA,unresolved,neutral -> confused_defensive,neutral_throughout,kyc_escalation,0.0,0.866,0.134,0.5423
GS_120,15,CUSTOMER,"Alright. I still don't really understand, but okay.",golden,KYC_VERIFICATION,kyc_fraud_flag,Kenya/NCBA,unresolved,neutral -> confused_defensive,neutral_throughout,kyc_escalation,0.0,0.541,0.459,0.5016
GS_120,16,AGENT,"I understand, and I appreciate your patience. Is there anything else I can help with today?",golden,KYC_VERIFICATION,kyc_fraud_flag,Kenya/NCBA,unresolved,neutral -> confused_defensive,neutral_throughout,kyc_escalation,0.0,0.671,0.329,0.6597
GS_120,17,CUSTOMER,"No, that's all.",golden,KYC_VERIFICATION,kyc_fraud_flag,Kenya/NCBA,unresolved,neutral -> confused_defensive,neutral_throughout,kyc_escalation,0.524,0.476,0.0,-0.296
GS_120,18,AGENT,"Thank you for banking with NCBA, take care.",golden,KYC_VERIFICATION,kyc_fraud_flag,Kenya/NCBA,unresolved,neutral -> confused_defensive,neutral_throughout,kyc_escalation,0.0,0.513,0.487,0.6908
GS_121,0,AGENT,"Good afternoon, thank you for calling RAKBANK, my name is David, how may I help you today?",golden,KYC_VERIFICATION,kyc_fraud_flag,Gulf/UAE/RAKBANK,unresolved,neutral -> confused_defensive,neutral_throughout,kyc_escalation,0.0,0.616,0.384,0.7964
GS_121,1,CUSTOMER,"Shukran, David. My name is Omar. My account has been flagged for some kind of review and I don't understand why — I haven't done anything unusual, and I submitted everything that was asked of me.",golden,KYC_VERIFICATION,kyc_fraud_flag,Gulf/UAE/RAKBANK,unresolved,neutral -> confused_defensive,neutral_throughout,kyc_escalation,0.0,1.0,0.0,0.0
GS_121,2,AGENT,"I understand the confusion, Omar. Let me look into that for you. Can you please confirm your registered phone number and Emirates ID number?",golden,KYC_VERIFICATION,kyc_fraud_flag,Gulf/UAE/RAKBANK,unresolved,neutral -> confused_defensive,neutral_throughout,kyc_escalation,0.084,0.728,0.188,0.1779
GS_121,3,CUSTOMER,051 220 9387. 784-1984-9203439-7.,golden,KYC_VERIFICATION,kyc_fraud_flag,Gulf/UAE/RAKBANK,unresolved,neutral -> confused_defensive,neutral_throughout,kyc_escalation,0.0,1.0,0.0,0.0
GS_121,4,AGENT,"Thank you, Omar. One moment while I pull up your application. I can confirm there's an extended review in progress on a recent large transaction on your account. I apologize for the delay.",golden,KYC_VERIFICATION,kyc_fraud_flag,Gulf/UAE/RAKBANK,unresolved,neutral -> confused_defensive,neutral_throughout,kyc_escalation,0.068,0.735,0.197,0.5267
GS_121,5,CUSTOMER,Extended review — what does that mean exactly? What else could possibly be needed?,golden,KYC_VERIFICATION,kyc_fraud_flag,Gulf/UAE/RAKBANK,unresolved,neutral -> confused_defensive,neutral_throughout,kyc_escalation,0.0,1.0,0.0,0.0
GS_121,6,AGENT,I understand your frustration. An extended review means your application requires additional verification steps beyond the standard automated process. This can happen for a number of reasons and doesn't necessarily indicate a problem with your documents.,golden,KYC_VERIFICATION,kyc_fraud_flag,Gulf/UAE/RAKBANK,unresolved,neutral -> confused_defensive,neutral_throughout,kyc_escalation,0.085,0.818,0.097,-0.1386
GS_121,7,CUSTOMER,"So you're telling me you don't even know why, or you just can't tell me?",golden,KYC_VERIFICATION,kyc_fraud_flag,Gulf/UAE/RAKBANK,unresolved,neutral -> confused_defensive,neutral_throughout,kyc_escalation,0.0,1.0,0.0,0.0
GS_121,8,AGENT,I genuinely don't have visibility into the specific trigger from this screen — I can only confirm that a review is in progress and share the expected timeline. That's determined by an automated system on the compliance side.,golden,KYC_VERIFICATION,kyc_fraud_flag,Gulf/UAE/RAKBANK,unresolved,neutral -> confused_defensive,neutral_throughout,kyc_escalation,0.0,0.807,0.193,0.7506
GS_121,9,CUSTOMER,This doesn't make sense. Is someone accusing me of something?,golden,KYC_VERIFICATION,kyc_fraud_flag,Gulf/UAE/RAKBANK,unresolved,neutral -> confused_defensive,neutral_throughout,kyc_escalation,0.159,0.841,0.0,-0.1779
GS_121,10,AGENT,"This isn't an accusation — extended reviews are a standard part of our verification process and don't necessarily mean anything was found. I know that's not a very satisfying answer, and I'm sorry for that.",golden,KYC_VERIFICATION,kyc_fraud_flag,Gulf/UAE/RAKBANK,unresolved,neutral -> confused_defensive,neutral_throughout,kyc_escalation,0.118,0.83,0.052,-0.3087
GS_121,11,CUSTOMER,Okay... so what happens now?,golden,KYC_VERIFICATION,kyc_fraud_flag,Gulf/UAE/RAKBANK,unresolved,neutral -> confused_defensive,neutral_throughout,kyc_escalation,0.0,1.0,0.0,0.0
GS_121,12,AGENT,The review typically takes 5 business days. I've escalated it internally with a note that you called in today — reference number RAK-KYC-20260706-6604 — and you'll be notified directly once it's complete.,golden,KYC_VERIFICATION,kyc_fraud_flag,Gulf/UAE/RAKBANK,unresolved,neutral -> confused_defensive,neutral_throughout,kyc_escalation,0.0,0.954,0.046,0.0772
GS_121,13,CUSTOMER,Can I at least speak to someone who does know the reason?,golden,KYC_VERIFICATION,kyc_fraud_flag,Gulf/UAE/RAKBANK,unresolved,neutral -> confused_defensive,neutral_throughout,kyc_escalation,0.0,1.0,0.0,0.0
GS_121,14,AGENT,"I can escalate your request to speak with the review team directly, though I can't guarantee they'll be able to disclose more than I have.",golden,KYC_VERIFICATION,kyc_fraud_flag,Gulf/UAE/RAKBANK,unresolved,neutral -> confused_defensive,neutral_throughout,kyc_escalation,0.077,0.923,0.0,-0.1877
GS_121,15,CUSTOMER,"Nobody contacted me to tell me this was happening in the first place, I had to call myself to find out. That's not good service.",golden,KYC_VERIFICATION,kyc_fraud_flag,Gulf/UAE/RAKBANK,unresolved,neutral -> confused_defensive,neutral_throughout,kyc_escalation,0.095,0.905,0.0,-0.3412
GS_121,16,AGENT,"You're right, and I sincerely apologize for that. You should have received a notification when your application moved to extended review. I'll log that as a service gap and flag it to the team.",golden,KYC_VERIFICATION,kyc_fraud_flag,Gulf/UAE/RAKBANK,unresolved,neutral -> confused_defensive,neutral_throughout,kyc_escalation,0.0,0.866,0.134,0.5423
GS_121,17,CUSTOMER,"Alright. I still don't really understand, but okay.",golden,KYC_VERIFICATION,kyc_fraud_flag,Gulf/UAE/RAKBANK,unresolved,neutral -> confused_defensive,neutral_throughout,kyc_escalation,0.0,0.541,0.459,0.5016
GS_121,18,AGENT,"I understand, and I appreciate your patience. Is there anything else I can help with today?",golden,KYC_VERIFICATION,kyc_fraud_flag,Gulf/UAE/RAKBANK,unresolved,neutral -> confused_defensive,neutral_throughout,kyc_escalation,0.0,0.671,0.329,0.6597
GS_121,19,CUSTOMER,"No, that's all.",golden,KYC_VERIFICATION,kyc_fraud_flag,Gulf/UAE/RAKBANK,unresolved,neutral -> confused_defensive,neutral_throughout,kyc_escalation,0.524,0.476,0.0,-0.296
GS_121,20,AGENT,"Thank you for banking with RAKBANK, take care.",golden,KYC_VERIFICATION,kyc_fraud_flag,Gulf/UAE/RAKBANK,unresolved,neutral -> confused_defensive,neutral_throughout,kyc_escalation,0.0,0.513,0.487,0.6908
GS_122,0,AGENT,"Good afternoon, thank you for calling Kuda, my name is Michael, how may I help you today?",golden,KYC_VERIFICATION,kyc_fraud_flag,Nigeria/Kuda,unresolved,neutral -> confused_defensive,neutral_throughout,kyc_escalation,0.0,0.616,0.384,0.7964
GS_122,1,CUSTOMER,"Please o, Michael. My name is Amaka. My account has been flagged for some kind of review and I don't understand why — I haven't done anything unusual, and I submitted everything that was asked of me.",golden,KYC_VERIFICATION,kyc_fraud_flag,Nigeria/Kuda,unresolved,neutral -> confused_defensive,neutral_throughout,kyc_escalation,0.0,0.933,0.067,0.3182
GS_122,2,AGENT,"I understand the confusion, Amaka. Let me look into that for you. Can you please confirm your registered phone number and BVN?",golden,KYC_VERIFICATION,kyc_fraud_flag,Nigeria/Kuda,unresolved,neutral -> confused_defensive,neutral_throughout,kyc_escalation,0.092,0.756,0.151,0.1027
GS_122,3,CUSTOMER,0819332820. 75583889793.,golden,KYC_VERIFICATION,kyc_fraud_flag,Nigeria/Kuda,unresolved,neutral -> confused_defensive,neutral_throughout,kyc_escalation,0.0,1.0,0.0,0.0
GS_122,4,AGENT,"Thank you, Amaka. One moment while I pull up your application. I can confirm there's an extended review in progress on a new account you opened recently. I apologize for the delay.",golden,KYC_VERIFICATION,kyc_fraud_flag,Nigeria/Kuda,unresolved,neutral -> confused_defensive,neutral_throughout,kyc_escalation,0.07,0.727,0.203,0.5267
GS_122,5,CUSTOMER,Extended review — what does that mean exactly? What else could possibly be needed?,golden,KYC_VERIFICATION,kyc_fraud_flag,Nigeria/Kuda,unresolved,neutral -> confused_defensive,neutral_throughout,kyc_escalation,0.0,1.0,0.0,0.0
GS_122,6,AGENT,I understand your frustration. An extended review means your application requires additional verification steps beyond the standard automated process. This can happen for a number of reasons and doesn't necessarily indicate a problem with your documents.,golden,KYC_VERIFICATION,kyc_fraud_flag,Nigeria/Kuda,unresolved,neutral -> confused_defensive,neutral_throughout,kyc_escalation,0.085,0.818,0.097,-0.1386
GS_122,7,CUSTOMER,"So you're telling me you don't even know why, or you just can't tell me?",golden,KYC_VERIFICATION,kyc_fraud_flag,Nigeria/Kuda,unresolved,neutral -> confused_defensive,neutral_throughout,kyc_escalation,0.0,1.0,0.0,0.0
GS_122,8,AGENT,I genuinely don't have visibility into the specific trigger from this screen — I can only confirm that a review is in progress and share the expected timeline. That's determined by an automated system on the compliance side.,golden,KYC_VERIFICATION,kyc_fraud_flag,Nigeria/Kuda,unresolved,neutral -> confused_defensive,neutral_throughout,kyc_escalation,0.0,0.807,0.193,0.7506
GS_122,9,CUSTOMER,This doesn't make sense. Is someone accusing me of something?,golden,KYC_VERIFICATION,kyc_fraud_flag,Nigeria/Kuda,unresolved,neutral -> confused_defensive,neutral_throughout,kyc_escalation,0.159,0.841,0.0,-0.1779
GS_122,10,AGENT,"This isn't an accusation — extended reviews are a standard part of our verification process and don't necessarily mean anything was found. I know that's not a very satisfying answer, and I'm sorry for that.",golden,KYC_VERIFICATION,kyc_fraud_flag,Nigeria/Kuda,unresolved,neutral -> confused_defensive,neutral_throughout,kyc_escalation,0.118,0.83,0.052,-0.3087
GS_122,11,CUSTOMER,Okay... so what happens now?,golden,KYC_VERIFICATION,kyc_fraud_flag,Nigeria/Kuda,unresolved,neutral -> confused_defensive,neutral_throughout,kyc_escalation,0.0,1.0,0.0,0.0
GS_122,12,AGENT,The review typically takes 4 business days. I've escalated it internally with a note that you called in today — reference number KD-KYC-20260826-8474 — and you'll be notified directly once it's complete.,golden,KYC_VERIFICATION,kyc_fraud_flag,Nigeria/Kuda,unresolved,neutral -> confused_defensive,neutral_throughout,kyc_escalation,0.0,0.954,0.046,0.0772
GS_122,13,CUSTOMER,"Nobody contacted me to tell me this was happening in the first place, I had to call myself to find out. That's not good service.",golden,KYC_VERIFICATION,kyc_fraud_flag,Nigeria/Kuda,unresolved,neutral -> confused_defensive,neutral_throughout,kyc_escalation,0.095,0.905,0.0,-0.3412
GS_122,14,AGENT,"You're right, and I sincerely apologize for that. You should have received a notification when your application moved to extended review. I'll log that as a service gap and flag it to the team.",golden,KYC_VERIFICATION,kyc_fraud_flag,Nigeria/Kuda,unresolved,neutral -> confused_defensive,neutral_throughout,kyc_escalation,0.0,0.866,0.134,0.5423
GS_122,15,CUSTOMER,"Alright. I still don't really understand, but okay.",golden,KYC_VERIFICATION,kyc_fraud_flag,Nigeria/Kuda,unresolved,neutral -> confused_defensive,neutral_throughout,kyc_escalation,0.0,0.541,0.459,0.5016
GS_122,16,AGENT,"I understand, and I appreciate your patience. Is there anything else I can help with today?",golden,KYC_VERIFICATION,kyc_fraud_flag,Nigeria/Kuda,unresolved,neutral -> confused_defensive,neutral_throughout,kyc_escalation,0.0,0.671,0.329,0.6597
GS_122,17,CUSTOMER,"No, that's all.",golden,KYC_VERIFICATION,kyc_fraud_flag,Nigeria/Kuda,unresolved,neutral -> confused_defensive,neutral_throughout,kyc_escalation,0.524,0.476,0.0,-0.296
GS_122,18,AGENT,"Thank you for banking with Kuda, take care.",golden,KYC_VERIFICATION,kyc_fraud_flag,Nigeria/Kuda,unresolved,neutral -> confused_defensive,neutral_throughout,kyc_escalation,0.0,0.513,0.487,0.6908
GS_123,0,AGENT,"Good afternoon, thank you for calling Equity Bank, my name is Blessing, how may I help you today?",golden,KYC_VERIFICATION,kyc_fraud_flag,Kenya/Equity Bank,unresolved,neutral -> confused_defensive,neutral_throughout,kyc_escalation,0.0,0.535,0.465,0.8834
GS_123,1,CUSTOMER,"Tafadhali, Blessing. My name is Wanjiru. My account has been flagged for some kind of review and I don't understand why — I haven't done anything unusual, and I submitted everything that was asked of me.",golden,KYC_VERIFICATION,kyc_fraud_flag,Kenya/Equity Bank,unresolved,neutral -> confused_defensive,neutral_throughout,kyc_escalation,0.0,0.906,0.094,0.4939
GS_123,2,AGENT,"I understand the confusion, Wanjiru. Let me look into that for you. Can you please confirm your registered phone number and national ID number?",golden,KYC_VERIFICATION,kyc_fraud_flag,Kenya/Equity Bank,unresolved,neutral -> confused_defensive,neutral_throughout,kyc_escalation,0.084,0.728,0.188,0.1779
GS_123,3,CUSTOMER,0732 495 784. 21927396.,golden,KYC_VERIFICATION,kyc_fraud_flag,Kenya/Equity Bank,unresolved,neutral -> confused_defensive,neutral_throughout,kyc_escalation,0.0,1.0,0.0,0.0
GS_123,4,AGENT,"Thank you, Wanjiru. One moment while I pull up your application. I can confirm there's an extended review in progress on your account during a routine automated screening. I apologize for the delay.",golden,KYC_VERIFICATION,kyc_fraud_flag,Kenya/Equity Bank,unresolved,neutral -> confused_defensive,neutral_throughout,kyc_escalation,0.068,0.735,0.197,0.5267
GS_123,5,CUSTOMER,Extended review — what does that mean exactly? What else could possibly be needed?,golden,KYC_VERIFICATION,kyc_fraud_flag,Kenya/Equity Bank,unresolved,neutral -> confused_defensive,neutral_throughout,kyc_escalation,0.0,1.0,0.0,0.0
GS_123,6,AGENT,I understand your frustration. An extended review means your application requires additional verification steps beyond the standard automated process. This can happen for a number of reasons and doesn't necessarily indicate a problem with your documents.,golden,KYC_VERIFICATION,kyc_fraud_flag,Kenya/Equity Bank,unresolved,neutral -> confused_defensive,neutral_throughout,kyc_escalation,0.085,0.818,0.097,-0.1386
GS_123,7,CUSTOMER,"So you're telling me you don't even know why, or you just can't tell me?",golden,KYC_VERIFICATION,kyc_fraud_flag,Kenya/Equity Bank,unresolved,neutral -> confused_defensive,neutral_throughout,kyc_escalation,0.0,1.0,0.0,0.0
GS_123,8,AGENT,I genuinely don't have visibility into the specific trigger from this screen — I can only confirm that a review is in progress and share the expected timeline. That's determined by an automated system on the compliance side.,golden,KYC_VERIFICATION,kyc_fraud_flag,Kenya/Equity Bank,unresolved,neutral -> confused_defensive,neutral_throughout,kyc_escalation,0.0,0.807,0.193,0.7506
GS_123,9,CUSTOMER,This doesn't make sense. Is someone accusing me of something?,golden,KYC_VERIFICATION,kyc_fraud_flag,Kenya/Equity Bank,unresolved,neutral -> confused_defensive,neutral_throughout,kyc_escalation,0.159,0.841,0.0,-0.1779
GS_123,10,AGENT,"This isn't an accusation — extended reviews are a standard part of our verification process and don't necessarily mean anything was found. I know that's not a very satisfying answer, and I'm sorry for that.",golden,KYC_VERIFICATION,kyc_fraud_flag,Kenya/Equity Bank,unresolved,neutral -> confused_defensive,neutral_throughout,kyc_escalation,0.118,0.83,0.052,-0.3087
GS_123,11,CUSTOMER,Okay... so what happens now?,golden,KYC_VERIFICATION,kyc_fraud_flag,Kenya/Equity Bank,unresolved,neutral -> confused_defensive,neutral_throughout,kyc_escalation,0.0,1.0,0.0,0.0
GS_123,12,AGENT,The review typically takes 4 business days. I've escalated it internally with a note that you called in today — reference number EQ-KYC-20260701-8564 — and you'll be notified directly once it's complete.,golden,KYC_VERIFICATION,kyc_fraud_flag,Kenya/Equity Bank,unresolved,neutral -> confused_defensive,neutral_throughout,kyc_escalation,0.0,0.954,0.046,0.0772
GS_123,13,CUSTOMER,Can I at least speak to someone who does know the reason?,golden,KYC_VERIFICATION,kyc_fraud_flag,Kenya/Equity Bank,unresolved,neutral -> confused_defensive,neutral_throughout,kyc_escalation,0.0,1.0,0.0,0.0
GS_123,14,AGENT,"I can escalate your request to speak with the review team directly, though I can't guarantee they'll be able to disclose more than I have.",golden,KYC_VERIFICATION,kyc_fraud_flag,Kenya/Equity Bank,unresolved,neutral -> confused_defensive,neutral_throughout,kyc_escalation,0.077,0.923,0.0,-0.1877
GS_123,15,CUSTOMER,"Nobody contacted me to tell me this was happening in the first place, I had to call myself to find out. That's not good service.",golden,KYC_VERIFICATION,kyc_fraud_flag,Kenya/Equity Bank,unresolved,neutral -> confused_defensive,neutral_throughout,kyc_escalation,0.095,0.905,0.0,-0.3412
GS_123,16,AGENT,"You're right, and I sincerely apologize for that. You should have received a notification when your application moved to extended review. I'll log that as a service gap and flag it to the team.",golden,KYC_VERIFICATION,kyc_fraud_flag,Kenya/Equity Bank,unresolved,neutral -> confused_defensive,neutral_throughout,kyc_escalation,0.0,0.866,0.134,0.5423
GS_123,17,CUSTOMER,"Alright. I still don't really understand, but okay.",golden,KYC_VERIFICATION,kyc_fraud_flag,Kenya/Equity Bank,unresolved,neutral -> confused_defensive,neutral_throughout,kyc_escalation,0.0,0.541,0.459,0.5016
GS_123,18,AGENT,"I understand, and I appreciate your patience. Is there anything else I can help with today?",golden,KYC_VERIFICATION,kyc_fraud_flag,Kenya/Equity Bank,unresolved,neutral -> confused_defensive,neutral_throughout,kyc_escalation,0.0,0.671,0.329,0.6597
GS_123,19,CUSTOMER,"No, that's all.",golden,KYC_VERIFICATION,kyc_fraud_flag,Kenya/Equity Bank,unresolved,neutral -> confused_defensive,neutral_throughout,kyc_escalation,0.524,0.476,0.0,-0.296
GS_123,20,AGENT,"Thank you for banking with Equity Bank, take care.",golden,KYC_VERIFICATION,kyc_fraud_flag,Kenya/Equity Bank,unresolved,neutral -> confused_defensive,neutral_throughout,kyc_escalation,0.0,0.551,0.449,0.6908
GS_124,0,AGENT,"Good afternoon, thank you for calling Emirates NBD, my name is Ada, how may I help you today?",golden,KYC_VERIFICATION,kyc_fraud_flag,Gulf/UAE/Emirates NBD,unresolved,neutral -> confused_defensive,neutral_throughout,kyc_escalation,0.0,0.539,0.461,0.8788
GS_124,1,CUSTOMER,"Shukran, Ada. My name is Rashid. My account has been flagged for some kind of review and I don't understand why — I haven't done anything unusual, and I submitted everything that was asked of me.",golden,KYC_VERIFICATION,kyc_fraud_flag,Gulf/UAE/Emirates NBD,unresolved,neutral -> confused_defensive,neutral_throughout,kyc_escalation,0.0,1.0,0.0,0.0
GS_124,2,AGENT,"I understand the confusion, Rashid. Let me look into that for you. Can you please confirm your registered phone number and Emirates ID number?",golden,KYC_VERIFICATION,kyc_fraud_flag,Gulf/UAE/Emirates NBD,unresolved,neutral -> confused_defensive,neutral_throughout,kyc_escalation,0.084,0.728,0.188,0.1779
GS_124,3,CUSTOMER,052 856 5056. 784-1982-3791163-8.,golden,KYC_VERIFICATION,kyc_fraud_flag,Gulf/UAE/Emirates NBD,unresolved,neutral -> confused_defensive,neutral_throughout,kyc_escalation,0.0,1.0,0.0,0.0
GS_124,4,AGENT,"Thank you, Rashid. One moment while I pull up your application. I can confirm there's an extended review in progress on a recent large transaction on your account. I apologize for the delay.",golden,KYC_VERIFICATION,kyc_fraud_flag,Gulf/UAE/Emirates NBD,unresolved,neutral -> confused_defensive,neutral_throughout,kyc_escalation,0.068,0.735,0.197,0.5267
GS_124,5,CUSTOMER,Extended review — what does that mean exactly? What else could possibly be needed?,golden,KYC_VERIFICATION,kyc_fraud_flag,Gulf/UAE/Emirates NBD,unresolved,neutral -> confused_defensive,neutral_throughout,kyc_escalation,0.0,1.0,0.0,0.0
GS_124,6,AGENT,I understand your frustration. An extended review means your application requires additional verification steps beyond the standard automated process. This can happen for a number of reasons and doesn't necessarily indicate a problem with your documents.,golden,KYC_VERIFICATION,kyc_fraud_flag,Gulf/UAE/Emirates NBD,unresolved,neutral -> confused_defensive,neutral_throughout,kyc_escalation,0.085,0.818,0.097,-0.1386
GS_124,7,CUSTOMER,"So you're telling me you don't even know why, or you just can't tell me?",golden,KYC_VERIFICATION,kyc_fraud_flag,Gulf/UAE/Emirates NBD,unresolved,neutral -> confused_defensive,neutral_throughout,kyc_escalation,0.0,1.0,0.0,0.0
GS_124,8,AGENT,I genuinely don't have visibility into the specific trigger from this screen — I can only confirm that a review is in progress and share the expected timeline. That's determined by an automated system on the compliance side.,golden,KYC_VERIFICATION,kyc_fraud_flag,Gulf/UAE/Emirates NBD,unresolved,neutral -> confused_defensive,neutral_throughout,kyc_escalation,0.0,0.807,0.193,0.7506
GS_124,9,CUSTOMER,This doesn't make sense. Is someone accusing me of something?,golden,KYC_VERIFICATION,kyc_fraud_flag,Gulf/UAE/Emirates NBD,unresolved,neutral -> confused_defensive,neutral_throughout,kyc_escalation,0.159,0.841,0.0,-0.1779
GS_124,10,AGENT,"This isn't an accusation — extended reviews are a standard part of our verification process and don't necessarily mean anything was found. I know that's not a very satisfying answer, and I'm sorry for that.",golden,KYC_VERIFICATION,kyc_fraud_flag,Gulf/UAE/Emirates NBD,unresolved,neutral -> confused_defensive,neutral_throughout,kyc_escalation,0.118,0.83,0.052,-0.3087
GS_124,11,CUSTOMER,Okay... so what happens now?,golden,KYC_VERIFICATION,kyc_fraud_flag,Gulf/UAE/Emirates NBD,unresolved,neutral -> confused_defensive,neutral_throughout,kyc_escalation,0.0,1.0,0.0,0.0
GS_124,12,AGENT,The review typically takes 4 business days. I've escalated it internally with a note that you called in today — reference number ENBD-KYC-20260713-9134 — and you'll be notified directly once it's complete.,golden,KYC_VERIFICATION,kyc_fraud_flag,Gulf/UAE/Emirates NBD,unresolved,neutral -> confused_defensive,neutral_throughout,kyc_escalation,0.0,0.954,0.046,0.0772
GS_124,13,CUSTOMER,"Nobody contacted me to tell me this was happening in the first place, I had to call myself to find out. That's not good service.",golden,KYC_VERIFICATION,kyc_fraud_flag,Gulf/UAE/Emirates NBD,unresolved,neutral -> confused_defensive,neutral_throughout,kyc_escalation,0.095,0.905,0.0,-0.3412
GS_124,14,AGENT,"You're right, and I sincerely apologize for that. You should have received a notification when your application moved to extended review. I'll log that as a service gap and flag it to the team.",golden,KYC_VERIFICATION,kyc_fraud_flag,Gulf/UAE/Emirates NBD,unresolved,neutral -> confused_defensive,neutral_throughout,kyc_escalation,0.0,0.866,0.134,0.5423
GS_124,15,CUSTOMER,"Alright. I still don't really understand, but okay.",golden,KYC_VERIFICATION,kyc_fraud_flag,Gulf/UAE/Emirates NBD,unresolved,neutral -> confused_defensive,neutral_throughout,kyc_escalation,0.0,0.541,0.459,0.5016
GS_124,16,AGENT,"I understand, and I appreciate your patience. Is there anything else I can help with today?",golden,KYC_VERIFICATION,kyc_fraud_flag,Gulf/UAE/Emirates NBD,unresolved,neutral -> confused_defensive,neutral_throughout,kyc_escalation,0.0,0.671,0.329,0.6597
GS_124,17,CUSTOMER,"No, that's all.",golden,KYC_VERIFICATION,kyc_fraud_flag,Gulf/UAE/Emirates NBD,unresolved,neutral -> confused_defensive,neutral_throughout,kyc_escalation,0.524,0.476,0.0,-0.296
GS_124,18,AGENT,"Thank you for banking with Emirates NBD, take care.",golden,KYC_VERIFICATION,kyc_fraud_flag,Gulf/UAE/Emirates NBD,unresolved,neutral -> confused_defensive,neutral_throughout,kyc_escalation,0.0,0.407,0.593,0.8286
GS_125,0,AGENT,"Good afternoon, thank you for calling OPay, my name is Chinwe, how may I help you today?",golden,KYC_VERIFICATION,kyc_fraud_flag,Nigeria/OPay,unresolved,neutral -> confused_defensive,neutral_throughout,kyc_escalation,0.0,0.616,0.384,0.7964
GS_125,1,CUSTOMER,"Please o, Chinwe. My name is Ngozi. My account has been flagged for some kind of review and I don't understand why — I haven't done anything unusual, and I submitted everything that was asked of me.",golden,KYC_VERIFICATION,kyc_fraud_flag,Nigeria/OPay,unresolved,neutral -> confused_defensive,neutral_throughout,kyc_escalation,0.0,0.933,0.067,0.3182
GS_125,2,AGENT,"I understand the confusion, Ngozi. Let me look into that for you. Can you please confirm your registered phone number and BVN?",golden,KYC_VERIFICATION,kyc_fraud_flag,Nigeria/OPay,unresolved,neutral -> confused_defensive,neutral_throughout,kyc_escalation,0.092,0.756,0.151,0.1027
GS_125,3,CUSTOMER,0907019181. 19238134973.,golden,KYC_VERIFICATION,kyc_fraud_flag,Nigeria/OPay,unresolved,neutral -> confused_defensive,neutral_throughout,kyc_escalation,0.0,1.0,0.0,0.0
GS_125,4,AGENT,"Thank you, Ngozi. One moment while I pull up your application. I can confirm there's an extended review in progress on a new account you opened recently. I apologize for the delay.",golden,KYC_VERIFICATION,kyc_fraud_flag,Nigeria/OPay,unresolved,neutral -> confused_defensive,neutral_throughout,kyc_escalation,0.07,0.727,0.203,0.5267
GS_125,5,CUSTOMER,Extended review — what does that mean exactly? What else could possibly be needed?,golden,KYC_VERIFICATION,kyc_fraud_flag,Nigeria/OPay,unresolved,neutral -> confused_defensive,neutral_throughout,kyc_escalation,0.0,1.0,0.0,0.0
GS_125,6,AGENT,I understand your frustration. An extended review means your application requires additional verification steps beyond the standard automated process. This can happen for a number of reasons and doesn't necessarily indicate a problem with your documents.,golden,KYC_VERIFICATION,kyc_fraud_flag,Nigeria/OPay,unresolved,neutral -> confused_defensive,neutral_throughout,kyc_escalation,0.085,0.818,0.097,-0.1386
GS_125,7,CUSTOMER,"So you're telling me you don't even know why, or you just can't tell me?",golden,KYC_VERIFICATION,kyc_fraud_flag,Nigeria/OPay,unresolved,neutral -> confused_defensive,neutral_throughout,kyc_escalation,0.0,1.0,0.0,0.0
GS_125,8,AGENT,I genuinely don't have visibility into the specific trigger from this screen — I can only confirm that a review is in progress and share the expected timeline. That's determined by an automated system on the compliance side.,golden,KYC_VERIFICATION,kyc_fraud_flag,Nigeria/OPay,unresolved,neutral -> confused_defensive,neutral_throughout,kyc_escalation,0.0,0.807,0.193,0.7506
GS_125,9,CUSTOMER,This doesn't make sense. Is someone accusing me of something?,golden,KYC_VERIFICATION,kyc_fraud_flag,Nigeria/OPay,unresolved,neutral -> confused_defensive,neutral_throughout,kyc_escalation,0.159,0.841,0.0,-0.1779
GS_125,10,AGENT,"This isn't an accusation — extended reviews are a standard part of our verification process and don't necessarily mean anything was found. I know that's not a very satisfying answer, and I'm sorry for that.",golden,KYC_VERIFICATION,kyc_fraud_flag,Nigeria/OPay,unresolved,neutral -> confused_defensive,neutral_throughout,kyc_escalation,0.118,0.83,0.052,-0.3087
GS_125,11,CUSTOMER,Okay... so what happens now?,golden,KYC_VERIFICATION,kyc_fraud_flag,Nigeria/OPay,unresolved,neutral -> confused_defensive,neutral_throughout,kyc_escalation,0.0,1.0,0.0,0.0
GS_125,12,AGENT,The review typically takes 5 business days. I've escalated it internally with a note that you called in today — reference number OP-KYC-20260813-4780 — and you'll be notified directly once it's complete.,golden,KYC_VERIFICATION,kyc_fraud_flag,Nigeria/OPay,unresolved,neutral -> confused_defensive,neutral_throughout,kyc_escalation,0.0,0.954,0.046,0.0772
GS_125,13,CUSTOMER,Can I at least speak to someone who does know the reason?,golden,KYC_VERIFICATION,kyc_fraud_flag,Nigeria/OPay,unresolved,neutral -> confused_defensive,neutral_throughout,kyc_escalation,0.0,1.0,0.0,0.0
GS_125,14,AGENT,"I can escalate your request to speak with the review team directly, though I can't guarantee they'll be able to disclose more than I have.",golden,KYC_VERIFICATION,kyc_fraud_flag,Nigeria/OPay,unresolved,neutral -> confused_defensive,neutral_throughout,kyc_escalation,0.077,0.923,0.0,-0.1877
GS_125,15,CUSTOMER,"Nobody contacted me to tell me this was happening in the first place, I had to call myself to find out. That's not good service.",golden,KYC_VERIFICATION,kyc_fraud_flag,Nigeria/OPay,unresolved,neutral -> confused_defensive,neutral_throughout,kyc_escalation,0.095,0.905,0.0,-0.3412
GS_125,16,AGENT,"You're right, and I sincerely apologize for that. You should have received a notification when your application moved to extended review. I'll log that as a service gap and flag it to the team.",golden,KYC_VERIFICATION,kyc_fraud_flag,Nigeria/OPay,unresolved,neutral -> confused_defensive,neutral_throughout,kyc_escalation,0.0,0.866,0.134,0.5423
GS_125,17,CUSTOMER,"Alright. I still don't really understand, but okay.",golden,KYC_VERIFICATION,kyc_fraud_flag,Nigeria/OPay,unresolved,neutral -> confused_defensive,neutral_throughout,kyc_escalation,0.0,0.541,0.459,0.5016
GS_125,18,AGENT,"I understand, and I appreciate your patience. Is there anything else I can help with today?",golden,KYC_VERIFICATION,kyc_fraud_flag,Nigeria/OPay,unresolved,neutral -> confused_defensive,neutral_throughout,kyc_escalation,0.0,0.671,0.329,0.6597
GS_125,19,CUSTOMER,"No, that's all.",golden,KYC_VERIFICATION,kyc_fraud_flag,Nigeria/OPay,unresolved,neutral -> confused_defensive,neutral_throughout,kyc_escalation,0.524,0.476,0.0,-0.296
GS_125,20,AGENT,"Thank you for banking with OPay, take care.",golden,KYC_VERIFICATION,kyc_fraud_flag,Nigeria/OPay,unresolved,neutral -> confused_defensive,neutral_throughout,kyc_escalation,0.0,0.513,0.487,0.6908
GS_126,0,AGENT,"Good afternoon, thank you for calling KCB, my name is Femi, how may I help you today?",golden,KYC_VERIFICATION,kyc_fraud_flag,Kenya/KCB,unresolved,neutral -> confused_defensive,neutral_throughout,kyc_escalation,0.0,0.616,0.384,0.7964
GS_126,1,CUSTOMER,"Sawa, Femi. My name is Nyambura. My account has been flagged for some kind of review and I don't understand why — I haven't done anything unusual, and I submitted everything that was asked of me.",golden,KYC_VERIFICATION,kyc_fraud_flag,Kenya/KCB,unresolved,neutral -> confused_defensive,neutral_throughout,kyc_escalation,0.0,1.0,0.0,0.0
GS_126,2,AGENT,"I understand the confusion, Nyambura. Let me look into that for you. Can you please confirm your registered phone number and national ID number?",golden,KYC_VERIFICATION,kyc_fraud_flag,Kenya/KCB,unresolved,neutral -> confused_defensive,neutral_throughout,kyc_escalation,0.084,0.728,0.188,0.1779
GS_126,3,CUSTOMER,0736 703 286. 14888088.,golden,KYC_VERIFICATION,kyc_fraud_flag,Kenya/KCB,unresolved,neutral -> confused_defensive,neutral_throughout,kyc_escalation,0.0,1.0,0.0,0.0
GS_126,4,AGENT,"Thank you, Nyambura. One moment while I pull up your application. I can confirm there's an extended review in progress on your account during a routine automated screening. I apologize for the delay.",golden,KYC_VERIFICATION,kyc_fraud_flag,Kenya/KCB,unresolved,neutral -> confused_defensive,neutral_throughout,kyc_escalation,0.068,0.735,0.197,0.5267
GS_126,5,CUSTOMER,Extended review — what does that mean exactly? What else could possibly be needed?,golden,KYC_VERIFICATION,kyc_fraud_flag,Kenya/KCB,unresolved,neutral -> confused_defensive,neutral_throughout,kyc_escalation,0.0,1.0,0.0,0.0
GS_126,6,AGENT,I understand your frustration. An extended review means your application requires additional verification steps beyond the standard automated process. This can happen for a number of reasons and doesn't necessarily indicate a problem with your documents.,golden,KYC_VERIFICATION,kyc_fraud_flag,Kenya/KCB,unresolved,neutral -> confused_defensive,neutral_throughout,kyc_escalation,0.085,0.818,0.097,-0.1386
GS_126,7,CUSTOMER,"So you're telling me you don't even know why, or you just can't tell me?",golden,KYC_VERIFICATION,kyc_fraud_flag,Kenya/KCB,unresolved,neutral -> confused_defensive,neutral_throughout,kyc_escalation,0.0,1.0,0.0,0.0
GS_126,8,AGENT,I genuinely don't have visibility into the specific trigger from this screen — I can only confirm that a review is in progress and share the expected timeline. That's determined by an automated system on the compliance side.,golden,KYC_VERIFICATION,kyc_fraud_flag,Kenya/KCB,unresolved,neutral -> confused_defensive,neutral_throughout,kyc_escalation,0.0,0.807,0.193,0.7506
GS_126,9,CUSTOMER,This doesn't make sense. Is someone accusing me of something?,golden,KYC_VERIFICATION,kyc_fraud_flag,Kenya/KCB,unresolved,neutral -> confused_defensive,neutral_throughout,kyc_escalation,0.159,0.841,0.0,-0.1779
GS_126,10,AGENT,"This isn't an accusation — extended reviews are a standard part of our verification process and don't necessarily mean anything was found. I know that's not a very satisfying answer, and I'm sorry for that.",golden,KYC_VERIFICATION,kyc_fraud_flag,Kenya/KCB,unresolved,neutral -> confused_defensive,neutral_throughout,kyc_escalation,0.118,0.83,0.052,-0.3087
GS_126,11,CUSTOMER,Okay... so what happens now?,golden,KYC_VERIFICATION,kyc_fraud_flag,Kenya/KCB,unresolved,neutral -> confused_defensive,neutral_throughout,kyc_escalation,0.0,1.0,0.0,0.0
GS_126,12,AGENT,The review typically takes 4 business days. I've escalated it internally with a note that you called in today — reference number KCB-KYC-20260710-1067 — and you'll be notified directly once it's complete.,golden,KYC_VERIFICATION,kyc_fraud_flag,Kenya/KCB,unresolved,neutral -> confused_defensive,neutral_throughout,kyc_escalation,0.0,0.954,0.046,0.0772
GS_126,13,CUSTOMER,"Nobody contacted me to tell me this was happening in the first place, I had to call myself to find out. That's not good service.",golden,KYC_VERIFICATION,kyc_fraud_flag,Kenya/KCB,unresolved,neutral -> confused_defensive,neutral_throughout,kyc_escalation,0.095,0.905,0.0,-0.3412
GS_126,14,AGENT,"You're right, and I sincerely apologize for that. You should have received a notification when your application moved to extended review. I'll log that as a service gap and flag it to the team.",golden,KYC_VERIFICATION,kyc_fraud_flag,Kenya/KCB,unresolved,neutral -> confused_defensive,neutral_throughout,kyc_escalation,0.0,0.866,0.134,0.5423
GS_126,15,CUSTOMER,"Alright. I still don't really understand, but okay.",golden,KYC_VERIFICATION,kyc_fraud_flag,Kenya/KCB,unresolved,neutral -> confused_defensive,neutral_throughout,kyc_escalation,0.0,0.541,0.459,0.5016
GS_126,16,AGENT,"I understand, and I appreciate your patience. Is there anything else I can help with today?",golden,KYC_VERIFICATION,kyc_fraud_flag,Kenya/KCB,unresolved,neutral -> confused_defensive,neutral_throughout,kyc_escalation,0.0,0.671,0.329,0.6597
GS_126,17,CUSTOMER,"No, that's all.",golden,KYC_VERIFICATION,kyc_fraud_flag,Kenya/KCB,unresolved,neutral -> confused_defensive,neutral_throughout,kyc_escalation,0.524,0.476,0.0,-0.296
GS_126,18,AGENT,"Thank you for banking with KCB, take care.",golden,KYC_VERIFICATION,kyc_fraud_flag,Kenya/KCB,unresolved,neutral -> confused_defensive,neutral_throughout,kyc_escalation,0.0,0.513,0.487,0.6908
GS_127,0,AGENT,"Good afternoon, thank you for calling ADCB, my name is Michael, how may I help you today?",golden,KYC_VERIFICATION,kyc_fraud_flag,Gulf/UAE/ADCB,unresolved,neutral -> confused_defensive,neutral_throughout,kyc_escalation,0.0,0.616,0.384,0.7964
GS_127,1,CUSTOMER,"Shukran, Michael. My name is Hassan. My account has been flagged for some kind of review and I don't understand why — I haven't done anything unusual, and I submitted everything that was asked of me.",golden,KYC_VERIFICATION,kyc_fraud_flag,Gulf/UAE/ADCB,unresolved,neutral -> confused_defensive,neutral_throughout,kyc_escalation,0.0,1.0,0.0,0.0
GS_127,2,AGENT,"I understand the confusion, Hassan. Let me look into that for you. Can you please confirm your registered phone number and Emirates ID number?",golden,KYC_VERIFICATION,kyc_fraud_flag,Gulf/UAE/ADCB,unresolved,neutral -> confused_defensive,neutral_throughout,kyc_escalation,0.084,0.728,0.188,0.1779
GS_127,3,CUSTOMER,058 732 1884. 784-1992-7693754-7.,golden,KYC_VERIFICATION,kyc_fraud_flag,Gulf/UAE/ADCB,unresolved,neutral -> confused_defensive,neutral_throughout,kyc_escalation,0.0,1.0,0.0,0.0
GS_127,4,AGENT,"Thank you, Hassan. One moment while I pull up your application. I can confirm there's an extended review in progress on a recent large transaction on your account. I apologize for the delay.",golden,KYC_VERIFICATION,kyc_fraud_flag,Gulf/UAE/ADCB,unresolved,neutral -> confused_defensive,neutral_throughout,kyc_escalation,0.068,0.735,0.197,0.5267
GS_127,5,CUSTOMER,Extended review — what does that mean exactly? What else could possibly be needed?,golden,KYC_VERIFICATION,kyc_fraud_flag,Gulf/UAE/ADCB,unresolved,neutral -> confused_defensive,neutral_throughout,kyc_escalation,0.0,1.0,0.0,0.0
GS_127,6,AGENT,I understand your frustration. An extended review means your application requires additional verification steps beyond the standard automated process. This can happen for a number of reasons and doesn't necessarily indicate a problem with your documents.,golden,KYC_VERIFICATION,kyc_fraud_flag,Gulf/UAE/ADCB,unresolved,neutral -> confused_defensive,neutral_throughout,kyc_escalation,0.085,0.818,0.097,-0.1386
GS_127,7,CUSTOMER,"So you're telling me you don't even know why, or you just can't tell me?",golden,KYC_VERIFICATION,kyc_fraud_flag,Gulf/UAE/ADCB,unresolved,neutral -> confused_defensive,neutral_throughout,kyc_escalation,0.0,1.0,0.0,0.0
GS_127,8,AGENT,I genuinely don't have visibility into the specific trigger from this screen — I can only confirm that a review is in progress and share the expected timeline. That's determined by an automated system on the compliance side.,golden,KYC_VERIFICATION,kyc_fraud_flag,Gulf/UAE/ADCB,unresolved,neutral -> confused_defensive,neutral_throughout,kyc_escalation,0.0,0.807,0.193,0.7506
GS_127,9,CUSTOMER,This doesn't make sense. Is someone accusing me of something?,golden,KYC_VERIFICATION,kyc_fraud_flag,Gulf/UAE/ADCB,unresolved,neutral -> confused_defensive,neutral_throughout,kyc_escalation,0.159,0.841,0.0,-0.1779
GS_127,10,AGENT,"This isn't an accusation — extended reviews are a standard part of our verification process and don't necessarily mean anything was found. I know that's not a very satisfying answer, and I'm sorry for that.",golden,KYC_VERIFICATION,kyc_fraud_flag,Gulf/UAE/ADCB,unresolved,neutral -> confused_defensive,neutral_throughout,kyc_escalation,0.118,0.83,0.052,-0.3087
GS_127,11,CUSTOMER,Okay... so what happens now?,golden,KYC_VERIFICATION,kyc_fraud_flag,Gulf/UAE/ADCB,unresolved,neutral -> confused_defensive,neutral_throughout,kyc_escalation,0.0,1.0,0.0,0.0
GS_127,12,AGENT,The review typically takes 3 business days. I've escalated it internally with a note that you called in today — reference number ADCB-KYC-20260728-7428 — and you'll be notified directly once it's complete.,golden,KYC_VERIFICATION,kyc_fraud_flag,Gulf/UAE/ADCB,unresolved,neutral -> confused_defensive,neutral_throughout,kyc_escalation,0.0,0.954,0.046,0.0772
GS_127,13,CUSTOMER,Can I at least speak to someone who does know the reason?,golden,KYC_VERIFICATION,kyc_fraud_flag,Gulf/UAE/ADCB,unresolved,neutral -> confused_defensive,neutral_throughout,kyc_escalation,0.0,1.0,0.0,0.0
GS_127,14,AGENT,"I can escalate your request to speak with the review team directly, though I can't guarantee they'll be able to disclose more than I have.",golden,KYC_VERIFICATION,kyc_fraud_flag,Gulf/UAE/ADCB,unresolved,neutral -> confused_defensive,neutral_throughout,kyc_escalation,0.077,0.923,0.0,-0.1877
GS_127,15,CUSTOMER,"Nobody contacted me to tell me this was happening in the first place, I had to call myself to find out. That's not good service.",golden,KYC_VERIFICATION,kyc_fraud_flag,Gulf/UAE/ADCB,unresolved,neutral -> confused_defensive,neutral_throughout,kyc_escalation,0.095,0.905,0.0,-0.3412
GS_127,16,AGENT,"You're right, and I sincerely apologize for that. You should have received a notification when your application moved to extended review. I'll log that as a service gap and flag it to the team.",golden,KYC_VERIFICATION,kyc_fraud_flag,Gulf/UAE/ADCB,unresolved,neutral -> confused_defensive,neutral_throughout,kyc_escalation,0.0,0.866,0.134,0.5423
GS_127,17,CUSTOMER,"Alright. I still don't really understand, but okay.",golden,KYC_VERIFICATION,kyc_fraud_flag,Gulf/UAE/ADCB,unresolved,neutral -> confused_defensive,neutral_throughout,kyc_escalation,0.0,0.541,0.459,0.5016
GS_127,18,AGENT,"I understand, and I appreciate your patience. Is there anything else I can help with today?",golden,KYC_VERIFICATION,kyc_fraud_flag,Gulf/UAE/ADCB,unresolved,neutral -> confused_defensive,neutral_throughout,kyc_escalation,0.0,0.671,0.329,0.6597
GS_127,19,CUSTOMER,"No, that's all.",golden,KYC_VERIFICATION,kyc_fraud_flag,Gulf/UAE/ADCB,unresolved,neutral -> confused_defensive,neutral_throughout,kyc_escalation,0.524,0.476,0.0,-0.296
GS_127,20,AGENT,"Thank you for banking with ADCB, take care.",golden,KYC_VERIFICATION,kyc_fraud_flag,Gulf/UAE/ADCB,unresolved,neutral -> confused_defensive,neutral_throughout,kyc_escalation,0.0,0.513,0.487,0.6908
GS_128,0,AGENT,"Good afternoon, thank you for calling Moniepoint, my name is Femi, how may I help you today?",golden,KYC_VERIFICATION,kyc_fraud_flag,Nigeria/Moniepoint,unresolved,neutral -> confused_defensive,neutral_throughout,kyc_escalation,0.0,0.616,0.384,0.7964
GS_128,1,CUSTOMER,"Abeg, Femi. My name is Chiamaka. My account has been flagged for some kind of review and I don't understand why — I haven't done anything unusual, and I submitted everything that was asked of me.",golden,KYC_VERIFICATION,kyc_fraud_flag,Nigeria/Moniepoint,unresolved,neutral -> confused_defensive,neutral_throughout,kyc_escalation,0.0,1.0,0.0,0.0
GS_128,2,AGENT,"I understand the confusion, Chiamaka. Let me look into that for you. Can you please confirm your registered phone number and BVN?",golden,KYC_VERIFICATION,kyc_fraud_flag,Nigeria/Moniepoint,unresolved,neutral -> confused_defensive,neutral_throughout,kyc_escalation,0.092,0.756,0.151,0.1027
GS_128,3,CUSTOMER,0903722995. 10439717024.,golden,KYC_VERIFICATION,kyc_fraud_flag,Nigeria/Moniepoint,unresolved,neutral -> confused_defensive,neutral_throughout,kyc_escalation,0.0,1.0,0.0,0.0
GS_128,4,AGENT,"Thank you, Chiamaka. One moment while I pull up your application. I can confirm there's an extended review in progress on a new account you opened recently. I apologize for the delay.",golden,KYC_VERIFICATION,kyc_fraud_flag,Nigeria/Moniepoint,unresolved,neutral -> confused_defensive,neutral_throughout,kyc_escalation,0.07,0.727,0.203,0.5267
GS_128,5,CUSTOMER,Extended review — what does that mean exactly? What else could possibly be needed?,golden,KYC_VERIFICATION,kyc_fraud_flag,Nigeria/Moniepoint,unresolved,neutral -> confused_defensive,neutral_throughout,kyc_escalation,0.0,1.0,0.0,0.0
GS_128,6,AGENT,I understand your frustration. An extended review means your application requires additional verification steps beyond the standard automated process. This can happen for a number of reasons and doesn't necessarily indicate a problem with your documents.,golden,KYC_VERIFICATION,kyc_fraud_flag,Nigeria/Moniepoint,unresolved,neutral -> confused_defensive,neutral_throughout,kyc_escalation,0.085,0.818,0.097,-0.1386
GS_128,7,CUSTOMER,"So you're telling me you don't even know why, or you just can't tell me?",golden,KYC_VERIFICATION,kyc_fraud_flag,Nigeria/Moniepoint,unresolved,neutral -> confused_defensive,neutral_throughout,kyc_escalation,0.0,1.0,0.0,0.0
GS_128,8,AGENT,I genuinely don't have visibility into the specific trigger from this screen — I can only confirm that a review is in progress and share the expected timeline. That's determined by an automated system on the compliance side.,golden,KYC_VERIFICATION,kyc_fraud_flag,Nigeria/Moniepoint,unresolved,neutral -> confused_defensive,neutral_throughout,kyc_escalation,0.0,0.807,0.193,0.7506
GS_128,9,CUSTOMER,This doesn't make sense. Is someone accusing me of something?,golden,KYC_VERIFICATION,kyc_fraud_flag,Nigeria/Moniepoint,unresolved,neutral -> confused_defensive,neutral_throughout,kyc_escalation,0.159,0.841,0.0,-0.1779
GS_128,10,AGENT,"This isn't an accusation — extended reviews are a standard part of our verification process and don't necessarily mean anything was found. I know that's not a very satisfying answer, and I'm sorry for that.",golden,KYC_VERIFICATION,kyc_fraud_flag,Nigeria/Moniepoint,unresolved,neutral -> confused_defensive,neutral_throughout,kyc_escalation,0.118,0.83,0.052,-0.3087
GS_128,11,CUSTOMER,Okay... so what happens now?,golden,KYC_VERIFICATION,kyc_fraud_flag,Nigeria/Moniepoint,unresolved,neutral -> confused_defensive,neutral_throughout,kyc_escalation,0.0,1.0,0.0,0.0
GS_128,12,AGENT,The review typically takes 3 business days. I've escalated it internally with a note that you called in today — reference number MP-KYC-20260611-1861 — and you'll be notified directly once it's complete.,golden,KYC_VERIFICATION,kyc_fraud_flag,Nigeria/Moniepoint,unresolved,neutral -> confused_defensive,neutral_throughout,kyc_escalation,0.0,0.954,0.046,0.0772
GS_128,13,CUSTOMER,"Nobody contacted me to tell me this was happening in the first place, I had to call myself to find out. That's not good service.",golden,KYC_VERIFICATION,kyc_fraud_flag,Nigeria/Moniepoint,unresolved,neutral -> confused_defensive,neutral_throughout,kyc_escalation,0.095,0.905,0.0,-0.3412
GS_128,14,AGENT,"You're right, and I sincerely apologize for that. You should have received a notification when your application moved to extended review. I'll log that as a service gap and flag it to the team.",golden,KYC_VERIFICATION,kyc_fraud_flag,Nigeria/Moniepoint,unresolved,neutral -> confused_defensive,neutral_throughout,kyc_escalation,0.0,0.866,0.134,0.5423
GS_128,15,CUSTOMER,"Alright. I still don't really understand, but okay.",golden,KYC_VERIFICATION,kyc_fraud_flag,Nigeria/Moniepoint,unresolved,neutral -> confused_defensive,neutral_throughout,kyc_escalation,0.0,0.541,0.459,0.5016
GS_128,16,AGENT,"I understand, and I appreciate your patience. Is there anything else I can help with today?",golden,KYC_VERIFICATION,kyc_fraud_flag,Nigeria/Moniepoint,unresolved,neutral -> confused_defensive,neutral_throughout,kyc_escalation,0.0,0.671,0.329,0.6597
GS_128,17,CUSTOMER,"No, that's all.",golden,KYC_VERIFICATION,kyc_fraud_flag,Nigeria/Moniepoint,unresolved,neutral -> confused_defensive,neutral_throughout,kyc_escalation,0.524,0.476,0.0,-0.296
GS_128,18,AGENT,"Thank you for banking with Moniepoint, take care.",golden,KYC_VERIFICATION,kyc_fraud_flag,Nigeria/Moniepoint,unresolved,neutral -> confused_defensive,neutral_throughout,kyc_escalation,0.0,0.513,0.487,0.6908
GS_129,0,AGENT,"Good afternoon, am I speaking with Bolanle?",golden,LOAN_RECOVERY,payment_reminder_compliant,Nigeria/FairMoney,resolved,slightly_defensive -> cooperative,firm_non_aggressive,loan_reminder,0.0,0.633,0.367,0.4404
GS_129,1,CUSTOMER,"Yes, this is Bolanle. Who's calling?",golden,LOAN_RECOVERY,payment_reminder_compliant,Nigeria/FairMoney,resolved,slightly_defensive -> cooperative,firm_non_aggressive,loan_reminder,0.0,0.649,0.351,0.4019
GS_129,2,AGENT,"Thank you for confirming. My name is David, I'm calling from FairMoney regarding your account.",golden,LOAN_RECOVERY,payment_reminder_compliant,Nigeria/FairMoney,resolved,slightly_defensive -> cooperative,firm_non_aggressive,loan_reminder,0.0,0.848,0.152,0.3612
GS_129,3,CUSTOMER,"Okay, what's this about?",golden,LOAN_RECOVERY,payment_reminder_compliant,Nigeria/FairMoney,resolved,slightly_defensive -> cooperative,firm_non_aggressive,loan_reminder,0.0,0.612,0.388,0.2263
GS_129,4,AGENT,"I'm calling because your payment of ₦12,486 is now 6 days overdue. I wanted to check in and see how we can help get this sorted.",golden,LOAN_RECOVERY,payment_reminder_compliant,Nigeria/FairMoney,resolved,slightly_defensive -> cooperative,firm_non_aggressive,loan_reminder,0.0,0.895,0.105,0.4019
GS_129,5,CUSTOMER,"Yeah, sorry about that, it's been a delayed salary payment on my end, it wasn't intentional.",golden,LOAN_RECOVERY,payment_reminder_compliant,Nigeria/FairMoney,resolved,slightly_defensive -> cooperative,firm_non_aggressive,loan_reminder,0.184,0.69,0.126,-0.0
GS_129,6,AGENT,"I understand, these things happen. When do you think you'd be able to make the payment?",golden,LOAN_RECOVERY,payment_reminder_compliant,Nigeria/FairMoney,resolved,slightly_defensive -> cooperative,firm_non_aggressive,loan_reminder,0.0,1.0,0.0,0.0
GS_129,7,CUSTOMER,I can pay by Wednesday — I should have the funds by then.,golden,LOAN_RECOVERY,payment_reminder_compliant,Nigeria/FairMoney,resolved,slightly_defensive -> cooperative,firm_non_aggressive,loan_reminder,0.135,0.865,0.0,-0.1027
GS_129,8,AGENT,"That works. With the accrued interest, the total due would be ₦13,830. Can you confirm you're able to pay that full amount by Wednesday?",golden,LOAN_RECOVERY,payment_reminder_compliant,Nigeria/FairMoney,resolved,slightly_defensive -> cooperative,firm_non_aggressive,loan_reminder,0.053,0.833,0.114,0.3818
GS_129,9,CUSTOMER,"Yes, that's fine, I'll pay ₦13,830 by Wednesday.",golden,LOAN_RECOVERY,payment_reminder_compliant,Nigeria/FairMoney,resolved,slightly_defensive -> cooperative,firm_non_aggressive,loan_reminder,0.128,0.459,0.413,0.4767
GS_129,10,AGENT,"Great, and will you be paying through the FairMoney app, or another method?",golden,LOAN_RECOVERY,payment_reminder_compliant,Nigeria/FairMoney,resolved,slightly_defensive -> cooperative,firm_non_aggressive,loan_reminder,0.0,0.745,0.255,0.6249
GS_129,11,CUSTOMER,I'll do it through the app.,golden,LOAN_RECOVERY,payment_reminder_compliant,Nigeria/FairMoney,resolved,slightly_defensive -> cooperative,firm_non_aggressive,loan_reminder,0.0,1.0,0.0,0.0
GS_129,12,AGENT,"Perfect. I've noted that on your account — reference number FM-REM-20260727-9049. Thank you for your cooperation, and please reach out if anything changes before then.",golden,LOAN_RECOVERY,payment_reminder_compliant,Nigeria/FairMoney,resolved,slightly_defensive -> cooperative,firm_non_aggressive,loan_reminder,0.0,0.635,0.365,0.836
GS_129,13,CUSTOMER,"Okay, will do, thanks.",golden,LOAN_RECOVERY,payment_reminder_compliant,Nigeria/FairMoney,resolved,slightly_defensive -> cooperative,firm_non_aggressive,loan_reminder,0.0,0.294,0.706,0.5859
GS_129,14,AGENT,"Thank you for your time, have a good day.",golden,LOAN_RECOVERY,payment_reminder_compliant,Nigeria/FairMoney,resolved,slightly_defensive -> cooperative,firm_non_aggressive,loan_reminder,0.0,0.526,0.474,0.6597
GS_130,0,AGENT,"Good afternoon, am I speaking with Wanjiru?",golden,LOAN_RECOVERY,payment_reminder_compliant,Kenya/M-Shwari,resolved,slightly_defensive -> cooperative,firm_non_aggressive,loan_reminder,0.0,0.633,0.367,0.4404
GS_130,1,CUSTOMER,"Yes, this is Wanjiru. Who's calling?",golden,LOAN_RECOVERY,payment_reminder_compliant,Kenya/M-Shwari,resolved,slightly_defensive -> cooperative,firm_non_aggressive,loan_reminder,0.0,0.649,0.351,0.4019
GS_130,2,AGENT,"Thank you for confirming. My name is Zainab, I'm calling from M-Shwari regarding your account.",golden,LOAN_RECOVERY,payment_reminder_compliant,Kenya/M-Shwari,resolved,slightly_defensive -> cooperative,firm_non_aggressive,loan_reminder,0.0,0.848,0.152,0.3612
GS_130,3,CUSTOMER,"Okay, what's this about?",golden,LOAN_RECOVERY,payment_reminder_compliant,Kenya/M-Shwari,resolved,slightly_defensive -> cooperative,firm_non_aggressive,loan_reminder,0.0,0.612,0.388,0.2263
GS_130,4,AGENT,"I'm calling because your payment of KSh 22,740 is now 5 days overdue. I wanted to check in and see how we can help get this sorted.",golden,LOAN_RECOVERY,payment_reminder_compliant,Kenya/M-Shwari,resolved,slightly_defensive -> cooperative,firm_non_aggressive,loan_reminder,0.0,0.899,0.101,0.4019
GS_130,5,CUSTOMER,"I don't appreciate being called about this like I'm avoiding it, I was going to pay anyway.",golden,LOAN_RECOVERY,payment_reminder_compliant,Kenya/M-Shwari,resolved,slightly_defensive -> cooperative,firm_non_aggressive,loan_reminder,0.304,0.552,0.144,-0.2921
GS_130,6,AGENT,"I completely understand, this is just a standard courtesy call, not an accusation — I appreciate you taking the time.",golden,LOAN_RECOVERY,payment_reminder_compliant,Kenya/M-Shwari,resolved,slightly_defensive -> cooperative,firm_non_aggressive,loan_reminder,0.116,0.667,0.217,0.2458
GS_130,7,CUSTOMER,"Yeah, sorry about that, it's been an unexpected family expense on my end, it wasn't intentional.",golden,LOAN_RECOVERY,payment_reminder_compliant,Kenya/M-Shwari,resolved,slightly_defensive -> cooperative,firm_non_aggressive,loan_reminder,0.074,0.8,0.126,0.2263
GS_130,8,AGENT,"I understand, these things happen. When do you think you'd be able to make the payment?",golden,LOAN_RECOVERY,payment_reminder_compliant,Kenya/M-Shwari,resolved,slightly_defensive -> cooperative,firm_non_aggressive,loan_reminder,0.0,1.0,0.0,0.0
GS_130,9,CUSTOMER,I can pay by Thursday — I should have the funds by then.,golden,LOAN_RECOVERY,payment_reminder_compliant,Kenya/M-Shwari,resolved,slightly_defensive -> cooperative,firm_non_aggressive,loan_reminder,0.135,0.865,0.0,-0.1027
GS_130,10,AGENT,"That works. With the accrued interest, the total due would be KSh 23,551. Can you confirm you're able to pay that full amount by Thursday?",golden,LOAN_RECOVERY,payment_reminder_compliant,Kenya/M-Shwari,resolved,slightly_defensive -> cooperative,firm_non_aggressive,loan_reminder,0.051,0.839,0.109,0.3818
GS_130,11,CUSTOMER,"Yes, that's fine, I'll pay KSh 23,551 by Thursday.",golden,LOAN_RECOVERY,payment_reminder_compliant,Kenya/M-Shwari,resolved,slightly_defensive -> cooperative,firm_non_aggressive,loan_reminder,0.118,0.504,0.378,0.4767
GS_130,12,AGENT,"Great, and will you be paying through the M-Shwari app, or another method?",golden,LOAN_RECOVERY,payment_reminder_compliant,Kenya/M-Shwari,resolved,slightly_defensive -> cooperative,firm_non_aggressive,loan_reminder,0.0,0.745,0.255,0.6249
GS_130,13,CUSTOMER,I'll do it through the app.,golden,LOAN_RECOVERY,payment_reminder_compliant,Kenya/M-Shwari,resolved,slightly_defensive -> cooperative,firm_non_aggressive,loan_reminder,0.0,1.0,0.0,0.0
GS_130,14,AGENT,"Perfect. I've noted that on your account — reference number MSW-REM-20260624-6917. Thank you for your cooperation, and please reach out if anything changes before then.",golden,LOAN_RECOVERY,payment_reminder_compliant,Kenya/M-Shwari,resolved,slightly_defensive -> cooperative,firm_non_aggressive,loan_reminder,0.0,0.635,0.365,0.836
GS_130,15,CUSTOMER,"Okay, will do, thanks.",golden,LOAN_RECOVERY,payment_reminder_compliant,Kenya/M-Shwari,resolved,slightly_defensive -> cooperative,firm_non_aggressive,loan_reminder,0.0,0.294,0.706,0.5859
GS_130,16,AGENT,"Thank you for your time, have a good day.",golden,LOAN_RECOVERY,payment_reminder_compliant,Kenya/M-Shwari,resolved,slightly_defensive -> cooperative,firm_non_aggressive,loan_reminder,0.0,0.526,0.474,0.6597
GS_131,0,AGENT,"Good afternoon, am I speaking with Hassan?",golden,LOAN_RECOVERY,payment_reminder_compliant,Gulf/UAE/ADIB,resolved,slightly_defensive -> cooperative,firm_non_aggressive,loan_reminder,0.0,0.633,0.367,0.4404
GS_131,1,CUSTOMER,"Yes, this is Hassan. Who's calling?",golden,LOAN_RECOVERY,payment_reminder_compliant,Gulf/UAE/ADIB,resolved,slightly_defensive -> cooperative,firm_non_aggressive,loan_reminder,0.0,0.649,0.351,0.4019
GS_131,2,AGENT,"Thank you for confirming. My name is Ifeanyi, I'm calling from ADIB regarding your account.",golden,LOAN_RECOVERY,payment_reminder_compliant,Gulf/UAE/ADIB,resolved,slightly_defensive -> cooperative,firm_non_aggressive,loan_reminder,0.0,0.848,0.152,0.3612
GS_131,3,CUSTOMER,"Okay, what's this about?",golden,LOAN_RECOVERY,payment_reminder_compliant,Gulf/UAE/ADIB,resolved,slightly_defensive -> cooperative,firm_non_aggressive,loan_reminder,0.0,0.612,0.388,0.2263
GS_131,4,AGENT,"I'm calling because your payment of AED 9,901 is now 5 days overdue. I wanted to check in and see how we can help get this sorted.",golden,LOAN_RECOVERY,payment_reminder_compliant,Gulf/UAE/ADIB,resolved,slightly_defensive -> cooperative,firm_non_aggressive,loan_reminder,0.0,0.899,0.101,0.4019
GS_131,5,CUSTOMER,"I don't appreciate being called about this like I'm avoiding it, I was going to pay anyway.",golden,LOAN_RECOVERY,payment_reminder_compliant,Gulf/UAE/ADIB,resolved,slightly_defensive -> cooperative,firm_non_aggressive,loan_reminder,0.304,0.552,0.144,-0.2921
GS_131,6,AGENT,"I completely understand, this is just a standard courtesy call, not an accusation — I appreciate you taking the time.",golden,LOAN_RECOVERY,payment_reminder_compliant,Gulf/UAE/ADIB,resolved,slightly_defensive -> cooperative,firm_non_aggressive,loan_reminder,0.116,0.667,0.217,0.2458
GS_131,7,CUSTOMER,"Yeah, sorry about that, it's been a delay from my employer's payroll on my end, it wasn't intentional.",golden,LOAN_RECOVERY,payment_reminder_compliant,Gulf/UAE/ADIB,resolved,slightly_defensive -> cooperative,firm_non_aggressive,loan_reminder,0.182,0.707,0.111,-0.1027
GS_131,8,AGENT,"I understand, these things happen. When do you think you'd be able to make the payment?",golden,LOAN_RECOVERY,payment_reminder_compliant,Gulf/UAE/ADIB,resolved,slightly_defensive -> cooperative,firm_non_aggressive,loan_reminder,0.0,1.0,0.0,0.0
GS_131,9,CUSTOMER,I can pay by Friday — I should have the funds by then.,golden,LOAN_RECOVERY,payment_reminder_compliant,Gulf/UAE/ADIB,resolved,slightly_defensive -> cooperative,firm_non_aggressive,loan_reminder,0.135,0.865,0.0,-0.1027
GS_131,10,AGENT,"That works. With the accrued interest, the total due would be AED 10,391. Can you confirm you're able to pay that full amount by Friday?",golden,LOAN_RECOVERY,payment_reminder_compliant,Gulf/UAE/ADIB,resolved,slightly_defensive -> cooperative,firm_non_aggressive,loan_reminder,0.051,0.839,0.109,0.3818
GS_131,11,CUSTOMER,"Yes, that's fine, I'll pay AED 10,391 by Friday.",golden,LOAN_RECOVERY,payment_reminder_compliant,Gulf/UAE/ADIB,resolved,slightly_defensive -> cooperative,firm_non_aggressive,loan_reminder,0.118,0.504,0.378,0.4767
GS_131,12,AGENT,"Great, and will you be paying through the ADIB app, or another method?",golden,LOAN_RECOVERY,payment_reminder_compliant,Gulf/UAE/ADIB,resolved,slightly_defensive -> cooperative,firm_non_aggressive,loan_reminder,0.0,0.745,0.255,0.6249
GS_131,13,CUSTOMER,I'll do it through the app.,golden,LOAN_RECOVERY,payment_reminder_compliant,Gulf/UAE/ADIB,resolved,slightly_defensive -> cooperative,firm_non_aggressive,loan_reminder,0.0,1.0,0.0,0.0
GS_131,14,AGENT,"Perfect. I've noted that on your account — reference number ADIB-REM-20260809-8484. Thank you for your cooperation, and please reach out if anything changes before then.",golden,LOAN_RECOVERY,payment_reminder_compliant,Gulf/UAE/ADIB,resolved,slightly_defensive -> cooperative,firm_non_aggressive,loan_reminder,0.0,0.635,0.365,0.836
GS_131,15,CUSTOMER,"Okay, will do, thanks.",golden,LOAN_RECOVERY,payment_reminder_compliant,Gulf/UAE/ADIB,resolved,slightly_defensive -> cooperative,firm_non_aggressive,loan_reminder,0.0,0.294,0.706,0.5859
GS_131,16,AGENT,"Thank you for your time, have a good day.",golden,LOAN_RECOVERY,payment_reminder_compliant,Gulf/UAE/ADIB,resolved,slightly_defensive -> cooperative,firm_non_aggressive,loan_reminder,0.0,0.526,0.474,0.6597
GS_132,0,AGENT,"Good afternoon, am I speaking with Uche?",golden,LOAN_RECOVERY,payment_reminder_compliant,Nigeria/Carbon,resolved,slightly_defensive -> cooperative,firm_non_aggressive,loan_reminder,0.0,0.633,0.367,0.4404
GS_132,1,CUSTOMER,"Yes, this is Uche. Who's calling?",golden,LOAN_RECOVERY,payment_reminder_compliant,Nigeria/Carbon,resolved,slightly_defensive -> cooperative,firm_non_aggressive,loan_reminder,0.0,0.649,0.351,0.4019
GS_132,2,AGENT,"Thank you for confirming. My name is Ifeanyi, I'm calling from Carbon regarding your account.",golden,LOAN_RECOVERY,payment_reminder_compliant,Nigeria/Carbon,resolved,slightly_defensive -> cooperative,firm_non_aggressive,loan_reminder,0.0,0.848,0.152,0.3612
GS_132,3,CUSTOMER,"Okay, what's this about?",golden,LOAN_RECOVERY,payment_reminder_compliant,Nigeria/Carbon,resolved,slightly_defensive -> cooperative,firm_non_aggressive,loan_reminder,0.0,0.612,0.388,0.2263
GS_132,4,AGENT,"I'm calling because your payment of ₦26,972 is now 3 days overdue. I wanted to check in and see how we can help get this sorted.",golden,LOAN_RECOVERY,payment_reminder_compliant,Nigeria/Carbon,resolved,slightly_defensive -> cooperative,firm_non_aggressive,loan_reminder,0.0,0.895,0.105,0.4019
GS_132,5,CUSTOMER,"I don't appreciate being called about this like I'm avoiding it, I was going to pay anyway.",golden,LOAN_RECOVERY,payment_reminder_compliant,Nigeria/Carbon,resolved,slightly_defensive -> cooperative,firm_non_aggressive,loan_reminder,0.304,0.552,0.144,-0.2921
GS_132,6,AGENT,"I completely understand, this is just a standard courtesy call, not an accusation — I appreciate you taking the time.",golden,LOAN_RECOVERY,payment_reminder_compliant,Nigeria/Carbon,resolved,slightly_defensive -> cooperative,firm_non_aggressive,loan_reminder,0.116,0.667,0.217,0.2458
GS_132,7,CUSTOMER,"Yeah, sorry about that, it's been a delayed salary payment on my end, it wasn't intentional.",golden,LOAN_RECOVERY,payment_reminder_compliant,Nigeria/Carbon,resolved,slightly_defensive -> cooperative,firm_non_aggressive,loan_reminder,0.184,0.69,0.126,-0.0
GS_132,8,AGENT,"I understand, these things happen. When do you think you'd be able to make the payment?",golden,LOAN_RECOVERY,payment_reminder_compliant,Nigeria/Carbon,resolved,slightly_defensive -> cooperative,firm_non_aggressive,loan_reminder,0.0,1.0,0.0,0.0
GS_132,9,CUSTOMER,I can pay by Monday — I should have the funds by then.,golden,LOAN_RECOVERY,payment_reminder_compliant,Nigeria/Carbon,resolved,slightly_defensive -> cooperative,firm_non_aggressive,loan_reminder,0.135,0.865,0.0,-0.1027
GS_132,10,AGENT,"That works. With the accrued interest, the total due would be ₦28,452. Can you confirm you're able to pay that full amount by Monday?",golden,LOAN_RECOVERY,payment_reminder_compliant,Nigeria/Carbon,resolved,slightly_defensive -> cooperative,firm_non_aggressive,loan_reminder,0.053,0.833,0.114,0.3818
GS_132,11,CUSTOMER,"Yes, that's fine, I'll pay ₦28,452 by Monday.",golden,LOAN_RECOVERY,payment_reminder_compliant,Nigeria/Carbon,resolved,slightly_defensive -> cooperative,firm_non_aggressive,loan_reminder,0.128,0.459,0.413,0.4767
GS_132,12,AGENT,"Great, and will you be paying through the Carbon app, or another method?",golden,LOAN_RECOVERY,payment_reminder_compliant,Nigeria/Carbon,resolved,slightly_defensive -> cooperative,firm_non_aggressive,loan_reminder,0.0,0.745,0.255,0.6249
GS_132,13,CUSTOMER,I'll do it through the app.,golden,LOAN_RECOVERY,payment_reminder_compliant,Nigeria/Carbon,resolved,slightly_defensive -> cooperative,firm_non_aggressive,loan_reminder,0.0,1.0,0.0,0.0
GS_132,14,AGENT,"Perfect. I've noted that on your account — reference number CRB-REM-20260720-7147. Thank you for your cooperation, and please reach out if anything changes before then.",golden,LOAN_RECOVERY,payment_reminder_compliant,Nigeria/Carbon,resolved,slightly_defensive -> cooperative,firm_non_aggressive,loan_reminder,0.0,0.635,0.365,0.836
GS_132,15,CUSTOMER,"Okay, will do, thanks.",golden,LOAN_RECOVERY,payment_reminder_compliant,Nigeria/Carbon,resolved,slightly_defensive -> cooperative,firm_non_aggressive,loan_reminder,0.0,0.294,0.706,0.5859
GS_132,16,AGENT,"Thank you for your time, have a good day.",golden,LOAN_RECOVERY,payment_reminder_compliant,Nigeria/Carbon,resolved,slightly_defensive -> cooperative,firm_non_aggressive,loan_reminder,0.0,0.526,0.474,0.6597
GS_133,0,AGENT,"Good afternoon, am I speaking with Kamau?",golden,LOAN_RECOVERY,payment_reminder_compliant,Kenya/Mogo,resolved,slightly_defensive -> cooperative,firm_non_aggressive,loan_reminder,0.0,0.633,0.367,0.4404
GS_133,1,CUSTOMER,"Yes, this is Kamau. Who's calling?",golden,LOAN_RECOVERY,payment_reminder_compliant,Kenya/Mogo,resolved,slightly_defensive -> cooperative,firm_non_aggressive,loan_reminder,0.0,0.649,0.351,0.4019
GS_133,2,AGENT,"Thank you for confirming. My name is Grace, I'm calling from Mogo regarding your account.",golden,LOAN_RECOVERY,payment_reminder_compliant,Kenya/Mogo,resolved,slightly_defensive -> cooperative,firm_non_aggressive,loan_reminder,0.0,0.71,0.29,0.6486
GS_133,3,CUSTOMER,"Okay, what's this about?",golden,LOAN_RECOVERY,payment_reminder_compliant,Kenya/Mogo,resolved,slightly_defensive -> cooperative,firm_non_aggressive,loan_reminder,0.0,0.612,0.388,0.2263
GS_133,4,AGENT,"I'm calling because your payment of KSh 21,924 is now 3 days overdue. I wanted to check in and see how we can help get this sorted.",golden,LOAN_RECOVERY,payment_reminder_compliant,Kenya/Mogo,resolved,slightly_defensive -> cooperative,firm_non_aggressive,loan_reminder,0.0,0.899,0.101,0.4019
GS_133,5,CUSTOMER,"Yeah, sorry about that, it's been an unexpected family expense on my end, it wasn't intentional.",golden,LOAN_RECOVERY,payment_reminder_compliant,Kenya/Mogo,resolved,slightly_defensive -> cooperative,firm_non_aggressive,loan_reminder,0.074,0.8,0.126,0.2263
GS_133,6,AGENT,"I understand, these things happen. When do you think you'd be able to make the payment?",golden,LOAN_RECOVERY,payment_reminder_compliant,Kenya/Mogo,resolved,slightly_defensive -> cooperative,firm_non_aggressive,loan_reminder,0.0,1.0,0.0,0.0
GS_133,7,CUSTOMER,I can pay by Wednesday — I should have the funds by then.,golden,LOAN_RECOVERY,payment_reminder_compliant,Kenya/Mogo,resolved,slightly_defensive -> cooperative,firm_non_aggressive,loan_reminder,0.135,0.865,0.0,-0.1027
GS_133,8,AGENT,"That works. With the accrued interest, the total due would be KSh 24,620. Can you confirm you're able to pay that full amount by Wednesday?",golden,LOAN_RECOVERY,payment_reminder_compliant,Kenya/Mogo,resolved,slightly_defensive -> cooperative,firm_non_aggressive,loan_reminder,0.051,0.839,0.109,0.3818
GS_133,9,CUSTOMER,"Yes, that's fine, I'll pay KSh 24,620 by Wednesday.",golden,LOAN_RECOVERY,payment_reminder_compliant,Kenya/Mogo,resolved,slightly_defensive -> cooperative,firm_non_aggressive,loan_reminder,0.118,0.504,0.378,0.4767
GS_133,10,AGENT,"Great, and will you be paying through the Mogo app, or another method?",golden,LOAN_RECOVERY,payment_reminder_compliant,Kenya/Mogo,resolved,slightly_defensive -> cooperative,firm_non_aggressive,loan_reminder,0.0,0.745,0.255,0.6249
GS_133,11,CUSTOMER,I'll do it through the app.,golden,LOAN_RECOVERY,payment_reminder_compliant,Kenya/Mogo,resolved,slightly_defensive -> cooperative,firm_non_aggressive,loan_reminder,0.0,1.0,0.0,0.0
GS_133,12,AGENT,"Perfect. I've noted that on your account — reference number MG-REM-20260725-4935. Thank you for your cooperation, and please reach out if anything changes before then.",golden,LOAN_RECOVERY,payment_reminder_compliant,Kenya/Mogo,resolved,slightly_defensive -> cooperative,firm_non_aggressive,loan_reminder,0.0,0.635,0.365,0.836
GS_133,13,CUSTOMER,"Okay, will do, thanks.",golden,LOAN_RECOVERY,payment_reminder_compliant,Kenya/Mogo,resolved,slightly_defensive -> cooperative,firm_non_aggressive,loan_reminder,0.0,0.294,0.706,0.5859
GS_133,14,AGENT,"Thank you for your time, have a good day.",golden,LOAN_RECOVERY,payment_reminder_compliant,Kenya/Mogo,resolved,slightly_defensive -> cooperative,firm_non_aggressive,loan_reminder,0.0,0.526,0.474,0.6597
GS_134,0,AGENT,"Good afternoon, am I speaking with Layla?",golden,LOAN_RECOVERY,payment_reminder_compliant,Gulf/UAE/Dubai Islamic Bank,resolved,slightly_defensive -> cooperative,firm_non_aggressive,loan_reminder,0.0,0.633,0.367,0.4404
GS_134,1,CUSTOMER,"Yes, this is Layla. Who's calling?",golden,LOAN_RECOVERY,payment_reminder_compliant,Gulf/UAE/Dubai Islamic Bank,resolved,slightly_defensive -> cooperative,firm_non_aggressive,loan_reminder,0.0,0.649,0.351,0.4019
GS_134,2,AGENT,"Thank you for confirming. My name is David, I'm calling from Dubai Islamic Bank regarding your account.",golden,LOAN_RECOVERY,payment_reminder_compliant,Gulf/UAE/Dubai Islamic Bank,resolved,slightly_defensive -> cooperative,firm_non_aggressive,loan_reminder,0.0,0.865,0.135,0.3612
GS_134,3,CUSTOMER,"Okay, what's this about?",golden,LOAN_RECOVERY,payment_reminder_compliant,Gulf/UAE/Dubai Islamic Bank,resolved,slightly_defensive -> cooperative,firm_non_aggressive,loan_reminder,0.0,0.612,0.388,0.2263
GS_134,4,AGENT,"I'm calling because your payment of AED 13,698 is now 2 days overdue. I wanted to check in and see how we can help get this sorted.",golden,LOAN_RECOVERY,payment_reminder_compliant,Gulf/UAE/Dubai Islamic Bank,resolved,slightly_defensive -> cooperative,firm_non_aggressive,loan_reminder,0.0,0.899,0.101,0.4019
GS_134,5,CUSTOMER,"I don't appreciate being called about this like I'm avoiding it, I was going to pay anyway.",golden,LOAN_RECOVERY,payment_reminder_compliant,Gulf/UAE/Dubai Islamic Bank,resolved,slightly_defensive -> cooperative,firm_non_aggressive,loan_reminder,0.304,0.552,0.144,-0.2921
GS_134,6,AGENT,"I completely understand, this is just a standard courtesy call, not an accusation — I appreciate you taking the time.",golden,LOAN_RECOVERY,payment_reminder_compliant,Gulf/UAE/Dubai Islamic Bank,resolved,slightly_defensive -> cooperative,firm_non_aggressive,loan_reminder,0.116,0.667,0.217,0.2458
GS_134,7,CUSTOMER,"Yeah, sorry about that, it's been a delay from my employer's payroll on my end, it wasn't intentional.",golden,LOAN_RECOVERY,payment_reminder_compliant,Gulf/UAE/Dubai Islamic Bank,resolved,slightly_defensive -> cooperative,firm_non_aggressive,loan_reminder,0.182,0.707,0.111,-0.1027
GS_134,8,AGENT,"I understand, these things happen. When do you think you'd be able to make the payment?",golden,LOAN_RECOVERY,payment_reminder_compliant,Gulf/UAE/Dubai Islamic Bank,resolved,slightly_defensive -> cooperative,firm_non_aggressive,loan_reminder,0.0,1.0,0.0,0.0
GS_134,9,CUSTOMER,I can pay by Thursday — I should have the funds by then.,golden,LOAN_RECOVERY,payment_reminder_compliant,Gulf/UAE/Dubai Islamic Bank,resolved,slightly_defensive -> cooperative,firm_non_aggressive,loan_reminder,0.135,0.865,0.0,-0.1027
GS_134,10,AGENT,"That works. With the accrued interest, the total due would be AED 14,496. Can you confirm you're able to pay that full amount by Thursday?",golden,LOAN_RECOVERY,payment_reminder_compliant,Gulf/UAE/Dubai Islamic Bank,resolved,slightly_defensive -> cooperative,firm_non_aggressive,loan_reminder,0.051,0.839,0.109,0.3818
GS_134,11,CUSTOMER,"Yes, that's fine, I'll pay AED 14,496 by Thursday.",golden,LOAN_RECOVERY,payment_reminder_compliant,Gulf/UAE/Dubai Islamic Bank,resolved,slightly_defensive -> cooperative,firm_non_aggressive,loan_reminder,0.118,0.504,0.378,0.4767
GS_134,12,AGENT,"Great, and will you be paying through the Dubai Islamic Bank app, or another method?",golden,LOAN_RECOVERY,payment_reminder_compliant,Gulf/UAE/Dubai Islamic Bank,resolved,slightly_defensive -> cooperative,firm_non_aggressive,loan_reminder,0.0,0.773,0.227,0.6249
GS_134,13,CUSTOMER,I'll do it through the app.,golden,LOAN_RECOVERY,payment_reminder_compliant,Gulf/UAE/Dubai Islamic Bank,resolved,slightly_defensive -> cooperative,firm_non_aggressive,loan_reminder,0.0,1.0,0.0,0.0
GS_134,14,AGENT,"Perfect. I've noted that on your account — reference number DIB-REM-20260728-9223. Thank you for your cooperation, and please reach out if anything changes before then.",golden,LOAN_RECOVERY,payment_reminder_compliant,Gulf/UAE/Dubai Islamic Bank,resolved,slightly_defensive -> cooperative,firm_non_aggressive,loan_reminder,0.0,0.635,0.365,0.836
GS_134,15,CUSTOMER,"Okay, will do, thanks.",golden,LOAN_RECOVERY,payment_reminder_compliant,Gulf/UAE/Dubai Islamic Bank,resolved,slightly_defensive -> cooperative,firm_non_aggressive,loan_reminder,0.0,0.294,0.706,0.5859
GS_134,16,AGENT,"Thank you for your time, have a good day.",golden,LOAN_RECOVERY,payment_reminder_compliant,Gulf/UAE/Dubai Islamic Bank,resolved,slightly_defensive -> cooperative,firm_non_aggressive,loan_reminder,0.0,0.526,0.474,0.6597
GS_135,0,AGENT,"Good afternoon, am I speaking with Bolanle?",golden,LOAN_RECOVERY,payment_reminder_compliant,Nigeria/OKash,resolved,slightly_defensive -> cooperative,firm_non_aggressive,loan_reminder,0.0,0.633,0.367,0.4404
GS_135,1,CUSTOMER,"Yes, this is Bolanle. Who's calling?",golden,LOAN_RECOVERY,payment_reminder_compliant,Nigeria/OKash,resolved,slightly_defensive -> cooperative,firm_non_aggressive,loan_reminder,0.0,0.649,0.351,0.4019
GS_135,2,AGENT,"Thank you for confirming. My name is Femi, I'm calling from OKash regarding your account.",golden,LOAN_RECOVERY,payment_reminder_compliant,Nigeria/OKash,resolved,slightly_defensive -> cooperative,firm_non_aggressive,loan_reminder,0.0,0.848,0.152,0.3612
GS_135,3,CUSTOMER,"Okay, what's this about?",golden,LOAN_RECOVERY,payment_reminder_compliant,Nigeria/OKash,resolved,slightly_defensive -> cooperative,firm_non_aggressive,loan_reminder,0.0,0.612,0.388,0.2263
GS_135,4,AGENT,"I'm calling because your payment of ₦13,040 is now 2 days overdue. I wanted to check in and see how we can help get this sorted.",golden,LOAN_RECOVERY,payment_reminder_compliant,Nigeria/OKash,resolved,slightly_defensive -> cooperative,firm_non_aggressive,loan_reminder,0.0,0.895,0.105,0.4019
GS_135,5,CUSTOMER,"Yeah, sorry about that, it's been a delayed salary payment on my end, it wasn't intentional.",golden,LOAN_RECOVERY,payment_reminder_compliant,Nigeria/OKash,resolved,slightly_defensive -> cooperative,firm_non_aggressive,loan_reminder,0.184,0.69,0.126,-0.0
GS_135,6,AGENT,"I understand, these things happen. When do you think you'd be able to make the payment?",golden,LOAN_RECOVERY,payment_reminder_compliant,Nigeria/OKash,resolved,slightly_defensive -> cooperative,firm_non_aggressive,loan_reminder,0.0,1.0,0.0,0.0
GS_135,7,CUSTOMER,I can pay by Friday — I should have the funds by then.,golden,LOAN_RECOVERY,payment_reminder_compliant,Nigeria/OKash,resolved,slightly_defensive -> cooperative,firm_non_aggressive,loan_reminder,0.135,0.865,0.0,-0.1027
GS_135,8,AGENT,"That works. With the accrued interest, the total due would be ₦15,574. Can you confirm you're able to pay that full amount by Friday?",golden,LOAN_RECOVERY,payment_reminder_compliant,Nigeria/OKash,resolved,slightly_defensive -> cooperative,firm_non_aggressive,loan_reminder,0.053,0.833,0.114,0.3818
GS_135,9,CUSTOMER,"Yes, that's fine, I'll pay ₦15,574 by Friday.",golden,LOAN_RECOVERY,payment_reminder_compliant,Nigeria/OKash,resolved,slightly_defensive -> cooperative,firm_non_aggressive,loan_reminder,0.128,0.459,0.413,0.4767
GS_135,10,AGENT,"Great, and will you be paying through the OKash app, or another method?",golden,LOAN_RECOVERY,payment_reminder_compliant,Nigeria/OKash,resolved,slightly_defensive -> cooperative,firm_non_aggressive,loan_reminder,0.0,0.745,0.255,0.6249
GS_135,11,CUSTOMER,I'll do it through the app.,golden,LOAN_RECOVERY,payment_reminder_compliant,Nigeria/OKash,resolved,slightly_defensive -> cooperative,firm_non_aggressive,loan_reminder,0.0,1.0,0.0,0.0
GS_135,12,AGENT,"Perfect. I've noted that on your account — reference number OK-REM-20260727-2180. Thank you for your cooperation, and please reach out if anything changes before then.",golden,LOAN_RECOVERY,payment_reminder_compliant,Nigeria/OKash,resolved,slightly_defensive -> cooperative,firm_non_aggressive,loan_reminder,0.0,0.635,0.365,0.836
GS_135,13,CUSTOMER,"Okay, will do, thanks.",golden,LOAN_RECOVERY,payment_reminder_compliant,Nigeria/OKash,resolved,slightly_defensive -> cooperative,firm_non_aggressive,loan_reminder,0.0,0.294,0.706,0.5859
GS_135,14,AGENT,"Thank you for your time, have a good day.",golden,LOAN_RECOVERY,payment_reminder_compliant,Nigeria/OKash,resolved,slightly_defensive -> cooperative,firm_non_aggressive,loan_reminder,0.0,0.526,0.474,0.6597
GS_136,0,AGENT,"Good afternoon, am I speaking with Achieng?",golden,LOAN_RECOVERY,payment_reminder_compliant,Kenya/Mogo,resolved,slightly_defensive -> cooperative,firm_non_aggressive,loan_reminder,0.0,0.633,0.367,0.4404
GS_136,1,CUSTOMER,"Yes, this is Achieng. Who's calling?",golden,LOAN_RECOVERY,payment_reminder_compliant,Kenya/Mogo,resolved,slightly_defensive -> cooperative,firm_non_aggressive,loan_reminder,0.0,0.649,0.351,0.4019
GS_136,2,AGENT,"Thank you for confirming. My name is Chinwe, I'm calling from Mogo regarding your account.",golden,LOAN_RECOVERY,payment_reminder_compliant,Kenya/Mogo,resolved,slightly_defensive -> cooperative,firm_non_aggressive,loan_reminder,0.0,0.848,0.152,0.3612
GS_136,3,CUSTOMER,"Okay, what's this about?",golden,LOAN_RECOVERY,payment_reminder_compliant,Kenya/Mogo,resolved,slightly_defensive -> cooperative,firm_non_aggressive,loan_reminder,0.0,0.612,0.388,0.2263
GS_136,4,AGENT,"I'm calling because your payment of KSh 24,260 is now 6 days overdue. I wanted to check in and see how we can help get this sorted.",golden,LOAN_RECOVERY,payment_reminder_compliant,Kenya/Mogo,resolved,slightly_defensive -> cooperative,firm_non_aggressive,loan_reminder,0.0,0.899,0.101,0.4019
GS_136,5,CUSTOMER,"Yeah, sorry about that, it's been an unexpected family expense on my end, it wasn't intentional.",golden,LOAN_RECOVERY,payment_reminder_compliant,Kenya/Mogo,resolved,slightly_defensive -> cooperative,firm_non_aggressive,loan_reminder,0.074,0.8,0.126,0.2263
GS_136,6,AGENT,"I understand, these things happen. When do you think you'd be able to make the payment?",golden,LOAN_RECOVERY,payment_reminder_compliant,Kenya/Mogo,resolved,slightly_defensive -> cooperative,firm_non_aggressive,loan_reminder,0.0,1.0,0.0,0.0
GS_136,7,CUSTOMER,I can pay by Monday — I should have the funds by then.,golden,LOAN_RECOVERY,payment_reminder_compliant,Kenya/Mogo,resolved,slightly_defensive -> cooperative,firm_non_aggressive,loan_reminder,0.135,0.865,0.0,-0.1027
GS_136,8,AGENT,"That works. With the accrued interest, the total due would be KSh 27,222. Can you confirm you're able to pay that full amount by Monday?",golden,LOAN_RECOVERY,payment_reminder_compliant,Kenya/Mogo,resolved,slightly_defensive -> cooperative,firm_non_aggressive,loan_reminder,0.051,0.839,0.109,0.3818
GS_136,9,CUSTOMER,"Yes, that's fine, I'll pay KSh 27,222 by Monday.",golden,LOAN_RECOVERY,payment_reminder_compliant,Kenya/Mogo,resolved,slightly_defensive -> cooperative,firm_non_aggressive,loan_reminder,0.118,0.504,0.378,0.4767
GS_136,10,AGENT,"Great, and will you be paying through the Mogo app, or another method?",golden,LOAN_RECOVERY,payment_reminder_compliant,Kenya/Mogo,resolved,slightly_defensive -> cooperative,firm_non_aggressive,loan_reminder,0.0,0.745,0.255,0.6249
GS_136,11,CUSTOMER,I'll do it through the app.,golden,LOAN_RECOVERY,payment_reminder_compliant,Kenya/Mogo,resolved,slightly_defensive -> cooperative,firm_non_aggressive,loan_reminder,0.0,1.0,0.0,0.0
GS_136,12,AGENT,"Perfect. I've noted that on your account — reference number MG-REM-20260604-2582. Thank you for your cooperation, and please reach out if anything changes before then.",golden,LOAN_RECOVERY,payment_reminder_compliant,Kenya/Mogo,resolved,slightly_defensive -> cooperative,firm_non_aggressive,loan_reminder,0.0,0.635,0.365,0.836
GS_136,13,CUSTOMER,"Okay, will do, thanks.",golden,LOAN_RECOVERY,payment_reminder_compliant,Kenya/Mogo,resolved,slightly_defensive -> cooperative,firm_non_aggressive,loan_reminder,0.0,0.294,0.706,0.5859
GS_136,14,AGENT,"Thank you for your time, have a good day.",golden,LOAN_RECOVERY,payment_reminder_compliant,Kenya/Mogo,resolved,slightly_defensive -> cooperative,firm_non_aggressive,loan_reminder,0.0,0.526,0.474,0.6597
GS_137,0,AGENT,"Good afternoon, am I speaking with Omar?",golden,LOAN_RECOVERY,payment_reminder_compliant,Gulf/UAE/ADIB,resolved,slightly_defensive -> cooperative,firm_non_aggressive,loan_reminder,0.0,0.633,0.367,0.4404
GS_137,1,CUSTOMER,"Yes, this is Omar. Who's calling?",golden,LOAN_RECOVERY,payment_reminder_compliant,Gulf/UAE/ADIB,resolved,slightly_defensive -> cooperative,firm_non_aggressive,loan_reminder,0.0,0.649,0.351,0.4019
GS_137,2,AGENT,"Thank you for confirming. My name is Chinwe, I'm calling from ADIB regarding your account.",golden,LOAN_RECOVERY,payment_reminder_compliant,Gulf/UAE/ADIB,resolved,slightly_defensive -> cooperative,firm_non_aggressive,loan_reminder,0.0,0.848,0.152,0.3612
GS_137,3,CUSTOMER,"Okay, what's this about?",golden,LOAN_RECOVERY,payment_reminder_compliant,Gulf/UAE/ADIB,resolved,slightly_defensive -> cooperative,firm_non_aggressive,loan_reminder,0.0,0.612,0.388,0.2263
GS_137,4,AGENT,"I'm calling because your payment of AED 10,300 is now 5 days overdue. I wanted to check in and see how we can help get this sorted.",golden,LOAN_RECOVERY,payment_reminder_compliant,Gulf/UAE/ADIB,resolved,slightly_defensive -> cooperative,firm_non_aggressive,loan_reminder,0.0,0.899,0.101,0.4019
GS_137,5,CUSTOMER,"Yeah, sorry about that, it's been a delay from my employer's payroll on my end, it wasn't intentional.",golden,LOAN_RECOVERY,payment_reminder_compliant,Gulf/UAE/ADIB,resolved,slightly_defensive -> cooperative,firm_non_aggressive,loan_reminder,0.182,0.707,0.111,-0.1027
GS_137,6,AGENT,"I understand, these things happen. When do you think you'd be able to make the payment?",golden,LOAN_RECOVERY,payment_reminder_compliant,Gulf/UAE/ADIB,resolved,slightly_defensive -> cooperative,firm_non_aggressive,loan_reminder,0.0,1.0,0.0,0.0
GS_137,7,CUSTOMER,I can pay by Wednesday — I should have the funds by then.,golden,LOAN_RECOVERY,payment_reminder_compliant,Gulf/UAE/ADIB,resolved,slightly_defensive -> cooperative,firm_non_aggressive,loan_reminder,0.135,0.865,0.0,-0.1027
GS_137,8,AGENT,"That works. With the accrued interest, the total due would be AED 10,751. Can you confirm you're able to pay that full amount by Wednesday?",golden,LOAN_RECOVERY,payment_reminder_compliant,Gulf/UAE/ADIB,resolved,slightly_defensive -> cooperative,firm_non_aggressive,loan_reminder,0.051,0.839,0.109,0.3818
GS_137,9,CUSTOMER,"Yes, that's fine, I'll pay AED 10,751 by Wednesday.",golden,LOAN_RECOVERY,payment_reminder_compliant,Gulf/UAE/ADIB,resolved,slightly_defensive -> cooperative,firm_non_aggressive,loan_reminder,0.118,0.504,0.378,0.4767
GS_137,10,AGENT,"Great, and will you be paying through the ADIB app, or another method?",golden,LOAN_RECOVERY,payment_reminder_compliant,Gulf/UAE/ADIB,resolved,slightly_defensive -> cooperative,firm_non_aggressive,loan_reminder,0.0,0.745,0.255,0.6249
GS_137,11,CUSTOMER,I'll do it through the app.,golden,LOAN_RECOVERY,payment_reminder_compliant,Gulf/UAE/ADIB,resolved,slightly_defensive -> cooperative,firm_non_aggressive,loan_reminder,0.0,1.0,0.0,0.0
GS_137,12,AGENT,"Perfect. I've noted that on your account — reference number ADIB-REM-20260809-3351. Thank you for your cooperation, and please reach out if anything changes before then.",golden,LOAN_RECOVERY,payment_reminder_compliant,Gulf/UAE/ADIB,resolved,slightly_defensive -> cooperative,firm_non_aggressive,loan_reminder,0.0,0.635,0.365,0.836
GS_137,13,CUSTOMER,"Okay, will do, thanks.",golden,LOAN_RECOVERY,payment_reminder_compliant,Gulf/UAE/ADIB,resolved,slightly_defensive -> cooperative,firm_non_aggressive,loan_reminder,0.0,0.294,0.706,0.5859
GS_137,14,AGENT,"Thank you for your time, have a good day.",golden,LOAN_RECOVERY,payment_reminder_compliant,Gulf/UAE/ADIB,resolved,slightly_defensive -> cooperative,firm_non_aggressive,loan_reminder,0.0,0.526,0.474,0.6597
GS_138,0,AGENT,"Good afternoon, am I speaking with Tunde?",golden,LOAN_RECOVERY,payment_reminder_compliant,Nigeria/OKash,resolved,slightly_defensive -> cooperative,firm_non_aggressive,loan_reminder,0.0,0.633,0.367,0.4404
GS_138,1,CUSTOMER,"Yes, this is Tunde. Who's calling?",golden,LOAN_RECOVERY,payment_reminder_compliant,Nigeria/OKash,resolved,slightly_defensive -> cooperative,firm_non_aggressive,loan_reminder,0.0,0.649,0.351,0.4019
GS_138,2,AGENT,"Thank you for confirming. My name is Blessing, I'm calling from OKash regarding your account.",golden,LOAN_RECOVERY,payment_reminder_compliant,Nigeria/OKash,resolved,slightly_defensive -> cooperative,firm_non_aggressive,loan_reminder,0.0,0.695,0.305,0.6908
GS_138,3,CUSTOMER,"Okay, what's this about?",golden,LOAN_RECOVERY,payment_reminder_compliant,Nigeria/OKash,resolved,slightly_defensive -> cooperative,firm_non_aggressive,loan_reminder,0.0,0.612,0.388,0.2263
GS_138,4,AGENT,"I'm calling because your payment of ₦21,914 is now 5 days overdue. I wanted to check in and see how we can help get this sorted.",golden,LOAN_RECOVERY,payment_reminder_compliant,Nigeria/OKash,resolved,slightly_defensive -> cooperative,firm_non_aggressive,loan_reminder,0.0,0.895,0.105,0.4019
GS_138,5,CUSTOMER,"Yeah, sorry about that, it's been a delayed salary payment on my end, it wasn't intentional.",golden,LOAN_RECOVERY,payment_reminder_compliant,Nigeria/OKash,resolved,slightly_defensive -> cooperative,firm_non_aggressive,loan_reminder,0.184,0.69,0.126,-0.0
GS_138,6,AGENT,"I understand, these things happen. When do you think you'd be able to make the payment?",golden,LOAN_RECOVERY,payment_reminder_compliant,Nigeria/OKash,resolved,slightly_defensive -> cooperative,firm_non_aggressive,loan_reminder,0.0,1.0,0.0,0.0
GS_138,7,CUSTOMER,I can pay by Thursday — I should have the funds by then.,golden,LOAN_RECOVERY,payment_reminder_compliant,Nigeria/OKash,resolved,slightly_defensive -> cooperative,firm_non_aggressive,loan_reminder,0.135,0.865,0.0,-0.1027
GS_138,8,AGENT,"That works. With the accrued interest, the total due would be ₦23,089. Can you confirm you're able to pay that full amount by Thursday?",golden,LOAN_RECOVERY,payment_reminder_compliant,Nigeria/OKash,resolved,slightly_defensive -> cooperative,firm_non_aggressive,loan_reminder,0.053,0.833,0.114,0.3818
GS_138,9,CUSTOMER,"Yes, that's fine, I'll pay ₦23,089 by Thursday.",golden,LOAN_RECOVERY,payment_reminder_compliant,Nigeria/OKash,resolved,slightly_defensive -> cooperative,firm_non_aggressive,loan_reminder,0.128,0.459,0.413,0.4767
GS_138,10,AGENT,"Great, and will you be paying through the OKash app, or another method?",golden,LOAN_RECOVERY,payment_reminder_compliant,Nigeria/OKash,resolved,slightly_defensive -> cooperative,firm_non_aggressive,loan_reminder,0.0,0.745,0.255,0.6249
GS_138,11,CUSTOMER,I'll do it through the app.,golden,LOAN_RECOVERY,payment_reminder_compliant,Nigeria/OKash,resolved,slightly_defensive -> cooperative,firm_non_aggressive,loan_reminder,0.0,1.0,0.0,0.0
GS_138,12,AGENT,"Perfect. I've noted that on your account — reference number OK-REM-20260821-3855. Thank you for your cooperation, and please reach out if anything changes before then.",golden,LOAN_RECOVERY,payment_reminder_compliant,Nigeria/OKash,resolved,slightly_defensive -> cooperative,firm_non_aggressive,loan_reminder,0.0,0.635,0.365,0.836
GS_138,13,CUSTOMER,"Okay, will do, thanks.",golden,LOAN_RECOVERY,payment_reminder_compliant,Nigeria/OKash,resolved,slightly_defensive -> cooperative,firm_non_aggressive,loan_reminder,0.0,0.294,0.706,0.5859
GS_138,14,AGENT,"Thank you for your time, have a good day.",golden,LOAN_RECOVERY,payment_reminder_compliant,Nigeria/OKash,resolved,slightly_defensive -> cooperative,firm_non_aggressive,loan_reminder,0.0,0.526,0.474,0.6597
GS_139,0,AGENT,"Good afternoon, am I speaking with Odhiambo?",golden,LOAN_RECOVERY,payment_reminder_compliant,Kenya/Branch,resolved,slightly_defensive -> cooperative,firm_non_aggressive,loan_reminder,0.0,0.633,0.367,0.4404
GS_139,1,CUSTOMER,"Yes, this is Odhiambo. Who's calling?",golden,LOAN_RECOVERY,payment_reminder_compliant,Kenya/Branch,resolved,slightly_defensive -> cooperative,firm_non_aggressive,loan_reminder,0.0,0.649,0.351,0.4019
GS_139,2,AGENT,"Thank you for confirming. My name is Ifeanyi, I'm calling from Branch regarding your account.",golden,LOAN_RECOVERY,payment_reminder_compliant,Kenya/Branch,resolved,slightly_defensive -> cooperative,firm_non_aggressive,loan_reminder,0.0,0.848,0.152,0.3612
GS_139,3,CUSTOMER,"Okay, what's this about?",golden,LOAN_RECOVERY,payment_reminder_compliant,Kenya/Branch,resolved,slightly_defensive -> cooperative,firm_non_aggressive,loan_reminder,0.0,0.612,0.388,0.2263
GS_139,4,AGENT,"I'm calling because your payment of KSh 19,329 is now 5 days overdue. I wanted to check in and see how we can help get this sorted.",golden,LOAN_RECOVERY,payment_reminder_compliant,Kenya/Branch,resolved,slightly_defensive -> cooperative,firm_non_aggressive,loan_reminder,0.0,0.899,0.101,0.4019
GS_139,5,CUSTOMER,"Yeah, sorry about that, it's been an unexpected family expense on my end, it wasn't intentional.",golden,LOAN_RECOVERY,payment_reminder_compliant,Kenya/Branch,resolved,slightly_defensive -> cooperative,firm_non_aggressive,loan_reminder,0.074,0.8,0.126,0.2263
GS_139,6,AGENT,"I understand, these things happen. When do you think you'd be able to make the payment?",golden,LOAN_RECOVERY,payment_reminder_compliant,Kenya/Branch,resolved,slightly_defensive -> cooperative,firm_non_aggressive,loan_reminder,0.0,1.0,0.0,0.0
GS_139,7,CUSTOMER,I can pay by Friday — I should have the funds by then.,golden,LOAN_RECOVERY,payment_reminder_compliant,Kenya/Branch,resolved,slightly_defensive -> cooperative,firm_non_aggressive,loan_reminder,0.135,0.865,0.0,-0.1027
GS_139,8,AGENT,"That works. With the accrued interest, the total due would be KSh 19,849. Can you confirm you're able to pay that full amount by Friday?",golden,LOAN_RECOVERY,payment_reminder_compliant,Kenya/Branch,resolved,slightly_defensive -> cooperative,firm_non_aggressive,loan_reminder,0.051,0.839,0.109,0.3818
GS_139,9,CUSTOMER,"Yes, that's fine, I'll pay KSh 19,849 by Friday.",golden,LOAN_RECOVERY,payment_reminder_compliant,Kenya/Branch,resolved,slightly_defensive -> cooperative,firm_non_aggressive,loan_reminder,0.118,0.504,0.378,0.4767
GS_139,10,AGENT,"Great, and will you be paying through the Branch app, or another method?",golden,LOAN_RECOVERY,payment_reminder_compliant,Kenya/Branch,resolved,slightly_defensive -> cooperative,firm_non_aggressive,loan_reminder,0.0,0.745,0.255,0.6249
GS_139,11,CUSTOMER,I'll do it through the app.,golden,LOAN_RECOVERY,payment_reminder_compliant,Kenya/Branch,resolved,slightly_defensive -> cooperative,firm_non_aggressive,loan_reminder,0.0,1.0,0.0,0.0
GS_139,12,AGENT,"Perfect. I've noted that on your account — reference number BRN-REM-20260823-1715. Thank you for your cooperation, and please reach out if anything changes before then.",golden,LOAN_RECOVERY,payment_reminder_compliant,Kenya/Branch,resolved,slightly_defensive -> cooperative,firm_non_aggressive,loan_reminder,0.0,0.635,0.365,0.836
GS_139,13,CUSTOMER,"Okay, will do, thanks.",golden,LOAN_RECOVERY,payment_reminder_compliant,Kenya/Branch,resolved,slightly_defensive -> cooperative,firm_non_aggressive,loan_reminder,0.0,0.294,0.706,0.5859
GS_139,14,AGENT,"Thank you for your time, have a good day.",golden,LOAN_RECOVERY,payment_reminder_compliant,Kenya/Branch,resolved,slightly_defensive -> cooperative,firm_non_aggressive,loan_reminder,0.0,0.526,0.474,0.6597
GS_140,0,AGENT,"Good afternoon, am I speaking with Khalid?",golden,LOAN_RECOVERY,payment_reminder_compliant,Gulf/UAE/Dubai Islamic Bank,resolved,slightly_defensive -> cooperative,firm_non_aggressive,loan_reminder,0.0,0.633,0.367,0.4404
GS_140,1,CUSTOMER,"Yes, this is Khalid. Who's calling?",golden,LOAN_RECOVERY,payment_reminder_compliant,Gulf/UAE/Dubai Islamic Bank,resolved,slightly_defensive -> cooperative,firm_non_aggressive,loan_reminder,0.0,0.649,0.351,0.4019
GS_140,2,AGENT,"Thank you for confirming. My name is Kelechi, I'm calling from Dubai Islamic Bank regarding your account.",golden,LOAN_RECOVERY,payment_reminder_compliant,Gulf/UAE/Dubai Islamic Bank,resolved,slightly_defensive -> cooperative,firm_non_aggressive,loan_reminder,0.0,0.865,0.135,0.3612
GS_140,3,CUSTOMER,"Okay, what's this about?",golden,LOAN_RECOVERY,payment_reminder_compliant,Gulf/UAE/Dubai Islamic Bank,resolved,slightly_defensive -> cooperative,firm_non_aggressive,loan_reminder,0.0,0.612,0.388,0.2263
GS_140,4,AGENT,"I'm calling because your payment of AED 10,340 is now 4 days overdue. I wanted to check in and see how we can help get this sorted.",golden,LOAN_RECOVERY,payment_reminder_compliant,Gulf/UAE/Dubai Islamic Bank,resolved,slightly_defensive -> cooperative,firm_non_aggressive,loan_reminder,0.0,0.899,0.101,0.4019
GS_140,5,CUSTOMER,"Yeah, sorry about that, it's been a delay from my employer's payroll on my end, it wasn't intentional.",golden,LOAN_RECOVERY,payment_reminder_compliant,Gulf/UAE/Dubai Islamic Bank,resolved,slightly_defensive -> cooperative,firm_non_aggressive,loan_reminder,0.182,0.707,0.111,-0.1027
GS_140,6,AGENT,"I understand, these things happen. When do you think you'd be able to make the payment?",golden,LOAN_RECOVERY,payment_reminder_compliant,Gulf/UAE/Dubai Islamic Bank,resolved,slightly_defensive -> cooperative,firm_non_aggressive,loan_reminder,0.0,1.0,0.0,0.0
GS_140,7,CUSTOMER,I can pay by Monday — I should have the funds by then.,golden,LOAN_RECOVERY,payment_reminder_compliant,Gulf/UAE/Dubai Islamic Bank,resolved,slightly_defensive -> cooperative,firm_non_aggressive,loan_reminder,0.135,0.865,0.0,-0.1027
GS_140,8,AGENT,"That works. With the accrued interest, the total due would be AED 10,954. Can you confirm you're able to pay that full amount by Monday?",golden,LOAN_RECOVERY,payment_reminder_compliant,Gulf/UAE/Dubai Islamic Bank,resolved,slightly_defensive -> cooperative,firm_non_aggressive,loan_reminder,0.051,0.839,0.109,0.3818
GS_140,9,CUSTOMER,"Yes, that's fine, I'll pay AED 10,954 by Monday.",golden,LOAN_RECOVERY,payment_reminder_compliant,Gulf/UAE/Dubai Islamic Bank,resolved,slightly_defensive -> cooperative,firm_non_aggressive,loan_reminder,0.118,0.504,0.378,0.4767
GS_140,10,AGENT,"Great, and will you be paying through the Dubai Islamic Bank app, or another method?",golden,LOAN_RECOVERY,payment_reminder_compliant,Gulf/UAE/Dubai Islamic Bank,resolved,slightly_defensive -> cooperative,firm_non_aggressive,loan_reminder,0.0,0.773,0.227,0.6249
GS_140,11,CUSTOMER,I'll do it through the app.,golden,LOAN_RECOVERY,payment_reminder_compliant,Gulf/UAE/Dubai Islamic Bank,resolved,slightly_defensive -> cooperative,firm_non_aggressive,loan_reminder,0.0,1.0,0.0,0.0
GS_140,12,AGENT,"Perfect. I've noted that on your account — reference number DIB-REM-20260806-7399. Thank you for your cooperation, and please reach out if anything changes before then.",golden,LOAN_RECOVERY,payment_reminder_compliant,Gulf/UAE/Dubai Islamic Bank,resolved,slightly_defensive -> cooperative,firm_non_aggressive,loan_reminder,0.0,0.635,0.365,0.836
GS_140,13,CUSTOMER,"Okay, will do, thanks.",golden,LOAN_RECOVERY,payment_reminder_compliant,Gulf/UAE/Dubai Islamic Bank,resolved,slightly_defensive -> cooperative,firm_non_aggressive,loan_reminder,0.0,0.294,0.706,0.5859
GS_140,14,AGENT,"Thank you for your time, have a good day.",golden,LOAN_RECOVERY,payment_reminder_compliant,Gulf/UAE/Dubai Islamic Bank,resolved,slightly_defensive -> cooperative,firm_non_aggressive,loan_reminder,0.0,0.526,0.474,0.6597
GS_141,0,AGENT,"Good afternoon, am I speaking with Uche?",golden,LOAN_RECOVERY,payment_reminder_compliant,Nigeria/Branch,resolved,slightly_defensive -> cooperative,firm_non_aggressive,loan_reminder,0.0,0.633,0.367,0.4404
GS_141,1,CUSTOMER,"Yes, this is Uche. Who's calling?",golden,LOAN_RECOVERY,payment_reminder_compliant,Nigeria/Branch,resolved,slightly_defensive -> cooperative,firm_non_aggressive,loan_reminder,0.0,0.649,0.351,0.4019
GS_141,2,AGENT,"Thank you for confirming. My name is Femi, I'm calling from Branch regarding your account.",golden,LOAN_RECOVERY,payment_reminder_compliant,Nigeria/Branch,resolved,slightly_defensive -> cooperative,firm_non_aggressive,loan_reminder,0.0,0.848,0.152,0.3612
GS_141,3,CUSTOMER,"Okay, what's this about?",golden,LOAN_RECOVERY,payment_reminder_compliant,Nigeria/Branch,resolved,slightly_defensive -> cooperative,firm_non_aggressive,loan_reminder,0.0,0.612,0.388,0.2263
GS_141,4,AGENT,"I'm calling because your payment of ₦29,214 is now 7 days overdue. I wanted to check in and see how we can help get this sorted.",golden,LOAN_RECOVERY,payment_reminder_compliant,Nigeria/Branch,resolved,slightly_defensive -> cooperative,firm_non_aggressive,loan_reminder,0.0,0.895,0.105,0.4019
GS_141,5,CUSTOMER,"I don't appreciate being called about this like I'm avoiding it, I was going to pay anyway.",golden,LOAN_RECOVERY,payment_reminder_compliant,Nigeria/Branch,resolved,slightly_defensive -> cooperative,firm_non_aggressive,loan_reminder,0.304,0.552,0.144,-0.2921
GS_141,6,AGENT,"I completely understand, this is just a standard courtesy call, not an accusation — I appreciate you taking the time.",golden,LOAN_RECOVERY,payment_reminder_compliant,Nigeria/Branch,resolved,slightly_defensive -> cooperative,firm_non_aggressive,loan_reminder,0.116,0.667,0.217,0.2458
GS_141,7,CUSTOMER,"Yeah, sorry about that, it's been a delayed salary payment on my end, it wasn't intentional.",golden,LOAN_RECOVERY,payment_reminder_compliant,Nigeria/Branch,resolved,slightly_defensive -> cooperative,firm_non_aggressive,loan_reminder,0.184,0.69,0.126,-0.0
GS_141,8,AGENT,"I understand, these things happen. When do you think you'd be able to make the payment?",golden,LOAN_RECOVERY,payment_reminder_compliant,Nigeria/Branch,resolved,slightly_defensive -> cooperative,firm_non_aggressive,loan_reminder,0.0,1.0,0.0,0.0
GS_141,9,CUSTOMER,I can pay by Wednesday — I should have the funds by then.,golden,LOAN_RECOVERY,payment_reminder_compliant,Nigeria/Branch,resolved,slightly_defensive -> cooperative,firm_non_aggressive,loan_reminder,0.135,0.865,0.0,-0.1027
GS_141,10,AGENT,"That works. With the accrued interest, the total due would be ₦30,826. Can you confirm you're able to pay that full amount by Wednesday?",golden,LOAN_RECOVERY,payment_reminder_compliant,Nigeria/Branch,resolved,slightly_defensive -> cooperative,firm_non_aggressive,loan_reminder,0.053,0.833,0.114,0.3818
GS_141,11,CUSTOMER,"Yes, that's fine, I'll pay ₦30,826 by Wednesday.",golden,LOAN_RECOVERY,payment_reminder_compliant,Nigeria/Branch,resolved,slightly_defensive -> cooperative,firm_non_aggressive,loan_reminder,0.128,0.459,0.413,0.4767
GS_141,12,AGENT,"Great, and will you be paying through the Branch app, or another method?",golden,LOAN_RECOVERY,payment_reminder_compliant,Nigeria/Branch,resolved,slightly_defensive -> cooperative,firm_non_aggressive,loan_reminder,0.0,0.745,0.255,0.6249
GS_141,13,CUSTOMER,I'll do it through the app.,golden,LOAN_RECOVERY,payment_reminder_compliant,Nigeria/Branch,resolved,slightly_defensive -> cooperative,firm_non_aggressive,loan_reminder,0.0,1.0,0.0,0.0
GS_141,14,AGENT,"Perfect. I've noted that on your account — reference number BRN-REM-20260816-9190. Thank you for your cooperation, and please reach out if anything changes before then.",golden,LOAN_RECOVERY,payment_reminder_compliant,Nigeria/Branch,resolved,slightly_defensive -> cooperative,firm_non_aggressive,loan_reminder,0.0,0.635,0.365,0.836
GS_141,15,CUSTOMER,"Okay, will do, thanks.",golden,LOAN_RECOVERY,payment_reminder_compliant,Nigeria/Branch,resolved,slightly_defensive -> cooperative,firm_non_aggressive,loan_reminder,0.0,0.294,0.706,0.5859
GS_141,16,AGENT,"Thank you for your time, have a good day.",golden,LOAN_RECOVERY,payment_reminder_compliant,Nigeria/Branch,resolved,slightly_defensive -> cooperative,firm_non_aggressive,loan_reminder,0.0,0.526,0.474,0.6597
GS_142,0,AGENT,Good afternoon. Am I speaking with Amaka?,golden,LOAN_RECOVERY,hardship_negotiation,Nigeria/Branch,resolved,distressed -> cautiously_relieved,empathetic_firm,hardship_plan,0.0,0.633,0.367,0.4404
GS_142,1,CUSTOMER,"Yes, this is.",golden,LOAN_RECOVERY,hardship_negotiation,Nigeria/Branch,resolved,distressed -> cautiously_relieved,empathetic_firm,hardship_plan,0.0,0.426,0.574,0.4019
GS_142,2,AGENT,"Good afternoon. My name is David, and I'm calling from Branch loan recovery support regarding your loan account. Is this a good time to speak?",golden,LOAN_RECOVERY,hardship_negotiation,Nigeria/Branch,resolved,distressed -> cautiously_relieved,empathetic_firm,hardship_plan,0.0,0.701,0.299,0.8391
GS_142,3,CUSTOMER,"Yes. I have been expecting a call. I know I have missed payments, and I want to explain what happened.",golden,LOAN_RECOVERY,hardship_negotiation,Nigeria/Branch,resolved,distressed -> cautiously_relieved,empathetic_firm,hardship_plan,0.121,0.659,0.22,0.2023
GS_142,4,AGENT,"Of course, please go ahead. I'm here to listen and to see how we can find a way forward together.",golden,LOAN_RECOVERY,hardship_negotiation,Nigeria/Branch,resolved,distressed -> cautiously_relieved,empathetic_firm,hardship_plan,0.0,0.887,0.113,0.3182
GS_142,5,CUSTOMER,"I lost my job in May — the company I worked for did a round of retrenchments. I took this loan when I was still doing fine financially, and I've been trying to get back on my feet since. I paid what I could — ₦7,811 in May — but I cannot pay the full outstanding amount right now. I'm not running away from this, I just genuinely do not have the money.",golden,LOAN_RECOVERY,hardship_negotiation,Nigeria/Branch,resolved,distressed -> cautiously_relieved,empathetic_firm,hardship_plan,0.025,0.851,0.125,0.7713
GS_142,6,AGENT,"Amaka, thank you for being honest with me about your situation. That's a serious hardship, and I can hear you're doing your best. The ₦7,811 payment has been noted on your account, and I want you to know that counts. Can I pull up your account so we can look at the full picture together?",golden,LOAN_RECOVERY,hardship_negotiation,Nigeria/Branch,resolved,distressed -> cautiously_relieved,empathetic_firm,hardship_plan,0.06,0.751,0.189,0.8271
GS_142,7,CUSTOMER,Sure. My phone number is 0909520162.,golden,LOAN_RECOVERY,hardship_negotiation,Nigeria/Branch,resolved,distressed -> cautiously_relieved,empathetic_firm,hardship_plan,0.0,0.526,0.474,0.3818
GS_142,8,AGENT,"Thank you. I have your account here. Your original loan was ₦48,018. After your May payment, the outstanding balance including accrued interest and late fees is currently ₦40,207. I want to be transparent with you about that number before we discuss options.",golden,LOAN_RECOVERY,hardship_negotiation,Nigeria/Branch,resolved,distressed -> cautiously_relieved,empathetic_firm,hardship_plan,0.0,0.702,0.298,0.9081
GS_142,9,CUSTOMER,"₦40,207. That is almost what I borrowed. The interest and fees have eaten my payment completely — that's discouraging to hear.",golden,LOAN_RECOVERY,hardship_negotiation,Nigeria/Branch,resolved,distressed -> cautiously_relieved,empathetic_firm,hardship_plan,0.137,0.733,0.129,-0.046
GS_142,10,AGENT,"I understand, and that frustration is completely valid. What I want to do today is find a restructured plan that works for your situation right now — not what it was before. Can I ask, what can you realistically commit to paying per month at the moment? Even a small amount — I want to work with what's actually possible for you.",golden,LOAN_RECOVERY,hardship_negotiation,Nigeria/Branch,resolved,distressed -> cautiously_relieved,empathetic_firm,hardship_plan,0.053,0.856,0.091,0.0586
GS_142,11,CUSTOMER,"Honestly, I can manage ₦7,079 per month right now. Maybe more once things improve, but I can't promise that yet.",golden,LOAN_RECOVERY,hardship_negotiation,Nigeria/Branch,resolved,distressed -> cautiously_relieved,empathetic_firm,hardship_plan,0.113,0.697,0.19,0.1628
GS_142,12,AGENT,"I appreciate your honesty. ₦7,079 a month is workable. Here's what I can offer — I'll restructure your loan over 6 months at ₦7,079 per month. That covers ₦42,474 over the full period, which settles the outstanding balance including the accrued interest. I'll also request that late fees stop accruing from today, provided you maintain the monthly payments consistently.",golden,LOAN_RECOVERY,hardship_negotiation,Nigeria/Branch,resolved,distressed -> cautiously_relieved,empathetic_firm,hardship_plan,0.034,0.764,0.201,0.8934
GS_142,13,CUSTOMER,"So ₦7,079 every month for 6 months and the late fees stop — and that clears the full debt?",golden,LOAN_RECOVERY,hardship_negotiation,Nigeria/Branch,resolved,distressed -> cautiously_relieved,empathetic_firm,hardship_plan,0.235,0.7,0.065,-0.5267
GS_142,14,AGENT,"Correct. As long as payments are made consistently each month by the agreed date, the late fees will be frozen from today and the plan will fully settle your account. If you miss a payment, the late fees would resume, so consistency matters — I want to be clear about that so there are no surprises.",golden,LOAN_RECOVERY,hardship_negotiation,Nigeria/Branch,resolved,distressed -> cautiously_relieved,empathetic_firm,hardship_plan,0.068,0.772,0.16,0.539
GS_142,15,CUSTOMER,I understand. And I pay through bank transfer or the app wallet as usual?,golden,LOAN_RECOVERY,hardship_negotiation,Nigeria/Branch,resolved,distressed -> cautiously_relieved,empathetic_firm,hardship_plan,0.113,0.887,0.0,-0.1027
GS_142,16,AGENT,"Yes, same process you've been using. Each payment will reflect on your account within a few hours, and you'll get a confirmation. I'd suggest setting a reminder for the same date each month so it becomes routine. Which date works best for you?",golden,LOAN_RECOVERY,hardship_negotiation,Nigeria/Branch,resolved,distressed -> cautiously_relieved,empathetic_firm,hardship_plan,0.0,0.846,0.154,0.7845
GS_142,17,CUSTOMER,The 15th of each month — that's usually when my income comes in.,golden,LOAN_RECOVERY,hardship_negotiation,Nigeria/Branch,resolved,distressed -> cautiously_relieved,empathetic_firm,hardship_plan,0.0,1.0,0.0,0.0
GS_142,18,AGENT,"Perfect, the 15th of each month starting next month. I'm documenting this agreement on your account now — you'll receive a confirmation message to your registered number shortly. Please keep that for your records.",golden,LOAN_RECOVERY,hardship_negotiation,Nigeria/Branch,resolved,distressed -> cautiously_relieved,empathetic_firm,hardship_plan,0.0,0.717,0.283,0.8765
GS_142,19,CUSTOMER,"Okay. David, I was really dreading this call before I picked up. I thought you were going to threaten me or something. This isn't what I expected at all.",golden,LOAN_RECOVERY,hardship_negotiation,Nigeria/Branch,resolved,distressed -> cautiously_relieved,empathetic_firm,hardship_plan,0.208,0.729,0.063,-0.659
GS_142,20,AGENT,"I'm glad we could find a way forward together. These situations happen, and the most important thing is working through them rather than avoiding them. You were honest with me, and that made everything easier. Is there anything else I can help with today?",golden,LOAN_RECOVERY,hardship_negotiation,Nigeria/Branch,resolved,distressed -> cautiously_relieved,empathetic_firm,hardship_plan,0.046,0.688,0.266,0.8883
GS_142,21,CUSTOMER,"No. Just ₦7,079 on the 15th — I will not miss it.",golden,LOAN_RECOVERY,hardship_negotiation,Nigeria/Branch,resolved,distressed -> cautiously_relieved,empathetic_firm,hardship_plan,0.189,0.687,0.124,-0.1916
GS_142,22,AGENT,"I believe you. Good luck, and take care.",golden,LOAN_RECOVERY,hardship_negotiation,Nigeria/Branch,resolved,distressed -> cautiously_relieved,empathetic_firm,hardship_plan,0.0,0.305,0.695,0.8442
GS_142,23,CUSTOMER,Thank you. Goodbye.,golden,LOAN_RECOVERY,hardship_negotiation,Nigeria/Branch,resolved,distressed -> cautiously_relieved,empathetic_firm,hardship_plan,0.0,0.444,0.556,0.3612
GS_142,24,AGENT,"Goodbye, take care.",golden,LOAN_RECOVERY,hardship_negotiation,Nigeria/Branch,resolved,distressed -> cautiously_relieved,empathetic_firm,hardship_plan,0.0,0.385,0.615,0.4939
GS_143,0,AGENT,Good afternoon. Am I speaking with Otieno?,golden,LOAN_RECOVERY,hardship_negotiation,Kenya/M-Shwari,resolved,distressed -> cautiously_relieved,empathetic_firm,hardship_plan,0.0,0.633,0.367,0.4404
GS_143,1,CUSTOMER,"Yes, this is.",golden,LOAN_RECOVERY,hardship_negotiation,Kenya/M-Shwari,resolved,distressed -> cautiously_relieved,empathetic_firm,hardship_plan,0.0,0.426,0.574,0.4019
GS_143,2,AGENT,"Good afternoon. My name is Zainab, and I'm calling from M-Shwari loan recovery support regarding your loan account. Is this a good time to speak?",golden,LOAN_RECOVERY,hardship_negotiation,Kenya/M-Shwari,resolved,distressed -> cautiously_relieved,empathetic_firm,hardship_plan,0.0,0.701,0.299,0.8391
GS_143,3,CUSTOMER,"Yes. I have been expecting a call. I know I have missed payments, and I want to explain what happened.",golden,LOAN_RECOVERY,hardship_negotiation,Kenya/M-Shwari,resolved,distressed -> cautiously_relieved,empathetic_firm,hardship_plan,0.121,0.659,0.22,0.2023
GS_143,4,AGENT,"Of course, please go ahead. I'm here to listen and to see how we can find a way forward together.",golden,LOAN_RECOVERY,hardship_negotiation,Kenya/M-Shwari,resolved,distressed -> cautiously_relieved,empathetic_firm,hardship_plan,0.0,0.887,0.113,0.3182
GS_143,5,CUSTOMER,"my hours were cut significantly at work starting April, and my income dropped by more than half. I took this loan when I was still doing fine financially, and I've been trying to get back on my feet since. I paid what I could — KSh 7,877 in May — but I cannot pay the full outstanding amount right now. I'm not running away from this, I just genuinely do not have the money.",golden,LOAN_RECOVERY,hardship_negotiation,Kenya/M-Shwari,resolved,distressed -> cautiously_relieved,empathetic_firm,hardship_plan,0.022,0.862,0.116,0.7779
GS_143,6,AGENT,"Otieno, thank you for being honest with me about your situation. That's a serious hardship, and I can hear you're doing your best. The KSh 7,877 payment has been noted on your account, and I want you to know that counts. Can I pull up your account so we can look at the full picture together?",golden,LOAN_RECOVERY,hardship_negotiation,Kenya/M-Shwari,resolved,distressed -> cautiously_relieved,empathetic_firm,hardship_plan,0.059,0.755,0.186,0.8271
GS_143,7,CUSTOMER,Sure. My phone number is 0735 810 749.,golden,LOAN_RECOVERY,hardship_negotiation,Kenya/M-Shwari,resolved,distressed -> cautiously_relieved,empathetic_firm,hardship_plan,0.0,0.625,0.375,0.3818
GS_143,8,AGENT,"Thank you. I have your account here. Your original loan was KSh 21,372. After your May payment, the outstanding balance including accrued interest and late fees is currently KSh 13,495. I want to be transparent with you about that number before we discuss options.",golden,LOAN_RECOVERY,hardship_negotiation,Kenya/M-Shwari,resolved,distressed -> cautiously_relieved,empathetic_firm,hardship_plan,0.0,0.714,0.286,0.9081
GS_143,9,CUSTOMER,"KSh 13,495. That is almost what I borrowed. The interest and fees have eaten my payment completely — that's discouraging to hear.",golden,LOAN_RECOVERY,hardship_negotiation,Kenya/M-Shwari,resolved,distressed -> cautiously_relieved,empathetic_firm,hardship_plan,0.131,0.744,0.124,-0.046
GS_143,10,AGENT,"I understand, and that frustration is completely valid. What I want to do today is find a restructured plan that works for your situation right now — not what it was before. Can I ask, what can you realistically commit to paying per month at the moment? Even a small amount — I want to work with what's actually possible for you.",golden,LOAN_RECOVERY,hardship_negotiation,Kenya/M-Shwari,resolved,distressed -> cautiously_relieved,empathetic_firm,hardship_plan,0.053,0.856,0.091,0.0586
GS_143,11,CUSTOMER,"Honestly, I can manage KSh 2,426 per month right now. Maybe more once things improve, but I can't promise that yet.",golden,LOAN_RECOVERY,hardship_negotiation,Kenya/M-Shwari,resolved,distressed -> cautiously_relieved,empathetic_firm,hardship_plan,0.108,0.71,0.181,0.1628
GS_143,12,AGENT,"I appreciate your honesty. KSh 2,426 a month is workable. Here's what I can offer — I'll restructure your loan over 9 months at KSh 2,426 per month. That covers KSh 21,834 over the full period, which settles the outstanding balance including the accrued interest. I'll also request that late fees stop accruing from today, provided you maintain the monthly payments consistently.",golden,LOAN_RECOVERY,hardship_negotiation,Kenya/M-Shwari,resolved,distressed -> cautiously_relieved,empathetic_firm,hardship_plan,0.033,0.775,0.192,0.8934
GS_143,13,CUSTOMER,"So KSh 2,426 every month for 9 months and the late fees stop — and that clears the full debt?",golden,LOAN_RECOVERY,hardship_negotiation,Kenya/M-Shwari,resolved,distressed -> cautiously_relieved,empathetic_firm,hardship_plan,0.224,0.714,0.062,-0.5267
GS_143,14,AGENT,"Correct. As long as payments are made consistently each month by the agreed date, the late fees will be frozen from today and the plan will fully settle your account. If you miss a payment, the late fees would resume, so consistency matters — I want to be clear about that so there are no surprises.",golden,LOAN_RECOVERY,hardship_negotiation,Kenya/M-Shwari,resolved,distressed -> cautiously_relieved,empathetic_firm,hardship_plan,0.068,0.772,0.16,0.539
GS_143,15,CUSTOMER,I understand. And I pay through M-Pesa Paybill as usual?,golden,LOAN_RECOVERY,hardship_negotiation,Kenya/M-Shwari,resolved,distressed -> cautiously_relieved,empathetic_firm,hardship_plan,0.167,0.833,0.0,-0.1027
GS_143,16,AGENT,"Yes, same process you've been using. Each payment will reflect on your account within a few hours, and you'll get a confirmation. I'd suggest setting a reminder for the same date each month so it becomes routine. Which date works best for you?",golden,LOAN_RECOVERY,hardship_negotiation,Kenya/M-Shwari,resolved,distressed -> cautiously_relieved,empathetic_firm,hardship_plan,0.0,0.846,0.154,0.7845
GS_143,17,CUSTOMER,Are you sure the late fees will actually stop? I've been burned by promises like that before.,golden,LOAN_RECOVERY,hardship_negotiation,Kenya/M-Shwari,resolved,distressed -> cautiously_relieved,empathetic_firm,hardship_plan,0.097,0.575,0.327,0.6369
GS_143,18,AGENT,"Completely understandable to ask — I'm noting it on your account right now, not just saying it. You'll see it reflected immediately.",golden,LOAN_RECOVERY,hardship_negotiation,Kenya/M-Shwari,resolved,distressed -> cautiously_relieved,empathetic_firm,hardship_plan,0.0,1.0,0.0,0.0
GS_143,19,CUSTOMER,The 5th of each month — that's usually when my income comes in.,golden,LOAN_RECOVERY,hardship_negotiation,Kenya/M-Shwari,resolved,distressed -> cautiously_relieved,empathetic_firm,hardship_plan,0.0,1.0,0.0,0.0
GS_143,20,AGENT,"Perfect, the 5th of each month starting next month. I'm documenting this agreement on your account now — you'll receive a confirmation message to your registered number shortly. Please keep that for your records.",golden,LOAN_RECOVERY,hardship_negotiation,Kenya/M-Shwari,resolved,distressed -> cautiously_relieved,empathetic_firm,hardship_plan,0.0,0.717,0.283,0.8765
GS_143,21,CUSTOMER,"Okay. Zainab, I was really dreading this call before I picked up. I thought you were going to threaten me or something. This isn't what I expected at all.",golden,LOAN_RECOVERY,hardship_negotiation,Kenya/M-Shwari,resolved,distressed -> cautiously_relieved,empathetic_firm,hardship_plan,0.208,0.729,0.063,-0.659
GS_143,22,AGENT,"I'm glad we could find a way forward together. These situations happen, and the most important thing is working through them rather than avoiding them. You were honest with me, and that made everything easier. Is there anything else I can help with today?",golden,LOAN_RECOVERY,hardship_negotiation,Kenya/M-Shwari,resolved,distressed -> cautiously_relieved,empathetic_firm,hardship_plan,0.046,0.688,0.266,0.8883
GS_143,23,CUSTOMER,"No. Just KSh 2,426 on the 5th — I will not miss it.",golden,LOAN_RECOVERY,hardship_negotiation,Kenya/M-Shwari,resolved,distressed -> cautiously_relieved,empathetic_firm,hardship_plan,0.174,0.712,0.114,-0.1916
GS_143,24,AGENT,"I believe you. Good luck, and take care.",golden,LOAN_RECOVERY,hardship_negotiation,Kenya/M-Shwari,resolved,distressed -> cautiously_relieved,empathetic_firm,hardship_plan,0.0,0.305,0.695,0.8442
GS_143,25,CUSTOMER,Thank you. Goodbye.,golden,LOAN_RECOVERY,hardship_negotiation,Kenya/M-Shwari,resolved,distressed -> cautiously_relieved,empathetic_firm,hardship_plan,0.0,0.444,0.556,0.3612
GS_143,26,AGENT,"Goodbye, take care.",golden,LOAN_RECOVERY,hardship_negotiation,Kenya/M-Shwari,resolved,distressed -> cautiously_relieved,empathetic_firm,hardship_plan,0.0,0.385,0.615,0.4939
GS_144,0,AGENT,Good afternoon. Am I speaking with Khalid?,golden,LOAN_RECOVERY,hardship_negotiation,Gulf/UAE/ADIB,resolved,distressed -> cautiously_relieved,empathetic_firm,hardship_plan,0.0,0.633,0.367,0.4404
GS_144,1,CUSTOMER,"Yes, this is.",golden,LOAN_RECOVERY,hardship_negotiation,Gulf/UAE/ADIB,resolved,distressed -> cautiously_relieved,empathetic_firm,hardship_plan,0.0,0.426,0.574,0.4019
GS_144,2,AGENT,"Good afternoon. My name is Michael, and I'm calling from ADIB loan recovery support regarding your loan account. Is this a good time to speak?",golden,LOAN_RECOVERY,hardship_negotiation,Gulf/UAE/ADIB,resolved,distressed -> cautiously_relieved,empathetic_firm,hardship_plan,0.0,0.701,0.299,0.8391
GS_144,3,CUSTOMER,"Yes. I have been expecting a call. I know I have missed payments, and I want to explain what happened.",golden,LOAN_RECOVERY,hardship_negotiation,Gulf/UAE/ADIB,resolved,distressed -> cautiously_relieved,empathetic_firm,hardship_plan,0.121,0.659,0.22,0.2023
GS_144,4,AGENT,"Of course, please go ahead. I'm here to listen and to see how we can find a way forward together.",golden,LOAN_RECOVERY,hardship_negotiation,Gulf/UAE/ADIB,resolved,distressed -> cautiously_relieved,empathetic_firm,hardship_plan,0.0,0.887,0.113,0.3182
GS_144,5,CUSTOMER,"I had a medical emergency in the family in June that used up everything I had saved. I took this loan when I was still doing fine financially, and I've been trying to get back on my feet since. I paid what I could — AED 1,902 in August — but I cannot pay the full outstanding amount right now. I'm not running away from this, I just genuinely do not have the money.",golden,LOAN_RECOVERY,hardship_negotiation,Gulf/UAE/ADIB,resolved,distressed -> cautiously_relieved,empathetic_firm,hardship_plan,0.026,0.828,0.146,0.8148
GS_144,6,AGENT,"Khalid, thank you for being honest with me about your situation. That's a serious hardship, and I can hear you're doing your best. The AED 1,902 payment has been noted on your account, and I want you to know that counts. Can I pull up your account so we can look at the full picture together?",golden,LOAN_RECOVERY,hardship_negotiation,Gulf/UAE/ADIB,resolved,distressed -> cautiously_relieved,empathetic_firm,hardship_plan,0.059,0.755,0.186,0.8271
GS_144,7,CUSTOMER,Sure. My phone number is 050 896 8601.,golden,LOAN_RECOVERY,hardship_negotiation,Gulf/UAE/ADIB,resolved,distressed -> cautiously_relieved,empathetic_firm,hardship_plan,0.0,0.625,0.375,0.3818
GS_144,8,AGENT,"Thank you. I have your account here. Your original loan was AED 13,345. After your August payment, the outstanding balance including accrued interest and late fees is currently AED 11,443. I want to be transparent with you about that number before we discuss options.",golden,LOAN_RECOVERY,hardship_negotiation,Gulf/UAE/ADIB,resolved,distressed -> cautiously_relieved,empathetic_firm,hardship_plan,0.0,0.714,0.286,0.9081
GS_144,9,CUSTOMER,"AED 11,443. That is almost what I borrowed. The interest and fees have eaten my payment completely — that's discouraging to hear.",golden,LOAN_RECOVERY,hardship_negotiation,Gulf/UAE/ADIB,resolved,distressed -> cautiously_relieved,empathetic_firm,hardship_plan,0.131,0.744,0.124,-0.046
GS_144,10,AGENT,"I understand, and that frustration is completely valid. What I want to do today is find a restructured plan that works for your situation right now — not what it was before. Can I ask, what can you realistically commit to paying per month at the moment? Even a small amount — I want to work with what's actually possible for you.",golden,LOAN_RECOVERY,hardship_negotiation,Gulf/UAE/ADIB,resolved,distressed -> cautiously_relieved,empathetic_firm,hardship_plan,0.053,0.856,0.091,0.0586
GS_144,11,CUSTOMER,"Honestly, I can manage AED 1,003 per month right now. Maybe more once things improve, but I can't promise that yet.",golden,LOAN_RECOVERY,hardship_negotiation,Gulf/UAE/ADIB,resolved,distressed -> cautiously_relieved,empathetic_firm,hardship_plan,0.108,0.71,0.181,0.1628
GS_144,12,AGENT,"I appreciate your honesty. AED 1,003 a month is workable. Here's what I can offer — I'll restructure your loan over 12 months at AED 1,003 per month. That covers AED 12,036 over the full period, which settles the outstanding balance including the accrued interest. I'll also request that late fees stop accruing from today, provided you maintain the monthly payments consistently.",golden,LOAN_RECOVERY,hardship_negotiation,Gulf/UAE/ADIB,resolved,distressed -> cautiously_relieved,empathetic_firm,hardship_plan,0.032,0.778,0.189,0.8934
GS_144,13,CUSTOMER,"So AED 1,003 every month for 12 months and the late fees stop — and that clears the full debt?",golden,LOAN_RECOVERY,hardship_negotiation,Gulf/UAE/ADIB,resolved,distressed -> cautiously_relieved,empathetic_firm,hardship_plan,0.214,0.727,0.059,-0.5267
GS_144,14,AGENT,"Correct. As long as payments are made consistently each month by the agreed date, the late fees will be frozen from today and the plan will fully settle your account. If you miss a payment, the late fees would resume, so consistency matters — I want to be clear about that so there are no surprises.",golden,LOAN_RECOVERY,hardship_negotiation,Gulf/UAE/ADIB,resolved,distressed -> cautiously_relieved,empathetic_firm,hardship_plan,0.068,0.772,0.16,0.539
GS_144,15,CUSTOMER,I understand. And I pay through bank transfer or registered card as usual?,golden,LOAN_RECOVERY,hardship_negotiation,Gulf/UAE/ADIB,resolved,distressed -> cautiously_relieved,empathetic_firm,hardship_plan,0.123,0.877,0.0,-0.1027
GS_144,16,AGENT,"Yes, same process you've been using. Each payment will reflect on your account within a few hours, and you'll get a confirmation. I'd suggest setting a reminder for the same date each month so it becomes routine. Which date works best for you?",golden,LOAN_RECOVERY,hardship_negotiation,Gulf/UAE/ADIB,resolved,distressed -> cautiously_relieved,empathetic_firm,hardship_plan,0.0,0.846,0.154,0.7845
GS_144,17,CUSTOMER,Are you sure the late fees will actually stop? I've been burned by promises like that before.,golden,LOAN_RECOVERY,hardship_negotiation,Gulf/UAE/ADIB,resolved,distressed -> cautiously_relieved,empathetic_firm,hardship_plan,0.097,0.575,0.327,0.6369
GS_144,18,AGENT,"Completely understandable to ask — I'm noting it on your account right now, not just saying it. You'll see it reflected immediately.",golden,LOAN_RECOVERY,hardship_negotiation,Gulf/UAE/ADIB,resolved,distressed -> cautiously_relieved,empathetic_firm,hardship_plan,0.0,1.0,0.0,0.0
GS_144,19,CUSTOMER,The 5th of each month — that's usually when my income comes in.,golden,LOAN_RECOVERY,hardship_negotiation,Gulf/UAE/ADIB,resolved,distressed -> cautiously_relieved,empathetic_firm,hardship_plan,0.0,1.0,0.0,0.0
GS_144,20,AGENT,"Perfect, the 5th of each month starting next month. I'm documenting this agreement on your account now — you'll receive a confirmation message to your registered number shortly. Please keep that for your records.",golden,LOAN_RECOVERY,hardship_negotiation,Gulf/UAE/ADIB,resolved,distressed -> cautiously_relieved,empathetic_firm,hardship_plan,0.0,0.717,0.283,0.8765
GS_144,21,CUSTOMER,"Okay. Michael, I was really dreading this call before I picked up. I thought you were going to threaten me or something. This isn't what I expected at all.",golden,LOAN_RECOVERY,hardship_negotiation,Gulf/UAE/ADIB,resolved,distressed -> cautiously_relieved,empathetic_firm,hardship_plan,0.208,0.729,0.063,-0.659
GS_144,22,AGENT,"I'm glad we could find a way forward together. These situations happen, and the most important thing is working through them rather than avoiding them. You were honest with me, and that made everything easier. Is there anything else I can help with today?",golden,LOAN_RECOVERY,hardship_negotiation,Gulf/UAE/ADIB,resolved,distressed -> cautiously_relieved,empathetic_firm,hardship_plan,0.046,0.688,0.266,0.8883
GS_144,23,CUSTOMER,"No. Just AED 1,003 on the 5th — I will not miss it.",golden,LOAN_RECOVERY,hardship_negotiation,Gulf/UAE/ADIB,resolved,distressed -> cautiously_relieved,empathetic_firm,hardship_plan,0.174,0.712,0.114,-0.1916
GS_144,24,AGENT,"I believe you. Good luck, and take care.",golden,LOAN_RECOVERY,hardship_negotiation,Gulf/UAE/ADIB,resolved,distressed -> cautiously_relieved,empathetic_firm,hardship_plan,0.0,0.305,0.695,0.8442
GS_144,25,CUSTOMER,Thank you. Goodbye.,golden,LOAN_RECOVERY,hardship_negotiation,Gulf/UAE/ADIB,resolved,distressed -> cautiously_relieved,empathetic_firm,hardship_plan,0.0,0.444,0.556,0.3612
GS_144,26,AGENT,"Goodbye, take care.",golden,LOAN_RECOVERY,hardship_negotiation,Gulf/UAE/ADIB,resolved,distressed -> cautiously_relieved,empathetic_firm,hardship_plan,0.0,0.385,0.615,0.4939
GS_145,0,AGENT,Good afternoon. Am I speaking with Chidi?,golden,LOAN_RECOVERY,hardship_negotiation,Nigeria/FairMoney,resolved,distressed -> cautiously_relieved,empathetic_firm,hardship_plan,0.0,0.633,0.367,0.4404
GS_145,1,CUSTOMER,"Yes, this is.",golden,LOAN_RECOVERY,hardship_negotiation,Nigeria/FairMoney,resolved,distressed -> cautiously_relieved,empathetic_firm,hardship_plan,0.0,0.426,0.574,0.4019
GS_145,2,AGENT,"Good afternoon. My name is Blessing, and I'm calling from FairMoney loan recovery support regarding your loan account. Is this a good time to speak?",golden,LOAN_RECOVERY,hardship_negotiation,Nigeria/FairMoney,resolved,distressed -> cautiously_relieved,empathetic_firm,hardship_plan,0.0,0.622,0.378,0.9037
GS_145,3,CUSTOMER,"Yes. I have been expecting a call. I know I have missed payments, and I want to explain what happened.",golden,LOAN_RECOVERY,hardship_negotiation,Nigeria/FairMoney,resolved,distressed -> cautiously_relieved,empathetic_firm,hardship_plan,0.121,0.659,0.22,0.2023
GS_145,4,AGENT,"Of course, please go ahead. I'm here to listen and to see how we can find a way forward together.",golden,LOAN_RECOVERY,hardship_negotiation,Nigeria/FairMoney,resolved,distressed -> cautiously_relieved,empathetic_firm,hardship_plan,0.0,0.887,0.113,0.3182
GS_145,5,CUSTOMER,"I lost my job in April — the company I worked for did a round of retrenchments. I took this loan when I was still doing fine financially, and I've been trying to get back on my feet since. I paid what I could — ₦5,080 in May — but I cannot pay the full outstanding amount right now. I'm not running away from this, I just genuinely do not have the money.",golden,LOAN_RECOVERY,hardship_negotiation,Nigeria/FairMoney,resolved,distressed -> cautiously_relieved,empathetic_firm,hardship_plan,0.025,0.851,0.125,0.7713
GS_145,6,AGENT,"Chidi, thank you for being honest with me about your situation. That's a serious hardship, and I can hear you're doing your best. The ₦5,080 payment has been noted on your account, and I want you to know that counts. Can I pull up your account so we can look at the full picture together?",golden,LOAN_RECOVERY,hardship_negotiation,Nigeria/FairMoney,resolved,distressed -> cautiously_relieved,empathetic_firm,hardship_plan,0.06,0.751,0.189,0.8271
GS_145,7,CUSTOMER,Sure. My phone number is 0902395922.,golden,LOAN_RECOVERY,hardship_negotiation,Nigeria/FairMoney,resolved,distressed -> cautiously_relieved,empathetic_firm,hardship_plan,0.0,0.526,0.474,0.3818
GS_145,8,AGENT,"Thank you. I have your account here. Your original loan was ₦43,193. After your May payment, the outstanding balance including accrued interest and late fees is currently ₦38,113. I want to be transparent with you about that number before we discuss options.",golden,LOAN_RECOVERY,hardship_negotiation,Nigeria/FairMoney,resolved,distressed -> cautiously_relieved,empathetic_firm,hardship_plan,0.0,0.702,0.298,0.9081
GS_145,9,CUSTOMER,"₦38,113. That is almost what I borrowed. The interest and fees have eaten my payment completely — that's discouraging to hear.",golden,LOAN_RECOVERY,hardship_negotiation,Nigeria/FairMoney,resolved,distressed -> cautiously_relieved,empathetic_firm,hardship_plan,0.137,0.733,0.129,-0.046
GS_145,10,AGENT,"I understand, and that frustration is completely valid. What I want to do today is find a restructured plan that works for your situation right now — not what it was before. Can I ask, what can you realistically commit to paying per month at the moment? Even a small amount — I want to work with what's actually possible for you.",golden,LOAN_RECOVERY,hardship_negotiation,Nigeria/FairMoney,resolved,distressed -> cautiously_relieved,empathetic_firm,hardship_plan,0.053,0.856,0.091,0.0586
GS_145,11,CUSTOMER,"Honestly, I can manage ₦4,704 per month right now. Maybe more once things improve, but I can't promise that yet.",golden,LOAN_RECOVERY,hardship_negotiation,Nigeria/FairMoney,resolved,distressed -> cautiously_relieved,empathetic_firm,hardship_plan,0.113,0.697,0.19,0.1628
GS_145,12,AGENT,"I appreciate your honesty. ₦4,704 a month is workable. Here's what I can offer — I'll restructure your loan over 9 months at ₦4,704 per month. That covers ₦42,336 over the full period, which settles the outstanding balance including the accrued interest. I'll also request that late fees stop accruing from today, provided you maintain the monthly payments consistently.",golden,LOAN_RECOVERY,hardship_negotiation,Nigeria/FairMoney,resolved,distressed -> cautiously_relieved,empathetic_firm,hardship_plan,0.034,0.764,0.201,0.8934
GS_145,13,CUSTOMER,"So ₦4,704 every month for 9 months and the late fees stop — and that clears the full debt?",golden,LOAN_RECOVERY,hardship_negotiation,Nigeria/FairMoney,resolved,distressed -> cautiously_relieved,empathetic_firm,hardship_plan,0.235,0.7,0.065,-0.5267
GS_145,14,AGENT,"Correct. As long as payments are made consistently each month by the agreed date, the late fees will be frozen from today and the plan will fully settle your account. If you miss a payment, the late fees would resume, so consistency matters — I want to be clear about that so there are no surprises.",golden,LOAN_RECOVERY,hardship_negotiation,Nigeria/FairMoney,resolved,distressed -> cautiously_relieved,empathetic_firm,hardship_plan,0.068,0.772,0.16,0.539
GS_145,15,CUSTOMER,I understand. And I pay through bank transfer or the app wallet as usual?,golden,LOAN_RECOVERY,hardship_negotiation,Nigeria/FairMoney,resolved,distressed -> cautiously_relieved,empathetic_firm,hardship_plan,0.113,0.887,0.0,-0.1027
GS_145,16,AGENT,"Yes, same process you've been using. Each payment will reflect on your account within a few hours, and you'll get a confirmation. I'd suggest setting a reminder for the same date each month so it becomes routine. Which date works best for you?",golden,LOAN_RECOVERY,hardship_negotiation,Nigeria/FairMoney,resolved,distressed -> cautiously_relieved,empathetic_firm,hardship_plan,0.0,0.846,0.154,0.7845
GS_145,17,CUSTOMER,The 10th of each month — that's usually when my income comes in.,golden,LOAN_RECOVERY,hardship_negotiation,Nigeria/FairMoney,resolved,distressed -> cautiously_relieved,empathetic_firm,hardship_plan,0.0,1.0,0.0,0.0
GS_145,18,AGENT,"Perfect, the 10th of each month starting next month. I'm documenting this agreement on your account now — you'll receive a confirmation message to your registered number shortly. Please keep that for your records.",golden,LOAN_RECOVERY,hardship_negotiation,Nigeria/FairMoney,resolved,distressed -> cautiously_relieved,empathetic_firm,hardship_plan,0.0,0.717,0.283,0.8765
GS_145,19,CUSTOMER,"Okay. Blessing, I was really dreading this call before I picked up. I thought you were going to threaten me or something. This isn't what I expected at all.",golden,LOAN_RECOVERY,hardship_negotiation,Nigeria/FairMoney,resolved,distressed -> cautiously_relieved,empathetic_firm,hardship_plan,0.194,0.648,0.157,-0.2944
GS_145,20,AGENT,"I'm glad we could find a way forward together. These situations happen, and the most important thing is working through them rather than avoiding them. You were honest with me, and that made everything easier. Is there anything else I can help with today?",golden,LOAN_RECOVERY,hardship_negotiation,Nigeria/FairMoney,resolved,distressed -> cautiously_relieved,empathetic_firm,hardship_plan,0.046,0.688,0.266,0.8883
GS_145,21,CUSTOMER,"No. Just ₦4,704 on the 10th — I will not miss it.",golden,LOAN_RECOVERY,hardship_negotiation,Nigeria/FairMoney,resolved,distressed -> cautiously_relieved,empathetic_firm,hardship_plan,0.189,0.687,0.124,-0.1916
GS_145,22,AGENT,"I believe you. Good luck, and take care.",golden,LOAN_RECOVERY,hardship_negotiation,Nigeria/FairMoney,resolved,distressed -> cautiously_relieved,empathetic_firm,hardship_plan,0.0,0.305,0.695,0.8442
GS_145,23,CUSTOMER,Thank you. Goodbye.,golden,LOAN_RECOVERY,hardship_negotiation,Nigeria/FairMoney,resolved,distressed -> cautiously_relieved,empathetic_firm,hardship_plan,0.0,0.444,0.556,0.3612
GS_145,24,AGENT,"Goodbye, take care.",golden,LOAN_RECOVERY,hardship_negotiation,Nigeria/FairMoney,resolved,distressed -> cautiously_relieved,empathetic_firm,hardship_plan,0.0,0.385,0.615,0.4939
GS_146,0,AGENT,Good afternoon. Am I speaking with Wambui?,golden,LOAN_RECOVERY,hardship_negotiation,Kenya/Mogo,resolved,distressed -> cautiously_relieved,empathetic_firm,hardship_plan,0.0,0.633,0.367,0.4404
GS_146,1,CUSTOMER,"Yes, this is.",golden,LOAN_RECOVERY,hardship_negotiation,Kenya/Mogo,resolved,distressed -> cautiously_relieved,empathetic_firm,hardship_plan,0.0,0.426,0.574,0.4019
GS_146,2,AGENT,"Good afternoon. My name is Kelechi, and I'm calling from Mogo loan recovery support regarding your loan account. Is this a good time to speak?",golden,LOAN_RECOVERY,hardship_negotiation,Kenya/Mogo,resolved,distressed -> cautiously_relieved,empathetic_firm,hardship_plan,0.0,0.701,0.299,0.8391
GS_146,3,CUSTOMER,"Yes. I have been expecting a call. I know I have missed payments, and I want to explain what happened.",golden,LOAN_RECOVERY,hardship_negotiation,Kenya/Mogo,resolved,distressed -> cautiously_relieved,empathetic_firm,hardship_plan,0.121,0.659,0.22,0.2023
GS_146,4,AGENT,"Of course, please go ahead. I'm here to listen and to see how we can find a way forward together.",golden,LOAN_RECOVERY,hardship_negotiation,Kenya/Mogo,resolved,distressed -> cautiously_relieved,empathetic_firm,hardship_plan,0.0,0.887,0.113,0.3182
GS_146,5,CUSTOMER,"my hours were cut significantly at work starting May, and my income dropped by more than half. I took this loan when I was still doing fine financially, and I've been trying to get back on my feet since. I paid what I could — KSh 3,138 in May — but I cannot pay the full outstanding amount right now. I'm not running away from this, I just genuinely do not have the money.",golden,LOAN_RECOVERY,hardship_negotiation,Kenya/Mogo,resolved,distressed -> cautiously_relieved,empathetic_firm,hardship_plan,0.022,0.862,0.116,0.7779
GS_146,6,AGENT,"Wambui, thank you for being honest with me about your situation. That's a serious hardship, and I can hear you're doing your best. The KSh 3,138 payment has been noted on your account, and I want you to know that counts. Can I pull up your account so we can look at the full picture together?",golden,LOAN_RECOVERY,hardship_negotiation,Kenya/Mogo,resolved,distressed -> cautiously_relieved,empathetic_firm,hardship_plan,0.059,0.755,0.186,0.8271
GS_146,7,CUSTOMER,Sure. My phone number is 0737 397 495.,golden,LOAN_RECOVERY,hardship_negotiation,Kenya/Mogo,resolved,distressed -> cautiously_relieved,empathetic_firm,hardship_plan,0.0,0.625,0.375,0.3818
GS_146,8,AGENT,"Thank you. I have your account here. Your original loan was KSh 22,189. After your May payment, the outstanding balance including accrued interest and late fees is currently KSh 19,051. I want to be transparent with you about that number before we discuss options.",golden,LOAN_RECOVERY,hardship_negotiation,Kenya/Mogo,resolved,distressed -> cautiously_relieved,empathetic_firm,hardship_plan,0.0,0.714,0.286,0.9081
GS_146,9,CUSTOMER,"KSh 19,051. That is almost what I borrowed. The interest and fees have eaten my payment completely — that's discouraging to hear.",golden,LOAN_RECOVERY,hardship_negotiation,Kenya/Mogo,resolved,distressed -> cautiously_relieved,empathetic_firm,hardship_plan,0.131,0.744,0.124,-0.046
GS_146,10,AGENT,"I understand, and that frustration is completely valid. What I want to do today is find a restructured plan that works for your situation right now — not what it was before. Can I ask, what can you realistically commit to paying per month at the moment? Even a small amount — I want to work with what's actually possible for you.",golden,LOAN_RECOVERY,hardship_negotiation,Kenya/Mogo,resolved,distressed -> cautiously_relieved,empathetic_firm,hardship_plan,0.053,0.856,0.091,0.0586
GS_146,11,CUSTOMER,"Honestly, I can manage KSh 1,588 per month right now. Maybe more once things improve, but I can't promise that yet.",golden,LOAN_RECOVERY,hardship_negotiation,Kenya/Mogo,resolved,distressed -> cautiously_relieved,empathetic_firm,hardship_plan,0.108,0.71,0.181,0.1628
GS_146,12,AGENT,"I appreciate your honesty. KSh 1,588 a month is workable. Here's what I can offer — I'll restructure your loan over 12 months at KSh 1,588 per month. That covers KSh 19,056 over the full period, which settles the outstanding balance including the accrued interest. I'll also request that late fees stop accruing from today, provided you maintain the monthly payments consistently.",golden,LOAN_RECOVERY,hardship_negotiation,Kenya/Mogo,resolved,distressed -> cautiously_relieved,empathetic_firm,hardship_plan,0.032,0.778,0.189,0.8934
GS_146,13,CUSTOMER,"So KSh 1,588 every month for 12 months and the late fees stop — and that clears the full debt?",golden,LOAN_RECOVERY,hardship_negotiation,Kenya/Mogo,resolved,distressed -> cautiously_relieved,empathetic_firm,hardship_plan,0.214,0.727,0.059,-0.5267
GS_146,14,AGENT,"Correct. As long as payments are made consistently each month by the agreed date, the late fees will be frozen from today and the plan will fully settle your account. If you miss a payment, the late fees would resume, so consistency matters — I want to be clear about that so there are no surprises.",golden,LOAN_RECOVERY,hardship_negotiation,Kenya/Mogo,resolved,distressed -> cautiously_relieved,empathetic_firm,hardship_plan,0.068,0.772,0.16,0.539
GS_146,15,CUSTOMER,I understand. And I pay through M-Pesa Paybill as usual?,golden,LOAN_RECOVERY,hardship_negotiation,Kenya/Mogo,resolved,distressed -> cautiously_relieved,empathetic_firm,hardship_plan,0.167,0.833,0.0,-0.1027
GS_146,16,AGENT,"Yes, same process you've been using. Each payment will reflect on your account within a few hours, and you'll get a confirmation. I'd suggest setting a reminder for the same date each month so it becomes routine. Which date works best for you?",golden,LOAN_RECOVERY,hardship_negotiation,Kenya/Mogo,resolved,distressed -> cautiously_relieved,empathetic_firm,hardship_plan,0.0,0.846,0.154,0.7845
GS_146,17,CUSTOMER,The 5th of each month — that's usually when my income comes in.,golden,LOAN_RECOVERY,hardship_negotiation,Kenya/Mogo,resolved,distressed -> cautiously_relieved,empathetic_firm,hardship_plan,0.0,1.0,0.0,0.0
GS_146,18,AGENT,"Perfect, the 5th of each month starting next month. I'm documenting this agreement on your account now — you'll receive a confirmation message to your registered number shortly. Please keep that for your records.",golden,LOAN_RECOVERY,hardship_negotiation,Kenya/Mogo,resolved,distressed -> cautiously_relieved,empathetic_firm,hardship_plan,0.0,0.717,0.283,0.8765
GS_146,19,CUSTOMER,"Okay. Kelechi, I was really dreading this call before I picked up. I thought you were going to threaten me or something. This isn't what I expected at all.",golden,LOAN_RECOVERY,hardship_negotiation,Kenya/Mogo,resolved,distressed -> cautiously_relieved,empathetic_firm,hardship_plan,0.208,0.729,0.063,-0.659
GS_146,20,AGENT,"I'm glad we could find a way forward together. These situations happen, and the most important thing is working through them rather than avoiding them. You were honest with me, and that made everything easier. Is there anything else I can help with today?",golden,LOAN_RECOVERY,hardship_negotiation,Kenya/Mogo,resolved,distressed -> cautiously_relieved,empathetic_firm,hardship_plan,0.046,0.688,0.266,0.8883
GS_146,21,CUSTOMER,"No. Just KSh 1,588 on the 5th — I will not miss it.",golden,LOAN_RECOVERY,hardship_negotiation,Kenya/Mogo,resolved,distressed -> cautiously_relieved,empathetic_firm,hardship_plan,0.174,0.712,0.114,-0.1916
GS_146,22,AGENT,"I believe you. Good luck, and take care.",golden,LOAN_RECOVERY,hardship_negotiation,Kenya/Mogo,resolved,distressed -> cautiously_relieved,empathetic_firm,hardship_plan,0.0,0.305,0.695,0.8442
GS_146,23,CUSTOMER,Thank you. Goodbye.,golden,LOAN_RECOVERY,hardship_negotiation,Kenya/Mogo,resolved,distressed -> cautiously_relieved,empathetic_firm,hardship_plan,0.0,0.444,0.556,0.3612
GS_146,24,AGENT,"Goodbye, take care.",golden,LOAN_RECOVERY,hardship_negotiation,Kenya/Mogo,resolved,distressed -> cautiously_relieved,empathetic_firm,hardship_plan,0.0,0.385,0.615,0.4939
GS_147,0,AGENT,Good afternoon. Am I speaking with Layla?,golden,LOAN_RECOVERY,hardship_negotiation,Gulf/UAE/Dubai Islamic Bank,resolved,distressed -> cautiously_relieved,empathetic_firm,hardship_plan,0.0,0.633,0.367,0.4404
GS_147,1,CUSTOMER,"Yes, this is.",golden,LOAN_RECOVERY,hardship_negotiation,Gulf/UAE/Dubai Islamic Bank,resolved,distressed -> cautiously_relieved,empathetic_firm,hardship_plan,0.0,0.426,0.574,0.4019
GS_147,2,AGENT,"Good afternoon. My name is Kelechi, and I'm calling from Dubai Islamic Bank loan recovery support regarding your loan account. Is this a good time to speak?",golden,LOAN_RECOVERY,hardship_negotiation,Gulf/UAE/Dubai Islamic Bank,resolved,distressed -> cautiously_relieved,empathetic_firm,hardship_plan,0.0,0.719,0.281,0.8391
GS_147,3,CUSTOMER,"Yes. I have been expecting a call. I know I have missed payments, and I want to explain what happened.",golden,LOAN_RECOVERY,hardship_negotiation,Gulf/UAE/Dubai Islamic Bank,resolved,distressed -> cautiously_relieved,empathetic_firm,hardship_plan,0.121,0.659,0.22,0.2023
GS_147,4,AGENT,"Of course, please go ahead. I'm here to listen and to see how we can find a way forward together.",golden,LOAN_RECOVERY,hardship_negotiation,Gulf/UAE/Dubai Islamic Bank,resolved,distressed -> cautiously_relieved,empathetic_firm,hardship_plan,0.0,0.887,0.113,0.3182
GS_147,5,CUSTOMER,"I had a medical emergency in the family in June that used up everything I had saved. I took this loan when I was still doing fine financially, and I've been trying to get back on my feet since. I paid what I could — AED 1,552 in May — but I cannot pay the full outstanding amount right now. I'm not running away from this, I just genuinely do not have the money.",golden,LOAN_RECOVERY,hardship_negotiation,Gulf/UAE/Dubai Islamic Bank,resolved,distressed -> cautiously_relieved,empathetic_firm,hardship_plan,0.026,0.828,0.146,0.8148
GS_147,6,AGENT,"Layla, thank you for being honest with me about your situation. That's a serious hardship, and I can hear you're doing your best. The AED 1,552 payment has been noted on your account, and I want you to know that counts. Can I pull up your account so we can look at the full picture together?",golden,LOAN_RECOVERY,hardship_negotiation,Gulf/UAE/Dubai Islamic Bank,resolved,distressed -> cautiously_relieved,empathetic_firm,hardship_plan,0.059,0.755,0.186,0.8271
GS_147,7,CUSTOMER,Sure. My phone number is 059 744 4252.,golden,LOAN_RECOVERY,hardship_negotiation,Gulf/UAE/Dubai Islamic Bank,resolved,distressed -> cautiously_relieved,empathetic_firm,hardship_plan,0.0,0.625,0.375,0.3818
GS_147,8,AGENT,"Thank you. I have your account here. Your original loan was AED 19,057. After your May payment, the outstanding balance including accrued interest and late fees is currently AED 17,505. I want to be transparent with you about that number before we discuss options.",golden,LOAN_RECOVERY,hardship_negotiation,Gulf/UAE/Dubai Islamic Bank,resolved,distressed -> cautiously_relieved,empathetic_firm,hardship_plan,0.0,0.714,0.286,0.9081
GS_147,9,CUSTOMER,"AED 17,505. That is almost what I borrowed. The interest and fees have eaten my payment completely — that's discouraging to hear.",golden,LOAN_RECOVERY,hardship_negotiation,Gulf/UAE/Dubai Islamic Bank,resolved,distressed -> cautiously_relieved,empathetic_firm,hardship_plan,0.131,0.744,0.124,-0.046
GS_147,10,AGENT,"I understand, and that frustration is completely valid. What I want to do today is find a restructured plan that works for your situation right now — not what it was before. Can I ask, what can you realistically commit to paying per month at the moment? Even a small amount — I want to work with what's actually possible for you.",golden,LOAN_RECOVERY,hardship_negotiation,Gulf/UAE/Dubai Islamic Bank,resolved,distressed -> cautiously_relieved,empathetic_firm,hardship_plan,0.053,0.856,0.091,0.0586
GS_147,11,CUSTOMER,"Honestly, I can manage AED 1,967 per month right now. Maybe more once things improve, but I can't promise that yet.",golden,LOAN_RECOVERY,hardship_negotiation,Gulf/UAE/Dubai Islamic Bank,resolved,distressed -> cautiously_relieved,empathetic_firm,hardship_plan,0.108,0.71,0.181,0.1628
GS_147,12,AGENT,"I appreciate your honesty. AED 1,967 a month is workable. Here's what I can offer — I'll restructure your loan over 9 months at AED 1,967 per month. That covers AED 17,703 over the full period, which settles the outstanding balance including the accrued interest. I'll also request that late fees stop accruing from today, provided you maintain the monthly payments consistently.",golden,LOAN_RECOVERY,hardship_negotiation,Gulf/UAE/Dubai Islamic Bank,resolved,distressed -> cautiously_relieved,empathetic_firm,hardship_plan,0.033,0.775,0.192,0.8934
GS_147,13,CUSTOMER,"So AED 1,967 every month for 9 months and the late fees stop — and that clears the full debt?",golden,LOAN_RECOVERY,hardship_negotiation,Gulf/UAE/Dubai Islamic Bank,resolved,distressed -> cautiously_relieved,empathetic_firm,hardship_plan,0.224,0.714,0.062,-0.5267
GS_147,14,AGENT,"Correct. As long as payments are made consistently each month by the agreed date, the late fees will be frozen from today and the plan will fully settle your account. If you miss a payment, the late fees would resume, so consistency matters — I want to be clear about that so there are no surprises.",golden,LOAN_RECOVERY,hardship_negotiation,Gulf/UAE/Dubai Islamic Bank,resolved,distressed -> cautiously_relieved,empathetic_firm,hardship_plan,0.068,0.772,0.16,0.539
GS_147,15,CUSTOMER,I understand. And I pay through bank transfer or registered card as usual?,golden,LOAN_RECOVERY,hardship_negotiation,Gulf/UAE/Dubai Islamic Bank,resolved,distressed -> cautiously_relieved,empathetic_firm,hardship_plan,0.123,0.877,0.0,-0.1027
GS_147,16,AGENT,"Yes, same process you've been using. Each payment will reflect on your account within a few hours, and you'll get a confirmation. I'd suggest setting a reminder for the same date each month so it becomes routine. Which date works best for you?",golden,LOAN_RECOVERY,hardship_negotiation,Gulf/UAE/Dubai Islamic Bank,resolved,distressed -> cautiously_relieved,empathetic_firm,hardship_plan,0.0,0.846,0.154,0.7845
GS_147,17,CUSTOMER,The 10th of each month — that's usually when my income comes in.,golden,LOAN_RECOVERY,hardship_negotiation,Gulf/UAE/Dubai Islamic Bank,resolved,distressed -> cautiously_relieved,empathetic_firm,hardship_plan,0.0,1.0,0.0,0.0
GS_147,18,AGENT,"Perfect, the 10th of each month starting next month. I'm documenting this agreement on your account now — you'll receive a confirmation message to your registered number shortly. Please keep that for your records.",golden,LOAN_RECOVERY,hardship_negotiation,Gulf/UAE/Dubai Islamic Bank,resolved,distressed -> cautiously_relieved,empathetic_firm,hardship_plan,0.0,0.717,0.283,0.8765
GS_147,19,CUSTOMER,"Okay. Kelechi, I was really dreading this call before I picked up. I thought you were going to threaten me or something. This isn't what I expected at all.",golden,LOAN_RECOVERY,hardship_negotiation,Gulf/UAE/Dubai Islamic Bank,resolved,distressed -> cautiously_relieved,empathetic_firm,hardship_plan,0.208,0.729,0.063,-0.659
GS_147,20,AGENT,"I'm glad we could find a way forward together. These situations happen, and the most important thing is working through them rather than avoiding them. You were honest with me, and that made everything easier. Is there anything else I can help with today?",golden,LOAN_RECOVERY,hardship_negotiation,Gulf/UAE/Dubai Islamic Bank,resolved,distressed -> cautiously_relieved,empathetic_firm,hardship_plan,0.046,0.688,0.266,0.8883
GS_147,21,CUSTOMER,"No. Just AED 1,967 on the 10th — I will not miss it.",golden,LOAN_RECOVERY,hardship_negotiation,Gulf/UAE/Dubai Islamic Bank,resolved,distressed -> cautiously_relieved,empathetic_firm,hardship_plan,0.174,0.712,0.114,-0.1916
GS_147,22,AGENT,"I believe you. Good luck, and take care.",golden,LOAN_RECOVERY,hardship_negotiation,Gulf/UAE/Dubai Islamic Bank,resolved,distressed -> cautiously_relieved,empathetic_firm,hardship_plan,0.0,0.305,0.695,0.8442
GS_147,23,CUSTOMER,Thank you. Goodbye.,golden,LOAN_RECOVERY,hardship_negotiation,Gulf/UAE/Dubai Islamic Bank,resolved,distressed -> cautiously_relieved,empathetic_firm,hardship_plan,0.0,0.444,0.556,0.3612
GS_147,24,AGENT,"Goodbye, take care.",golden,LOAN_RECOVERY,hardship_negotiation,Gulf/UAE/Dubai Islamic Bank,resolved,distressed -> cautiously_relieved,empathetic_firm,hardship_plan,0.0,0.385,0.615,0.4939
GS_148,0,AGENT,Good afternoon. Am I speaking with Ngozi?,golden,LOAN_RECOVERY,hardship_negotiation,Nigeria/FairMoney,resolved,distressed -> cautiously_relieved,empathetic_firm,hardship_plan,0.0,0.633,0.367,0.4404
GS_148,1,CUSTOMER,"Yes, this is.",golden,LOAN_RECOVERY,hardship_negotiation,Nigeria/FairMoney,resolved,distressed -> cautiously_relieved,empathetic_firm,hardship_plan,0.0,0.426,0.574,0.4019
GS_148,2,AGENT,"Good afternoon. My name is Femi, and I'm calling from FairMoney loan recovery support regarding your loan account. Is this a good time to speak?",golden,LOAN_RECOVERY,hardship_negotiation,Nigeria/FairMoney,resolved,distressed -> cautiously_relieved,empathetic_firm,hardship_plan,0.0,0.701,0.299,0.8391
GS_148,3,CUSTOMER,"Yes. I have been expecting a call. I know I have missed payments, and I want to explain what happened.",golden,LOAN_RECOVERY,hardship_negotiation,Nigeria/FairMoney,resolved,distressed -> cautiously_relieved,empathetic_firm,hardship_plan,0.121,0.659,0.22,0.2023
GS_148,4,AGENT,"Of course, please go ahead. I'm here to listen and to see how we can find a way forward together.",golden,LOAN_RECOVERY,hardship_negotiation,Nigeria/FairMoney,resolved,distressed -> cautiously_relieved,empathetic_firm,hardship_plan,0.0,0.887,0.113,0.3182
GS_148,5,CUSTOMER,"I lost my job in July — the company I worked for did a round of retrenchments. I took this loan when I was still doing fine financially, and I've been trying to get back on my feet since. I paid what I could — ₦6,808 in June — but I cannot pay the full outstanding amount right now. I'm not running away from this, I just genuinely do not have the money.",golden,LOAN_RECOVERY,hardship_negotiation,Nigeria/FairMoney,resolved,distressed -> cautiously_relieved,empathetic_firm,hardship_plan,0.025,0.851,0.125,0.7713
GS_148,6,AGENT,"Ngozi, thank you for being honest with me about your situation. That's a serious hardship, and I can hear you're doing your best. The ₦6,808 payment has been noted on your account, and I want you to know that counts. Can I pull up your account so we can look at the full picture together?",golden,LOAN_RECOVERY,hardship_negotiation,Nigeria/FairMoney,resolved,distressed -> cautiously_relieved,empathetic_firm,hardship_plan,0.06,0.751,0.189,0.8271
GS_148,7,CUSTOMER,Sure. My phone number is 0701183794.,golden,LOAN_RECOVERY,hardship_negotiation,Nigeria/FairMoney,resolved,distressed -> cautiously_relieved,empathetic_firm,hardship_plan,0.0,0.526,0.474,0.3818
GS_148,8,AGENT,"Thank you. I have your account here. Your original loan was ₦21,962. After your June payment, the outstanding balance including accrued interest and late fees is currently ₦15,154. I want to be transparent with you about that number before we discuss options.",golden,LOAN_RECOVERY,hardship_negotiation,Nigeria/FairMoney,resolved,distressed -> cautiously_relieved,empathetic_firm,hardship_plan,0.0,0.702,0.298,0.9081
GS_148,9,CUSTOMER,"₦15,154. That is almost what I borrowed. The interest and fees have eaten my payment completely — that's discouraging to hear.",golden,LOAN_RECOVERY,hardship_negotiation,Nigeria/FairMoney,resolved,distressed -> cautiously_relieved,empathetic_firm,hardship_plan,0.137,0.733,0.129,-0.046
GS_148,10,AGENT,"I understand, and that frustration is completely valid. What I want to do today is find a restructured plan that works for your situation right now — not what it was before. Can I ask, what can you realistically commit to paying per month at the moment? Even a small amount — I want to work with what's actually possible for you.",golden,LOAN_RECOVERY,hardship_negotiation,Nigeria/FairMoney,resolved,distressed -> cautiously_relieved,empathetic_firm,hardship_plan,0.053,0.856,0.091,0.0586
GS_148,11,CUSTOMER,"Honestly, I can manage ₦2,046 per month right now. Maybe more once things improve, but I can't promise that yet.",golden,LOAN_RECOVERY,hardship_negotiation,Nigeria/FairMoney,resolved,distressed -> cautiously_relieved,empathetic_firm,hardship_plan,0.113,0.697,0.19,0.1628
GS_148,12,AGENT,"I appreciate your honesty. ₦2,046 a month is workable. Here's what I can offer — I'll restructure your loan over 9 months at ₦2,046 per month. That covers ₦18,414 over the full period, which settles the outstanding balance including the accrued interest. I'll also request that late fees stop accruing from today, provided you maintain the monthly payments consistently.",golden,LOAN_RECOVERY,hardship_negotiation,Nigeria/FairMoney,resolved,distressed -> cautiously_relieved,empathetic_firm,hardship_plan,0.034,0.764,0.201,0.8934
GS_148,13,CUSTOMER,"So ₦2,046 every month for 9 months and the late fees stop — and that clears the full debt?",golden,LOAN_RECOVERY,hardship_negotiation,Nigeria/FairMoney,resolved,distressed -> cautiously_relieved,empathetic_firm,hardship_plan,0.235,0.7,0.065,-0.5267
GS_148,14,AGENT,"Correct. As long as payments are made consistently each month by the agreed date, the late fees will be frozen from today and the plan will fully settle your account. If you miss a payment, the late fees would resume, so consistency matters — I want to be clear about that so there are no surprises.",golden,LOAN_RECOVERY,hardship_negotiation,Nigeria/FairMoney,resolved,distressed -> cautiously_relieved,empathetic_firm,hardship_plan,0.068,0.772,0.16,0.539
GS_148,15,CUSTOMER,I understand. And I pay through bank transfer or the app wallet as usual?,golden,LOAN_RECOVERY,hardship_negotiation,Nigeria/FairMoney,resolved,distressed -> cautiously_relieved,empathetic_firm,hardship_plan,0.113,0.887,0.0,-0.1027
GS_148,16,AGENT,"Yes, same process you've been using. Each payment will reflect on your account within a few hours, and you'll get a confirmation. I'd suggest setting a reminder for the same date each month so it becomes routine. Which date works best for you?",golden,LOAN_RECOVERY,hardship_negotiation,Nigeria/FairMoney,resolved,distressed -> cautiously_relieved,empathetic_firm,hardship_plan,0.0,0.846,0.154,0.7845
GS_148,17,CUSTOMER,The 5th of each month — that's usually when my income comes in.,golden,LOAN_RECOVERY,hardship_negotiation,Nigeria/FairMoney,resolved,distressed -> cautiously_relieved,empathetic_firm,hardship_plan,0.0,1.0,0.0,0.0
GS_148,18,AGENT,"Perfect, the 5th of each month starting next month. I'm documenting this agreement on your account now — you'll receive a confirmation message to your registered number shortly. Please keep that for your records.",golden,LOAN_RECOVERY,hardship_negotiation,Nigeria/FairMoney,resolved,distressed -> cautiously_relieved,empathetic_firm,hardship_plan,0.0,0.717,0.283,0.8765
GS_148,19,CUSTOMER,"Okay. Femi, I was really dreading this call before I picked up. I thought you were going to threaten me or something. This isn't what I expected at all.",golden,LOAN_RECOVERY,hardship_negotiation,Nigeria/FairMoney,resolved,distressed -> cautiously_relieved,empathetic_firm,hardship_plan,0.208,0.729,0.063,-0.659
GS_148,20,AGENT,"I'm glad we could find a way forward together. These situations happen, and the most important thing is working through them rather than avoiding them. You were honest with me, and that made everything easier. Is there anything else I can help with today?",golden,LOAN_RECOVERY,hardship_negotiation,Nigeria/FairMoney,resolved,distressed -> cautiously_relieved,empathetic_firm,hardship_plan,0.046,0.688,0.266,0.8883
GS_148,21,CUSTOMER,"No. Just ₦2,046 on the 5th — I will not miss it.",golden,LOAN_RECOVERY,hardship_negotiation,Nigeria/FairMoney,resolved,distressed -> cautiously_relieved,empathetic_firm,hardship_plan,0.189,0.687,0.124,-0.1916
GS_148,22,AGENT,"I believe you. Good luck, and take care.",golden,LOAN_RECOVERY,hardship_negotiation,Nigeria/FairMoney,resolved,distressed -> cautiously_relieved,empathetic_firm,hardship_plan,0.0,0.305,0.695,0.8442
GS_148,23,CUSTOMER,Thank you. Goodbye.,golden,LOAN_RECOVERY,hardship_negotiation,Nigeria/FairMoney,resolved,distressed -> cautiously_relieved,empathetic_firm,hardship_plan,0.0,0.444,0.556,0.3612
GS_148,24,AGENT,"Goodbye, take care.",golden,LOAN_RECOVERY,hardship_negotiation,Nigeria/FairMoney,resolved,distressed -> cautiously_relieved,empathetic_firm,hardship_plan,0.0,0.385,0.615,0.4939
GS_149,0,AGENT,Good afternoon. Am I speaking with Wambui?,golden,LOAN_RECOVERY,hardship_negotiation,Kenya/M-Shwari,resolved,distressed -> cautiously_relieved,empathetic_firm,hardship_plan,0.0,0.633,0.367,0.4404
GS_149,1,CUSTOMER,"Yes, this is.",golden,LOAN_RECOVERY,hardship_negotiation,Kenya/M-Shwari,resolved,distressed -> cautiously_relieved,empathetic_firm,hardship_plan,0.0,0.426,0.574,0.4019
GS_149,2,AGENT,"Good afternoon. My name is Chinwe, and I'm calling from M-Shwari loan recovery support regarding your loan account. Is this a good time to speak?",golden,LOAN_RECOVERY,hardship_negotiation,Kenya/M-Shwari,resolved,distressed -> cautiously_relieved,empathetic_firm,hardship_plan,0.0,0.701,0.299,0.8391
GS_149,3,CUSTOMER,"Yes. I have been expecting a call. I know I have missed payments, and I want to explain what happened.",golden,LOAN_RECOVERY,hardship_negotiation,Kenya/M-Shwari,resolved,distressed -> cautiously_relieved,empathetic_firm,hardship_plan,0.121,0.659,0.22,0.2023
GS_149,4,AGENT,"Of course, please go ahead. I'm here to listen and to see how we can find a way forward together.",golden,LOAN_RECOVERY,hardship_negotiation,Kenya/M-Shwari,resolved,distressed -> cautiously_relieved,empathetic_firm,hardship_plan,0.0,0.887,0.113,0.3182
GS_149,5,CUSTOMER,"my hours were cut significantly at work starting April, and my income dropped by more than half. I took this loan when I was still doing fine financially, and I've been trying to get back on my feet since. I paid what I could — KSh 3,003 in June — but I cannot pay the full outstanding amount right now. I'm not running away from this, I just genuinely do not have the money.",golden,LOAN_RECOVERY,hardship_negotiation,Kenya/M-Shwari,resolved,distressed -> cautiously_relieved,empathetic_firm,hardship_plan,0.022,0.862,0.116,0.7779
GS_149,6,AGENT,"Wambui, thank you for being honest with me about your situation. That's a serious hardship, and I can hear you're doing your best. The KSh 3,003 payment has been noted on your account, and I want you to know that counts. Can I pull up your account so we can look at the full picture together?",golden,LOAN_RECOVERY,hardship_negotiation,Kenya/M-Shwari,resolved,distressed -> cautiously_relieved,empathetic_firm,hardship_plan,0.059,0.755,0.186,0.8271
GS_149,7,CUSTOMER,Sure. My phone number is 0713 504 530.,golden,LOAN_RECOVERY,hardship_negotiation,Kenya/M-Shwari,resolved,distressed -> cautiously_relieved,empathetic_firm,hardship_plan,0.0,0.625,0.375,0.3818
GS_149,8,AGENT,"Thank you. I have your account here. Your original loan was KSh 26,975. After your June payment, the outstanding balance including accrued interest and late fees is currently KSh 23,972. I want to be transparent with you about that number before we discuss options.",golden,LOAN_RECOVERY,hardship_negotiation,Kenya/M-Shwari,resolved,distressed -> cautiously_relieved,empathetic_firm,hardship_plan,0.0,0.714,0.286,0.9081
GS_149,9,CUSTOMER,"KSh 23,972. That is almost what I borrowed. The interest and fees have eaten my payment completely — that's discouraging to hear.",golden,LOAN_RECOVERY,hardship_negotiation,Kenya/M-Shwari,resolved,distressed -> cautiously_relieved,empathetic_firm,hardship_plan,0.131,0.744,0.124,-0.046
GS_149,10,AGENT,"I understand, and that frustration is completely valid. What I want to do today is find a restructured plan that works for your situation right now — not what it was before. Can I ask, what can you realistically commit to paying per month at the moment? Even a small amount — I want to work with what's actually possible for you.",golden,LOAN_RECOVERY,hardship_negotiation,Kenya/M-Shwari,resolved,distressed -> cautiously_relieved,empathetic_firm,hardship_plan,0.053,0.856,0.091,0.0586
GS_149,11,CUSTOMER,"Honestly, I can manage KSh 3,876 per month right now. Maybe more once things improve, but I can't promise that yet.",golden,LOAN_RECOVERY,hardship_negotiation,Kenya/M-Shwari,resolved,distressed -> cautiously_relieved,empathetic_firm,hardship_plan,0.108,0.71,0.181,0.1628
GS_149,12,AGENT,"I appreciate your honesty. KSh 3,876 a month is workable. Here's what I can offer — I'll restructure your loan over 9 months at KSh 3,876 per month. That covers KSh 34,884 over the full period, which settles the outstanding balance including the accrued interest. I'll also request that late fees stop accruing from today, provided you maintain the monthly payments consistently.",golden,LOAN_RECOVERY,hardship_negotiation,Kenya/M-Shwari,resolved,distressed -> cautiously_relieved,empathetic_firm,hardship_plan,0.033,0.775,0.192,0.8934
GS_149,13,CUSTOMER,"So KSh 3,876 every month for 9 months and the late fees stop — and that clears the full debt?",golden,LOAN_RECOVERY,hardship_negotiation,Kenya/M-Shwari,resolved,distressed -> cautiously_relieved,empathetic_firm,hardship_plan,0.224,0.714,0.062,-0.5267
GS_149,14,AGENT,"Correct. As long as payments are made consistently each month by the agreed date, the late fees will be frozen from today and the plan will fully settle your account. If you miss a payment, the late fees would resume, so consistency matters — I want to be clear about that so there are no surprises.",golden,LOAN_RECOVERY,hardship_negotiation,Kenya/M-Shwari,resolved,distressed -> cautiously_relieved,empathetic_firm,hardship_plan,0.068,0.772,0.16,0.539
GS_149,15,CUSTOMER,I understand. And I pay through M-Pesa Paybill as usual?,golden,LOAN_RECOVERY,hardship_negotiation,Kenya/M-Shwari,resolved,distressed -> cautiously_relieved,empathetic_firm,hardship_plan,0.167,0.833,0.0,-0.1027
GS_149,16,AGENT,"Yes, same process you've been using. Each payment will reflect on your account within a few hours, and you'll get a confirmation. I'd suggest setting a reminder for the same date each month so it becomes routine. Which date works best for you?",golden,LOAN_RECOVERY,hardship_negotiation,Kenya/M-Shwari,resolved,distressed -> cautiously_relieved,empathetic_firm,hardship_plan,0.0,0.846,0.154,0.7845
GS_149,17,CUSTOMER,Are you sure the late fees will actually stop? I've been burned by promises like that before.,golden,LOAN_RECOVERY,hardship_negotiation,Kenya/M-Shwari,resolved,distressed -> cautiously_relieved,empathetic_firm,hardship_plan,0.097,0.575,0.327,0.6369
GS_149,18,AGENT,"Completely understandable to ask — I'm noting it on your account right now, not just saying it. You'll see it reflected immediately.",golden,LOAN_RECOVERY,hardship_negotiation,Kenya/M-Shwari,resolved,distressed -> cautiously_relieved,empathetic_firm,hardship_plan,0.0,1.0,0.0,0.0
GS_149,19,CUSTOMER,The 10th of each month — that's usually when my income comes in.,golden,LOAN_RECOVERY,hardship_negotiation,Kenya/M-Shwari,resolved,distressed -> cautiously_relieved,empathetic_firm,hardship_plan,0.0,1.0,0.0,0.0
GS_149,20,AGENT,"Perfect, the 10th of each month starting next month. I'm documenting this agreement on your account now — you'll receive a confirmation message to your registered number shortly. Please keep that for your records.",golden,LOAN_RECOVERY,hardship_negotiation,Kenya/M-Shwari,resolved,distressed -> cautiously_relieved,empathetic_firm,hardship_plan,0.0,0.717,0.283,0.8765
GS_149,21,CUSTOMER,"Okay. Chinwe, I was really dreading this call before I picked up. I thought you were going to threaten me or something. This isn't what I expected at all.",golden,LOAN_RECOVERY,hardship_negotiation,Kenya/M-Shwari,resolved,distressed -> cautiously_relieved,empathetic_firm,hardship_plan,0.208,0.729,0.063,-0.659
GS_149,22,AGENT,"I'm glad we could find a way forward together. These situations happen, and the most important thing is working through them rather than avoiding them. You were honest with me, and that made everything easier. Is there anything else I can help with today?",golden,LOAN_RECOVERY,hardship_negotiation,Kenya/M-Shwari,resolved,distressed -> cautiously_relieved,empathetic_firm,hardship_plan,0.046,0.688,0.266,0.8883
GS_149,23,CUSTOMER,"No. Just KSh 3,876 on the 10th — I will not miss it.",golden,LOAN_RECOVERY,hardship_negotiation,Kenya/M-Shwari,resolved,distressed -> cautiously_relieved,empathetic_firm,hardship_plan,0.174,0.712,0.114,-0.1916
GS_149,24,AGENT,"I believe you. Good luck, and take care.",golden,LOAN_RECOVERY,hardship_negotiation,Kenya/M-Shwari,resolved,distressed -> cautiously_relieved,empathetic_firm,hardship_plan,0.0,0.305,0.695,0.8442
GS_149,25,CUSTOMER,Thank you. Goodbye.,golden,LOAN_RECOVERY,hardship_negotiation,Kenya/M-Shwari,resolved,distressed -> cautiously_relieved,empathetic_firm,hardship_plan,0.0,0.444,0.556,0.3612
GS_149,26,AGENT,"Goodbye, take care.",golden,LOAN_RECOVERY,hardship_negotiation,Kenya/M-Shwari,resolved,distressed -> cautiously_relieved,empathetic_firm,hardship_plan,0.0,0.385,0.615,0.4939
GS_150,0,AGENT,Good afternoon. Am I speaking with Fatima?,golden,LOAN_RECOVERY,hardship_negotiation,Gulf/UAE/ADIB,resolved,distressed -> cautiously_relieved,empathetic_firm,hardship_plan,0.0,0.633,0.367,0.4404
GS_150,1,CUSTOMER,"Yes, this is.",golden,LOAN_RECOVERY,hardship_negotiation,Gulf/UAE/ADIB,resolved,distressed -> cautiously_relieved,empathetic_firm,hardship_plan,0.0,0.426,0.574,0.4019
GS_150,2,AGENT,"Good afternoon. My name is Grace, and I'm calling from ADIB loan recovery support regarding your loan account. Is this a good time to speak?",golden,LOAN_RECOVERY,hardship_negotiation,Gulf/UAE/ADIB,resolved,distressed -> cautiously_relieved,empathetic_firm,hardship_plan,0.0,0.629,0.371,0.8951
GS_150,3,CUSTOMER,"Yes. I have been expecting a call. I know I have missed payments, and I want to explain what happened.",golden,LOAN_RECOVERY,hardship_negotiation,Gulf/UAE/ADIB,resolved,distressed -> cautiously_relieved,empathetic_firm,hardship_plan,0.121,0.659,0.22,0.2023
GS_150,4,AGENT,"Of course, please go ahead. I'm here to listen and to see how we can find a way forward together.",golden,LOAN_RECOVERY,hardship_negotiation,Gulf/UAE/ADIB,resolved,distressed -> cautiously_relieved,empathetic_firm,hardship_plan,0.0,0.887,0.113,0.3182
GS_150,5,CUSTOMER,"I had a medical emergency in the family in July that used up everything I had saved. I took this loan when I was still doing fine financially, and I've been trying to get back on my feet since. I paid what I could — AED 2,582 in May — but I cannot pay the full outstanding amount right now. I'm not running away from this, I just genuinely do not have the money.",golden,LOAN_RECOVERY,hardship_negotiation,Gulf/UAE/ADIB,resolved,distressed -> cautiously_relieved,empathetic_firm,hardship_plan,0.026,0.828,0.146,0.8148
GS_150,6,AGENT,"Fatima, thank you for being honest with me about your situation. That's a serious hardship, and I can hear you're doing your best. The AED 2,582 payment has been noted on your account, and I want you to know that counts. Can I pull up your account so we can look at the full picture together?",golden,LOAN_RECOVERY,hardship_negotiation,Gulf/UAE/ADIB,resolved,distressed -> cautiously_relieved,empathetic_firm,hardship_plan,0.059,0.755,0.186,0.8271
GS_150,7,CUSTOMER,Sure. My phone number is 053 552 5231.,golden,LOAN_RECOVERY,hardship_negotiation,Gulf/UAE/ADIB,resolved,distressed -> cautiously_relieved,empathetic_firm,hardship_plan,0.0,0.625,0.375,0.3818
GS_150,8,AGENT,"Thank you. I have your account here. Your original loan was AED 8,156. After your May payment, the outstanding balance including accrued interest and late fees is currently AED 5,574. I want to be transparent with you about that number before we discuss options.",golden,LOAN_RECOVERY,hardship_negotiation,Gulf/UAE/ADIB,resolved,distressed -> cautiously_relieved,empathetic_firm,hardship_plan,0.0,0.714,0.286,0.9081
GS_150,9,CUSTOMER,"AED 5,574. That is almost what I borrowed. The interest and fees have eaten my payment completely — that's discouraging to hear.",golden,LOAN_RECOVERY,hardship_negotiation,Gulf/UAE/ADIB,resolved,distressed -> cautiously_relieved,empathetic_firm,hardship_plan,0.131,0.744,0.124,-0.046
GS_150,10,AGENT,"I understand, and that frustration is completely valid. What I want to do today is find a restructured plan that works for your situation right now — not what it was before. Can I ask, what can you realistically commit to paying per month at the moment? Even a small amount — I want to work with what's actually possible for you.",golden,LOAN_RECOVERY,hardship_negotiation,Gulf/UAE/ADIB,resolved,distressed -> cautiously_relieved,empathetic_firm,hardship_plan,0.053,0.856,0.091,0.0586
GS_150,11,CUSTOMER,"Honestly, I can manage AED 548 per month right now. Maybe more once things improve, but I can't promise that yet.",golden,LOAN_RECOVERY,hardship_negotiation,Gulf/UAE/ADIB,resolved,distressed -> cautiously_relieved,empathetic_firm,hardship_plan,0.108,0.71,0.181,0.1628
GS_150,12,AGENT,"I appreciate your honesty. AED 548 a month is workable. Here's what I can offer — I'll restructure your loan over 12 months at AED 548 per month. That covers AED 6,576 over the full period, which settles the outstanding balance including the accrued interest. I'll also request that late fees stop accruing from today, provided you maintain the monthly payments consistently.",golden,LOAN_RECOVERY,hardship_negotiation,Gulf/UAE/ADIB,resolved,distressed -> cautiously_relieved,empathetic_firm,hardship_plan,0.032,0.778,0.189,0.8934
GS_150,13,CUSTOMER,So AED 548 every month for 12 months and the late fees stop — and that clears the full debt?,golden,LOAN_RECOVERY,hardship_negotiation,Gulf/UAE/ADIB,resolved,distressed -> cautiously_relieved,empathetic_firm,hardship_plan,0.214,0.727,0.059,-0.5267
GS_150,14,AGENT,"Correct. As long as payments are made consistently each month by the agreed date, the late fees will be frozen from today and the plan will fully settle your account. If you miss a payment, the late fees would resume, so consistency matters — I want to be clear about that so there are no surprises.",golden,LOAN_RECOVERY,hardship_negotiation,Gulf/UAE/ADIB,resolved,distressed -> cautiously_relieved,empathetic_firm,hardship_plan,0.068,0.772,0.16,0.539
GS_150,15,CUSTOMER,I understand. And I pay through bank transfer or registered card as usual?,golden,LOAN_RECOVERY,hardship_negotiation,Gulf/UAE/ADIB,resolved,distressed -> cautiously_relieved,empathetic_firm,hardship_plan,0.123,0.877,0.0,-0.1027
GS_150,16,AGENT,"Yes, same process you've been using. Each payment will reflect on your account within a few hours, and you'll get a confirmation. I'd suggest setting a reminder for the same date each month so it becomes routine. Which date works best for you?",golden,LOAN_RECOVERY,hardship_negotiation,Gulf/UAE/ADIB,resolved,distressed -> cautiously_relieved,empathetic_firm,hardship_plan,0.0,0.846,0.154,0.7845
GS_150,17,CUSTOMER,Are you sure the late fees will actually stop? I've been burned by promises like that before.,golden,LOAN_RECOVERY,hardship_negotiation,Gulf/UAE/ADIB,resolved,distressed -> cautiously_relieved,empathetic_firm,hardship_plan,0.097,0.575,0.327,0.6369
GS_150,18,AGENT,"Completely understandable to ask — I'm noting it on your account right now, not just saying it. You'll see it reflected immediately.",golden,LOAN_RECOVERY,hardship_negotiation,Gulf/UAE/ADIB,resolved,distressed -> cautiously_relieved,empathetic_firm,hardship_plan,0.0,1.0,0.0,0.0
GS_150,19,CUSTOMER,The 10th of each month — that's usually when my income comes in.,golden,LOAN_RECOVERY,hardship_negotiation,Gulf/UAE/ADIB,resolved,distressed -> cautiously_relieved,empathetic_firm,hardship_plan,0.0,1.0,0.0,0.0
GS_150,20,AGENT,"Perfect, the 10th of each month starting next month. I'm documenting this agreement on your account now — you'll receive a confirmation message to your registered number shortly. Please keep that for your records.",golden,LOAN_RECOVERY,hardship_negotiation,Gulf/UAE/ADIB,resolved,distressed -> cautiously_relieved,empathetic_firm,hardship_plan,0.0,0.717,0.283,0.8765
GS_150,21,CUSTOMER,"Okay. Grace, I was really dreading this call before I picked up. I thought you were going to threaten me or something. This isn't what I expected at all.",golden,LOAN_RECOVERY,hardship_negotiation,Gulf/UAE/ADIB,resolved,distressed -> cautiously_relieved,empathetic_firm,hardship_plan,0.197,0.656,0.147,-0.3804
GS_150,22,AGENT,"I'm glad we could find a way forward together. These situations happen, and the most important thing is working through them rather than avoiding them. You were honest with me, and that made everything easier. Is there anything else I can help with today?",golden,LOAN_RECOVERY,hardship_negotiation,Gulf/UAE/ADIB,resolved,distressed -> cautiously_relieved,empathetic_firm,hardship_plan,0.046,0.688,0.266,0.8883
GS_150,23,CUSTOMER,No. Just AED 548 on the 10th — I will not miss it.,golden,LOAN_RECOVERY,hardship_negotiation,Gulf/UAE/ADIB,resolved,distressed -> cautiously_relieved,empathetic_firm,hardship_plan,0.174,0.712,0.114,-0.1916
GS_150,24,AGENT,"I believe you. Good luck, and take care.",golden,LOAN_RECOVERY,hardship_negotiation,Gulf/UAE/ADIB,resolved,distressed -> cautiously_relieved,empathetic_firm,hardship_plan,0.0,0.305,0.695,0.8442
GS_150,25,CUSTOMER,Thank you. Goodbye.,golden,LOAN_RECOVERY,hardship_negotiation,Gulf/UAE/ADIB,resolved,distressed -> cautiously_relieved,empathetic_firm,hardship_plan,0.0,0.444,0.556,0.3612
GS_150,26,AGENT,"Goodbye, take care.",golden,LOAN_RECOVERY,hardship_negotiation,Gulf/UAE/ADIB,resolved,distressed -> cautiously_relieved,empathetic_firm,hardship_plan,0.0,0.385,0.615,0.4939
GS_151,0,AGENT,Good afternoon. Am I speaking with Segun?,golden,LOAN_RECOVERY,hardship_negotiation,Nigeria/OKash,resolved,distressed -> cautiously_relieved,empathetic_firm,hardship_plan,0.0,0.633,0.367,0.4404
GS_151,1,CUSTOMER,"Yes, this is.",golden,LOAN_RECOVERY,hardship_negotiation,Nigeria/OKash,resolved,distressed -> cautiously_relieved,empathetic_firm,hardship_plan,0.0,0.426,0.574,0.4019
GS_151,2,AGENT,"Good afternoon. My name is Femi, and I'm calling from OKash loan recovery support regarding your loan account. Is this a good time to speak?",golden,LOAN_RECOVERY,hardship_negotiation,Nigeria/OKash,resolved,distressed -> cautiously_relieved,empathetic_firm,hardship_plan,0.0,0.701,0.299,0.8391
GS_151,3,CUSTOMER,"Yes. I have been expecting a call. I know I have missed payments, and I want to explain what happened.",golden,LOAN_RECOVERY,hardship_negotiation,Nigeria/OKash,resolved,distressed -> cautiously_relieved,empathetic_firm,hardship_plan,0.121,0.659,0.22,0.2023
GS_151,4,AGENT,"Of course, please go ahead. I'm here to listen and to see how we can find a way forward together.",golden,LOAN_RECOVERY,hardship_negotiation,Nigeria/OKash,resolved,distressed -> cautiously_relieved,empathetic_firm,hardship_plan,0.0,0.887,0.113,0.3182
GS_151,5,CUSTOMER,"I lost my job in May — the company I worked for did a round of retrenchments. I took this loan when I was still doing fine financially, and I've been trying to get back on my feet since. I paid what I could — ₦6,712 in August — but I cannot pay the full outstanding amount right now. I'm not running away from this, I just genuinely do not have the money.",golden,LOAN_RECOVERY,hardship_negotiation,Nigeria/OKash,resolved,distressed -> cautiously_relieved,empathetic_firm,hardship_plan,0.025,0.851,0.125,0.7713
GS_151,6,AGENT,"Segun, thank you for being honest with me about your situation. That's a serious hardship, and I can hear you're doing your best. The ₦6,712 payment has been noted on your account, and I want you to know that counts. Can I pull up your account so we can look at the full picture together?",golden,LOAN_RECOVERY,hardship_negotiation,Nigeria/OKash,resolved,distressed -> cautiously_relieved,empathetic_firm,hardship_plan,0.06,0.751,0.189,0.8271
GS_151,7,CUSTOMER,Sure. My phone number is 0707185343.,golden,LOAN_RECOVERY,hardship_negotiation,Nigeria/OKash,resolved,distressed -> cautiously_relieved,empathetic_firm,hardship_plan,0.0,0.526,0.474,0.3818
GS_151,8,AGENT,"Thank you. I have your account here. Your original loan was ₦32,179. After your August payment, the outstanding balance including accrued interest and late fees is currently ₦25,467. I want to be transparent with you about that number before we discuss options.",golden,LOAN_RECOVERY,hardship_negotiation,Nigeria/OKash,resolved,distressed -> cautiously_relieved,empathetic_firm,hardship_plan,0.0,0.702,0.298,0.9081
GS_151,9,CUSTOMER,"₦25,467. That is almost what I borrowed. The interest and fees have eaten my payment completely — that's discouraging to hear.",golden,LOAN_RECOVERY,hardship_negotiation,Nigeria/OKash,resolved,distressed -> cautiously_relieved,empathetic_firm,hardship_plan,0.137,0.733,0.129,-0.046
GS_151,10,AGENT,"I understand, and that frustration is completely valid. What I want to do today is find a restructured plan that works for your situation right now — not what it was before. Can I ask, what can you realistically commit to paying per month at the moment? Even a small amount — I want to work with what's actually possible for you.",golden,LOAN_RECOVERY,hardship_negotiation,Nigeria/OKash,resolved,distressed -> cautiously_relieved,empathetic_firm,hardship_plan,0.053,0.856,0.091,0.0586
GS_151,11,CUSTOMER,"Honestly, I can manage ₦5,446 per month right now. Maybe more once things improve, but I can't promise that yet.",golden,LOAN_RECOVERY,hardship_negotiation,Nigeria/OKash,resolved,distressed -> cautiously_relieved,empathetic_firm,hardship_plan,0.113,0.697,0.19,0.1628
GS_151,12,AGENT,"I appreciate your honesty. ₦5,446 a month is workable. Here's what I can offer — I'll restructure your loan over 6 months at ₦5,446 per month. That covers ₦32,676 over the full period, which settles the outstanding balance including the accrued interest. I'll also request that late fees stop accruing from today, provided you maintain the monthly payments consistently.",golden,LOAN_RECOVERY,hardship_negotiation,Nigeria/OKash,resolved,distressed -> cautiously_relieved,empathetic_firm,hardship_plan,0.034,0.764,0.201,0.8934
GS_151,13,CUSTOMER,"So ₦5,446 every month for 6 months and the late fees stop — and that clears the full debt?",golden,LOAN_RECOVERY,hardship_negotiation,Nigeria/OKash,resolved,distressed -> cautiously_relieved,empathetic_firm,hardship_plan,0.235,0.7,0.065,-0.5267
GS_151,14,AGENT,"Correct. As long as payments are made consistently each month by the agreed date, the late fees will be frozen from today and the plan will fully settle your account. If you miss a payment, the late fees would resume, so consistency matters — I want to be clear about that so there are no surprises.",golden,LOAN_RECOVERY,hardship_negotiation,Nigeria/OKash,resolved,distressed -> cautiously_relieved,empathetic_firm,hardship_plan,0.068,0.772,0.16,0.539
GS_151,15,CUSTOMER,I understand. And I pay through bank transfer or the app wallet as usual?,golden,LOAN_RECOVERY,hardship_negotiation,Nigeria/OKash,resolved,distressed -> cautiously_relieved,empathetic_firm,hardship_plan,0.113,0.887,0.0,-0.1027
GS_151,16,AGENT,"Yes, same process you've been using. Each payment will reflect on your account within a few hours, and you'll get a confirmation. I'd suggest setting a reminder for the same date each month so it becomes routine. Which date works best for you?",golden,LOAN_RECOVERY,hardship_negotiation,Nigeria/OKash,resolved,distressed -> cautiously_relieved,empathetic_firm,hardship_plan,0.0,0.846,0.154,0.7845
GS_151,17,CUSTOMER,Are you sure the late fees will actually stop? I've been burned by promises like that before.,golden,LOAN_RECOVERY,hardship_negotiation,Nigeria/OKash,resolved,distressed -> cautiously_relieved,empathetic_firm,hardship_plan,0.097,0.575,0.327,0.6369
GS_151,18,AGENT,"Completely understandable to ask — I'm noting it on your account right now, not just saying it. You'll see it reflected immediately.",golden,LOAN_RECOVERY,hardship_negotiation,Nigeria/OKash,resolved,distressed -> cautiously_relieved,empathetic_firm,hardship_plan,0.0,1.0,0.0,0.0
GS_151,19,CUSTOMER,The 15th of each month — that's usually when my income comes in.,golden,LOAN_RECOVERY,hardship_negotiation,Nigeria/OKash,resolved,distressed -> cautiously_relieved,empathetic_firm,hardship_plan,0.0,1.0,0.0,0.0
GS_151,20,AGENT,"Perfect, the 15th of each month starting next month. I'm documenting this agreement on your account now — you'll receive a confirmation message to your registered number shortly. Please keep that for your records.",golden,LOAN_RECOVERY,hardship_negotiation,Nigeria/OKash,resolved,distressed -> cautiously_relieved,empathetic_firm,hardship_plan,0.0,0.717,0.283,0.8765
GS_151,21,CUSTOMER,"Okay. Femi, I was really dreading this call before I picked up. I thought you were going to threaten me or something. This isn't what I expected at all.",golden,LOAN_RECOVERY,hardship_negotiation,Nigeria/OKash,resolved,distressed -> cautiously_relieved,empathetic_firm,hardship_plan,0.208,0.729,0.063,-0.659
GS_151,22,AGENT,"I'm glad we could find a way forward together. These situations happen, and the most important thing is working through them rather than avoiding them. You were honest with me, and that made everything easier. Is there anything else I can help with today?",golden,LOAN_RECOVERY,hardship_negotiation,Nigeria/OKash,resolved,distressed -> cautiously_relieved,empathetic_firm,hardship_plan,0.046,0.688,0.266,0.8883
GS_151,23,CUSTOMER,"No. Just ₦5,446 on the 15th — I will not miss it.",golden,LOAN_RECOVERY,hardship_negotiation,Nigeria/OKash,resolved,distressed -> cautiously_relieved,empathetic_firm,hardship_plan,0.189,0.687,0.124,-0.1916
GS_151,24,AGENT,"I believe you. Good luck, and take care.",golden,LOAN_RECOVERY,hardship_negotiation,Nigeria/OKash,resolved,distressed -> cautiously_relieved,empathetic_firm,hardship_plan,0.0,0.305,0.695,0.8442
GS_151,25,CUSTOMER,Thank you. Goodbye.,golden,LOAN_RECOVERY,hardship_negotiation,Nigeria/OKash,resolved,distressed -> cautiously_relieved,empathetic_firm,hardship_plan,0.0,0.444,0.556,0.3612
GS_151,26,AGENT,"Goodbye, take care.",golden,LOAN_RECOVERY,hardship_negotiation,Nigeria/OKash,resolved,distressed -> cautiously_relieved,empathetic_firm,hardship_plan,0.0,0.385,0.615,0.4939
GS_152,0,AGENT,Good afternoon. Am I speaking with Njeri?,golden,LOAN_RECOVERY,hardship_negotiation,Kenya/M-Shwari,resolved,distressed -> cautiously_relieved,empathetic_firm,hardship_plan,0.0,0.633,0.367,0.4404
GS_152,1,CUSTOMER,"Yes, this is.",golden,LOAN_RECOVERY,hardship_negotiation,Kenya/M-Shwari,resolved,distressed -> cautiously_relieved,empathetic_firm,hardship_plan,0.0,0.426,0.574,0.4019
GS_152,2,AGENT,"Good afternoon. My name is Femi, and I'm calling from M-Shwari loan recovery support regarding your loan account. Is this a good time to speak?",golden,LOAN_RECOVERY,hardship_negotiation,Kenya/M-Shwari,resolved,distressed -> cautiously_relieved,empathetic_firm,hardship_plan,0.0,0.701,0.299,0.8391
GS_152,3,CUSTOMER,"Yes. I have been expecting a call. I know I have missed payments, and I want to explain what happened.",golden,LOAN_RECOVERY,hardship_negotiation,Kenya/M-Shwari,resolved,distressed -> cautiously_relieved,empathetic_firm,hardship_plan,0.121,0.659,0.22,0.2023
GS_152,4,AGENT,"Of course, please go ahead. I'm here to listen and to see how we can find a way forward together.",golden,LOAN_RECOVERY,hardship_negotiation,Kenya/M-Shwari,resolved,distressed -> cautiously_relieved,empathetic_firm,hardship_plan,0.0,0.887,0.113,0.3182
GS_152,5,CUSTOMER,"my hours were cut significantly at work starting July, and my income dropped by more than half. I took this loan when I was still doing fine financially, and I've been trying to get back on my feet since. I paid what I could — KSh 4,554 in August — but I cannot pay the full outstanding amount right now. I'm not running away from this, I just genuinely do not have the money.",golden,LOAN_RECOVERY,hardship_negotiation,Kenya/M-Shwari,resolved,distressed -> cautiously_relieved,empathetic_firm,hardship_plan,0.022,0.862,0.116,0.7779
GS_152,6,AGENT,"Njeri, thank you for being honest with me about your situation. That's a serious hardship, and I can hear you're doing your best. The KSh 4,554 payment has been noted on your account, and I want you to know that counts. Can I pull up your account so we can look at the full picture together?",golden,LOAN_RECOVERY,hardship_negotiation,Kenya/M-Shwari,resolved,distressed -> cautiously_relieved,empathetic_firm,hardship_plan,0.059,0.755,0.186,0.8271
GS_152,7,CUSTOMER,Sure. My phone number is 0736 725 355.,golden,LOAN_RECOVERY,hardship_negotiation,Kenya/M-Shwari,resolved,distressed -> cautiously_relieved,empathetic_firm,hardship_plan,0.0,0.625,0.375,0.3818
GS_152,8,AGENT,"Thank you. I have your account here. Your original loan was KSh 43,769. After your August payment, the outstanding balance including accrued interest and late fees is currently KSh 39,215. I want to be transparent with you about that number before we discuss options.",golden,LOAN_RECOVERY,hardship_negotiation,Kenya/M-Shwari,resolved,distressed -> cautiously_relieved,empathetic_firm,hardship_plan,0.0,0.714,0.286,0.9081
GS_152,9,CUSTOMER,"KSh 39,215. That is almost what I borrowed. The interest and fees have eaten my payment completely — that's discouraging to hear.",golden,LOAN_RECOVERY,hardship_negotiation,Kenya/M-Shwari,resolved,distressed -> cautiously_relieved,empathetic_firm,hardship_plan,0.131,0.744,0.124,-0.046
GS_152,10,AGENT,"I understand, and that frustration is completely valid. What I want to do today is find a restructured plan that works for your situation right now — not what it was before. Can I ask, what can you realistically commit to paying per month at the moment? Even a small amount — I want to work with what's actually possible for you.",golden,LOAN_RECOVERY,hardship_negotiation,Kenya/M-Shwari,resolved,distressed -> cautiously_relieved,empathetic_firm,hardship_plan,0.053,0.856,0.091,0.0586
GS_152,11,CUSTOMER,"Honestly, I can manage KSh 7,823 per month right now. Maybe more once things improve, but I can't promise that yet.",golden,LOAN_RECOVERY,hardship_negotiation,Kenya/M-Shwari,resolved,distressed -> cautiously_relieved,empathetic_firm,hardship_plan,0.108,0.71,0.181,0.1628
GS_152,12,AGENT,"I appreciate your honesty. KSh 7,823 a month is workable. Here's what I can offer — I'll restructure your loan over 6 months at KSh 7,823 per month. That covers KSh 46,938 over the full period, which settles the outstanding balance including the accrued interest. I'll also request that late fees stop accruing from today, provided you maintain the monthly payments consistently.",golden,LOAN_RECOVERY,hardship_negotiation,Kenya/M-Shwari,resolved,distressed -> cautiously_relieved,empathetic_firm,hardship_plan,0.033,0.775,0.192,0.8934
GS_152,13,CUSTOMER,"So KSh 7,823 every month for 6 months and the late fees stop — and that clears the full debt?",golden,LOAN_RECOVERY,hardship_negotiation,Kenya/M-Shwari,resolved,distressed -> cautiously_relieved,empathetic_firm,hardship_plan,0.224,0.714,0.062,-0.5267
GS_152,14,AGENT,"Correct. As long as payments are made consistently each month by the agreed date, the late fees will be frozen from today and the plan will fully settle your account. If you miss a payment, the late fees would resume, so consistency matters — I want to be clear about that so there are no surprises.",golden,LOAN_RECOVERY,hardship_negotiation,Kenya/M-Shwari,resolved,distressed -> cautiously_relieved,empathetic_firm,hardship_plan,0.068,0.772,0.16,0.539
GS_152,15,CUSTOMER,I understand. And I pay through M-Pesa Paybill as usual?,golden,LOAN_RECOVERY,hardship_negotiation,Kenya/M-Shwari,resolved,distressed -> cautiously_relieved,empathetic_firm,hardship_plan,0.167,0.833,0.0,-0.1027
GS_152,16,AGENT,"Yes, same process you've been using. Each payment will reflect on your account within a few hours, and you'll get a confirmation. I'd suggest setting a reminder for the same date each month so it becomes routine. Which date works best for you?",golden,LOAN_RECOVERY,hardship_negotiation,Kenya/M-Shwari,resolved,distressed -> cautiously_relieved,empathetic_firm,hardship_plan,0.0,0.846,0.154,0.7845
GS_152,17,CUSTOMER,The 5th of each month — that's usually when my income comes in.,golden,LOAN_RECOVERY,hardship_negotiation,Kenya/M-Shwari,resolved,distressed -> cautiously_relieved,empathetic_firm,hardship_plan,0.0,1.0,0.0,0.0
GS_152,18,AGENT,"Perfect, the 5th of each month starting next month. I'm documenting this agreement on your account now — you'll receive a confirmation message to your registered number shortly. Please keep that for your records.",golden,LOAN_RECOVERY,hardship_negotiation,Kenya/M-Shwari,resolved,distressed -> cautiously_relieved,empathetic_firm,hardship_plan,0.0,0.717,0.283,0.8765
GS_152,19,CUSTOMER,"Okay. Femi, I was really dreading this call before I picked up. I thought you were going to threaten me or something. This isn't what I expected at all.",golden,LOAN_RECOVERY,hardship_negotiation,Kenya/M-Shwari,resolved,distressed -> cautiously_relieved,empathetic_firm,hardship_plan,0.208,0.729,0.063,-0.659
GS_152,20,AGENT,"I'm glad we could find a way forward together. These situations happen, and the most important thing is working through them rather than avoiding them. You were honest with me, and that made everything easier. Is there anything else I can help with today?",golden,LOAN_RECOVERY,hardship_negotiation,Kenya/M-Shwari,resolved,distressed -> cautiously_relieved,empathetic_firm,hardship_plan,0.046,0.688,0.266,0.8883
GS_152,21,CUSTOMER,"No. Just KSh 7,823 on the 5th — I will not miss it.",golden,LOAN_RECOVERY,hardship_negotiation,Kenya/M-Shwari,resolved,distressed -> cautiously_relieved,empathetic_firm,hardship_plan,0.174,0.712,0.114,-0.1916
GS_152,22,AGENT,"I believe you. Good luck, and take care.",golden,LOAN_RECOVERY,hardship_negotiation,Kenya/M-Shwari,resolved,distressed -> cautiously_relieved,empathetic_firm,hardship_plan,0.0,0.305,0.695,0.8442
GS_152,23,CUSTOMER,Thank you. Goodbye.,golden,LOAN_RECOVERY,hardship_negotiation,Kenya/M-Shwari,resolved,distressed -> cautiously_relieved,empathetic_firm,hardship_plan,0.0,0.444,0.556,0.3612
GS_152,24,AGENT,"Goodbye, take care.",golden,LOAN_RECOVERY,hardship_negotiation,Kenya/M-Shwari,resolved,distressed -> cautiously_relieved,empathetic_firm,hardship_plan,0.0,0.385,0.615,0.4939
GS_153,0,AGENT,Good afternoon. Am I speaking with Fatima?,golden,LOAN_RECOVERY,hardship_negotiation,Gulf/UAE/Dubai Islamic Bank,resolved,distressed -> cautiously_relieved,empathetic_firm,hardship_plan,0.0,0.633,0.367,0.4404
GS_153,1,CUSTOMER,"Yes, this is.",golden,LOAN_RECOVERY,hardship_negotiation,Gulf/UAE/Dubai Islamic Bank,resolved,distressed -> cautiously_relieved,empathetic_firm,hardship_plan,0.0,0.426,0.574,0.4019
GS_153,2,AGENT,"Good afternoon. My name is Kelechi, and I'm calling from Dubai Islamic Bank loan recovery support regarding your loan account. Is this a good time to speak?",golden,LOAN_RECOVERY,hardship_negotiation,Gulf/UAE/Dubai Islamic Bank,resolved,distressed -> cautiously_relieved,empathetic_firm,hardship_plan,0.0,0.719,0.281,0.8391
GS_153,3,CUSTOMER,"Yes. I have been expecting a call. I know I have missed payments, and I want to explain what happened.",golden,LOAN_RECOVERY,hardship_negotiation,Gulf/UAE/Dubai Islamic Bank,resolved,distressed -> cautiously_relieved,empathetic_firm,hardship_plan,0.121,0.659,0.22,0.2023
GS_153,4,AGENT,"Of course, please go ahead. I'm here to listen and to see how we can find a way forward together.",golden,LOAN_RECOVERY,hardship_negotiation,Gulf/UAE/Dubai Islamic Bank,resolved,distressed -> cautiously_relieved,empathetic_firm,hardship_plan,0.0,0.887,0.113,0.3182
GS_153,5,CUSTOMER,"I had a medical emergency in the family in June that used up everything I had saved. I took this loan when I was still doing fine financially, and I've been trying to get back on my feet since. I paid what I could — AED 1,488 in August — but I cannot pay the full outstanding amount right now. I'm not running away from this, I just genuinely do not have the money.",golden,LOAN_RECOVERY,hardship_negotiation,Gulf/UAE/Dubai Islamic Bank,resolved,distressed -> cautiously_relieved,empathetic_firm,hardship_plan,0.026,0.828,0.146,0.8148
GS_153,6,AGENT,"Fatima, thank you for being honest with me about your situation. That's a serious hardship, and I can hear you're doing your best. The AED 1,488 payment has been noted on your account, and I want you to know that counts. Can I pull up your account so we can look at the full picture together?",golden,LOAN_RECOVERY,hardship_negotiation,Gulf/UAE/Dubai Islamic Bank,resolved,distressed -> cautiously_relieved,empathetic_firm,hardship_plan,0.059,0.755,0.186,0.8271
GS_153,7,CUSTOMER,Sure. My phone number is 051 139 9394.,golden,LOAN_RECOVERY,hardship_negotiation,Gulf/UAE/Dubai Islamic Bank,resolved,distressed -> cautiously_relieved,empathetic_firm,hardship_plan,0.0,0.625,0.375,0.3818
GS_153,8,AGENT,"Thank you. I have your account here. Your original loan was AED 12,180. After your August payment, the outstanding balance including accrued interest and late fees is currently AED 10,692. I want to be transparent with you about that number before we discuss options.",golden,LOAN_RECOVERY,hardship_negotiation,Gulf/UAE/Dubai Islamic Bank,resolved,distressed -> cautiously_relieved,empathetic_firm,hardship_plan,0.0,0.714,0.286,0.9081
GS_153,9,CUSTOMER,"AED 10,692. That is almost what I borrowed. The interest and fees have eaten my payment completely — that's discouraging to hear.",golden,LOAN_RECOVERY,hardship_negotiation,Gulf/UAE/Dubai Islamic Bank,resolved,distressed -> cautiously_relieved,empathetic_firm,hardship_plan,0.131,0.744,0.124,-0.046
GS_153,10,AGENT,"I understand, and that frustration is completely valid. What I want to do today is find a restructured plan that works for your situation right now — not what it was before. Can I ask, what can you realistically commit to paying per month at the moment? Even a small amount — I want to work with what's actually possible for you.",golden,LOAN_RECOVERY,hardship_negotiation,Gulf/UAE/Dubai Islamic Bank,resolved,distressed -> cautiously_relieved,empathetic_firm,hardship_plan,0.053,0.856,0.091,0.0586
GS_153,11,CUSTOMER,"Honestly, I can manage AED 1,071 per month right now. Maybe more once things improve, but I can't promise that yet.",golden,LOAN_RECOVERY,hardship_negotiation,Gulf/UAE/Dubai Islamic Bank,resolved,distressed -> cautiously_relieved,empathetic_firm,hardship_plan,0.108,0.71,0.181,0.1628
GS_153,12,AGENT,"I appreciate your honesty. AED 1,071 a month is workable. Here's what I can offer — I'll restructure your loan over 12 months at AED 1,071 per month. That covers AED 12,852 over the full period, which settles the outstanding balance including the accrued interest. I'll also request that late fees stop accruing from today, provided you maintain the monthly payments consistently.",golden,LOAN_RECOVERY,hardship_negotiation,Gulf/UAE/Dubai Islamic Bank,resolved,distressed -> cautiously_relieved,empathetic_firm,hardship_plan,0.032,0.778,0.189,0.8934
GS_153,13,CUSTOMER,"So AED 1,071 every month for 12 months and the late fees stop — and that clears the full debt?",golden,LOAN_RECOVERY,hardship_negotiation,Gulf/UAE/Dubai Islamic Bank,resolved,distressed -> cautiously_relieved,empathetic_firm,hardship_plan,0.214,0.727,0.059,-0.5267
GS_153,14,AGENT,"Correct. As long as payments are made consistently each month by the agreed date, the late fees will be frozen from today and the plan will fully settle your account. If you miss a payment, the late fees would resume, so consistency matters — I want to be clear about that so there are no surprises.",golden,LOAN_RECOVERY,hardship_negotiation,Gulf/UAE/Dubai Islamic Bank,resolved,distressed -> cautiously_relieved,empathetic_firm,hardship_plan,0.068,0.772,0.16,0.539
GS_153,15,CUSTOMER,I understand. And I pay through bank transfer or registered card as usual?,golden,LOAN_RECOVERY,hardship_negotiation,Gulf/UAE/Dubai Islamic Bank,resolved,distressed -> cautiously_relieved,empathetic_firm,hardship_plan,0.123,0.877,0.0,-0.1027
GS_153,16,AGENT,"Yes, same process you've been using. Each payment will reflect on your account within a few hours, and you'll get a confirmation. I'd suggest setting a reminder for the same date each month so it becomes routine. Which date works best for you?",golden,LOAN_RECOVERY,hardship_negotiation,Gulf/UAE/Dubai Islamic Bank,resolved,distressed -> cautiously_relieved,empathetic_firm,hardship_plan,0.0,0.846,0.154,0.7845
GS_153,17,CUSTOMER,The 15th of each month — that's usually when my income comes in.,golden,LOAN_RECOVERY,hardship_negotiation,Gulf/UAE/Dubai Islamic Bank,resolved,distressed -> cautiously_relieved,empathetic_firm,hardship_plan,0.0,1.0,0.0,0.0
GS_153,18,AGENT,"Perfect, the 15th of each month starting next month. I'm documenting this agreement on your account now — you'll receive a confirmation message to your registered number shortly. Please keep that for your records.",golden,LOAN_RECOVERY,hardship_negotiation,Gulf/UAE/Dubai Islamic Bank,resolved,distressed -> cautiously_relieved,empathetic_firm,hardship_plan,0.0,0.717,0.283,0.8765
GS_153,19,CUSTOMER,"Okay. Kelechi, I was really dreading this call before I picked up. I thought you were going to threaten me or something. This isn't what I expected at all.",golden,LOAN_RECOVERY,hardship_negotiation,Gulf/UAE/Dubai Islamic Bank,resolved,distressed -> cautiously_relieved,empathetic_firm,hardship_plan,0.208,0.729,0.063,-0.659
GS_153,20,AGENT,"I'm glad we could find a way forward together. These situations happen, and the most important thing is working through them rather than avoiding them. You were honest with me, and that made everything easier. Is there anything else I can help with today?",golden,LOAN_RECOVERY,hardship_negotiation,Gulf/UAE/Dubai Islamic Bank,resolved,distressed -> cautiously_relieved,empathetic_firm,hardship_plan,0.046,0.688,0.266,0.8883
GS_153,21,CUSTOMER,"No. Just AED 1,071 on the 15th — I will not miss it.",golden,LOAN_RECOVERY,hardship_negotiation,Gulf/UAE/Dubai Islamic Bank,resolved,distressed -> cautiously_relieved,empathetic_firm,hardship_plan,0.174,0.712,0.114,-0.1916
GS_153,22,AGENT,"I believe you. Good luck, and take care.",golden,LOAN_RECOVERY,hardship_negotiation,Gulf/UAE/Dubai Islamic Bank,resolved,distressed -> cautiously_relieved,empathetic_firm,hardship_plan,0.0,0.305,0.695,0.8442
GS_153,23,CUSTOMER,Thank you. Goodbye.,golden,LOAN_RECOVERY,hardship_negotiation,Gulf/UAE/Dubai Islamic Bank,resolved,distressed -> cautiously_relieved,empathetic_firm,hardship_plan,0.0,0.444,0.556,0.3612
GS_153,24,AGENT,"Goodbye, take care.",golden,LOAN_RECOVERY,hardship_negotiation,Gulf/UAE/Dubai Islamic Bank,resolved,distressed -> cautiously_relieved,empathetic_firm,hardship_plan,0.0,0.385,0.615,0.4939
GS_154,0,AGENT,Good afternoon. Am I speaking with Yetunde?,golden,LOAN_RECOVERY,hardship_negotiation,Nigeria/Branch,resolved,distressed -> cautiously_relieved,empathetic_firm,hardship_plan,0.0,0.633,0.367,0.4404
GS_154,1,CUSTOMER,"Yes, this is.",golden,LOAN_RECOVERY,hardship_negotiation,Nigeria/Branch,resolved,distressed -> cautiously_relieved,empathetic_firm,hardship_plan,0.0,0.426,0.574,0.4019
GS_154,2,AGENT,"Good afternoon. My name is Zainab, and I'm calling from Branch loan recovery support regarding your loan account. Is this a good time to speak?",golden,LOAN_RECOVERY,hardship_negotiation,Nigeria/Branch,resolved,distressed -> cautiously_relieved,empathetic_firm,hardship_plan,0.0,0.701,0.299,0.8391
GS_154,3,CUSTOMER,"Yes. I have been expecting a call. I know I have missed payments, and I want to explain what happened.",golden,LOAN_RECOVERY,hardship_negotiation,Nigeria/Branch,resolved,distressed -> cautiously_relieved,empathetic_firm,hardship_plan,0.121,0.659,0.22,0.2023
GS_154,4,AGENT,"Of course, please go ahead. I'm here to listen and to see how we can find a way forward together.",golden,LOAN_RECOVERY,hardship_negotiation,Nigeria/Branch,resolved,distressed -> cautiously_relieved,empathetic_firm,hardship_plan,0.0,0.887,0.113,0.3182
GS_154,5,CUSTOMER,"I lost my job in June — the company I worked for did a round of retrenchments. I took this loan when I was still doing fine financially, and I've been trying to get back on my feet since. I paid what I could — ₦4,871 in June — but I cannot pay the full outstanding amount right now. I'm not running away from this, I just genuinely do not have the money.",golden,LOAN_RECOVERY,hardship_negotiation,Nigeria/Branch,resolved,distressed -> cautiously_relieved,empathetic_firm,hardship_plan,0.025,0.851,0.125,0.7713
GS_154,6,AGENT,"Yetunde, thank you for being honest with me about your situation. That's a serious hardship, and I can hear you're doing your best. The ₦4,871 payment has been noted on your account, and I want you to know that counts. Can I pull up your account so we can look at the full picture together?",golden,LOAN_RECOVERY,hardship_negotiation,Nigeria/Branch,resolved,distressed -> cautiously_relieved,empathetic_firm,hardship_plan,0.06,0.751,0.189,0.8271
GS_154,7,CUSTOMER,Sure. My phone number is 0802153871.,golden,LOAN_RECOVERY,hardship_negotiation,Nigeria/Branch,resolved,distressed -> cautiously_relieved,empathetic_firm,hardship_plan,0.0,0.526,0.474,0.3818
GS_154,8,AGENT,"Thank you. I have your account here. Your original loan was ₦24,141. After your June payment, the outstanding balance including accrued interest and late fees is currently ₦19,270. I want to be transparent with you about that number before we discuss options.",golden,LOAN_RECOVERY,hardship_negotiation,Nigeria/Branch,resolved,distressed -> cautiously_relieved,empathetic_firm,hardship_plan,0.0,0.702,0.298,0.9081
GS_154,9,CUSTOMER,"₦19,270. That is almost what I borrowed. The interest and fees have eaten my payment completely — that's discouraging to hear.",golden,LOAN_RECOVERY,hardship_negotiation,Nigeria/Branch,resolved,distressed -> cautiously_relieved,empathetic_firm,hardship_plan,0.137,0.733,0.129,-0.046
GS_154,10,AGENT,"I understand, and that frustration is completely valid. What I want to do today is find a restructured plan that works for your situation right now — not what it was before. Can I ask, what can you realistically commit to paying per month at the moment? Even a small amount — I want to work with what's actually possible for you.",golden,LOAN_RECOVERY,hardship_negotiation,Nigeria/Branch,resolved,distressed -> cautiously_relieved,empathetic_firm,hardship_plan,0.053,0.856,0.091,0.0586
GS_154,11,CUSTOMER,"Honestly, I can manage ₦3,286 per month right now. Maybe more once things improve, but I can't promise that yet.",golden,LOAN_RECOVERY,hardship_negotiation,Nigeria/Branch,resolved,distressed -> cautiously_relieved,empathetic_firm,hardship_plan,0.113,0.697,0.19,0.1628
GS_154,12,AGENT,"I appreciate your honesty. ₦3,286 a month is workable. Here's what I can offer — I'll restructure your loan over 9 months at ₦3,286 per month. That covers ₦29,574 over the full period, which settles the outstanding balance including the accrued interest. I'll also request that late fees stop accruing from today, provided you maintain the monthly payments consistently.",golden,LOAN_RECOVERY,hardship_negotiation,Nigeria/Branch,resolved,distressed -> cautiously_relieved,empathetic_firm,hardship_plan,0.034,0.764,0.201,0.8934
GS_154,13,CUSTOMER,"So ₦3,286 every month for 9 months and the late fees stop — and that clears the full debt?",golden,LOAN_RECOVERY,hardship_negotiation,Nigeria/Branch,resolved,distressed -> cautiously_relieved,empathetic_firm,hardship_plan,0.235,0.7,0.065,-0.5267
GS_154,14,AGENT,"Correct. As long as payments are made consistently each month by the agreed date, the late fees will be frozen from today and the plan will fully settle your account. If you miss a payment, the late fees would resume, so consistency matters — I want to be clear about that so there are no surprises.",golden,LOAN_RECOVERY,hardship_negotiation,Nigeria/Branch,resolved,distressed -> cautiously_relieved,empathetic_firm,hardship_plan,0.068,0.772,0.16,0.539
GS_154,15,CUSTOMER,I understand. And I pay through bank transfer or the app wallet as usual?,golden,LOAN_RECOVERY,hardship_negotiation,Nigeria/Branch,resolved,distressed -> cautiously_relieved,empathetic_firm,hardship_plan,0.113,0.887,0.0,-0.1027
GS_154,16,AGENT,"Yes, same process you've been using. Each payment will reflect on your account within a few hours, and you'll get a confirmation. I'd suggest setting a reminder for the same date each month so it becomes routine. Which date works best for you?",golden,LOAN_RECOVERY,hardship_negotiation,Nigeria/Branch,resolved,distressed -> cautiously_relieved,empathetic_firm,hardship_plan,0.0,0.846,0.154,0.7845
GS_154,17,CUSTOMER,The 1th of each month — that's usually when my income comes in.,golden,LOAN_RECOVERY,hardship_negotiation,Nigeria/Branch,resolved,distressed -> cautiously_relieved,empathetic_firm,hardship_plan,0.0,1.0,0.0,0.0
GS_154,18,AGENT,"Perfect, the 1th of each month starting next month. I'm documenting this agreement on your account now — you'll receive a confirmation message to your registered number shortly. Please keep that for your records.",golden,LOAN_RECOVERY,hardship_negotiation,Nigeria/Branch,resolved,distressed -> cautiously_relieved,empathetic_firm,hardship_plan,0.0,0.717,0.283,0.8765
GS_154,19,CUSTOMER,"Okay. Zainab, I was really dreading this call before I picked up. I thought you were going to threaten me or something. This isn't what I expected at all.",golden,LOAN_RECOVERY,hardship_negotiation,Nigeria/Branch,resolved,distressed -> cautiously_relieved,empathetic_firm,hardship_plan,0.208,0.729,0.063,-0.659
GS_154,20,AGENT,"I'm glad we could find a way forward together. These situations happen, and the most important thing is working through them rather than avoiding them. You were honest with me, and that made everything easier. Is there anything else I can help with today?",golden,LOAN_RECOVERY,hardship_negotiation,Nigeria/Branch,resolved,distressed -> cautiously_relieved,empathetic_firm,hardship_plan,0.046,0.688,0.266,0.8883
GS_154,21,CUSTOMER,"No. Just ₦3,286 on the 1th — I will not miss it.",golden,LOAN_RECOVERY,hardship_negotiation,Nigeria/Branch,resolved,distressed -> cautiously_relieved,empathetic_firm,hardship_plan,0.189,0.687,0.124,-0.1916
GS_154,22,AGENT,"I believe you. Good luck, and take care.",golden,LOAN_RECOVERY,hardship_negotiation,Nigeria/Branch,resolved,distressed -> cautiously_relieved,empathetic_firm,hardship_plan,0.0,0.305,0.695,0.8442
GS_154,23,CUSTOMER,Thank you. Goodbye.,golden,LOAN_RECOVERY,hardship_negotiation,Nigeria/Branch,resolved,distressed -> cautiously_relieved,empathetic_firm,hardship_plan,0.0,0.444,0.556,0.3612
GS_154,24,AGENT,"Goodbye, take care.",golden,LOAN_RECOVERY,hardship_negotiation,Nigeria/Branch,resolved,distressed -> cautiously_relieved,empathetic_firm,hardship_plan,0.0,0.385,0.615,0.4939
GS_155,0,AGENT,Good afternoon. Am I speaking with Yetunde?,golden,LOAN_RECOVERY,loan_recovery_escalation,Nigeria/Branch,unresolved,hostile_throughout,neutral_professional,loan_escalation,0.0,0.633,0.367,0.4404
GS_155,1,CUSTOMER,Who is asking?,golden,LOAN_RECOVERY,loan_recovery_escalation,Nigeria/Branch,unresolved,hostile_throughout,neutral_professional,loan_escalation,0.0,1.0,0.0,0.0
GS_155,2,AGENT,"Good afternoon. My name is Zainab, and I'm calling from Branch loan recovery support. Am I speaking with Yetunde?",golden,LOAN_RECOVERY,loan_recovery_escalation,Nigeria/Branch,unresolved,hostile_throughout,neutral_professional,loan_escalation,0.0,0.741,0.259,0.6808
GS_155,3,CUSTOMER,Yes. What do you want?,golden,LOAN_RECOVERY,loan_recovery_escalation,Nigeria/Branch,unresolved,hostile_throughout,neutral_professional,loan_escalation,0.0,0.429,0.571,0.4588
GS_155,4,AGENT,"I'm reaching out regarding your loan account, which is currently 5 months in arrears, with an outstanding balance of ₦61,623 including accrued fees. I'm calling to discuss how we can resolve this together. Is this a good time?",golden,LOAN_RECOVERY,loan_recovery_escalation,Nigeria/Branch,unresolved,hostile_throughout,neutral_professional,loan_escalation,0.0,0.731,0.269,0.8951
GS_155,5,CUSTOMER,"5 months. You people have been calling me every week for 6 weeks now. What is there to discuss that hasn't already been discussed? I told the last person who called — I am disputing this amount, and I'm not paying something I did not agree to.",golden,LOAN_RECOVERY,loan_recovery_escalation,Nigeria/Branch,unresolved,hostile_throughout,neutral_professional,loan_escalation,0.11,0.89,0.0,-0.5873
GS_155,6,AGENT,I understand you've raised a dispute previously. I want to make sure we address that properly today — can you help me understand specifically which charges you're disputing?,golden,LOAN_RECOVERY,loan_recovery_escalation,Nigeria/Branch,unresolved,hostile_throughout,neutral_professional,loan_escalation,0.236,0.566,0.198,-0.296
GS_155,7,CUSTOMER,"The restructuring fee, ₦7,490. Nobody told me about that fee when I took this loan. It appeared on my statement without any notification. If you want to add fees to my account, you need my consent — I did not give consent, and I'm not paying it. Simple.",golden,LOAN_RECOVERY,loan_recovery_escalation,Nigeria/Branch,unresolved,hostile_throughout,neutral_professional,loan_escalation,0.0,0.892,0.108,0.4767
GS_155,8,AGENT,"I hear you, and I want to look into that specifically. I can see the ₦7,490 fee was applied following a payment arrangement set up earlier — this is outlined under the restructuring clause in your agreement. I can arrange for a full breakdown to be sent to your registered email if that would help clarify it.",golden,LOAN_RECOVERY,loan_recovery_escalation,Nigeria/Branch,unresolved,hostile_throughout,neutral_professional,loan_escalation,0.0,0.867,0.133,0.7351
GS_155,9,CUSTOMER,I've read the agreement. That clause does not give you the right to add fees without written notification beforehand. You sent me nothing before adding that charge — nothing. And now you're calling me every week demanding money. Chai! This is harassment. I have a good mind to report this to the CBN.,golden,LOAN_RECOVERY,loan_recovery_escalation,Nigeria/Branch,unresolved,hostile_throughout,neutral_professional,loan_escalation,0.093,0.796,0.111,0.2481
GS_155,10,AGENT,"I want to assure you Branch operates fully within regulatory guidelines, and all communication has been within permitted limits. You are absolutely within your right to file a complaint with the CBN — that's your right as a customer, and I wouldn't discourage you from doing so. What I'd like to focus on today is whether there's a way to resolve the outstanding balance while your dispute is reviewed. The remaining balance outside the disputed fee is ₦54,133 — would you consider a payment arrangement for that portion?",golden,LOAN_RECOVERY,loan_recovery_escalation,Nigeria/Branch,unresolved,hostile_throughout,neutral_professional,loan_escalation,0.078,0.758,0.164,0.7961
GS_155,11,CUSTOMER,"No. I'm not paying anything until the dispute is resolved. If I pay now, you'll say I accepted the charges. I know how this works. I'm not touching this account until you acknowledge the fee was applied incorrectly.",golden,LOAN_RECOVERY,loan_recovery_escalation,Nigeria/Branch,unresolved,hostile_throughout,neutral_professional,loan_escalation,0.204,0.704,0.092,-0.5574
GS_155,12,AGENT,"I understand your position. I want to be transparent about what happens next so you're fully informed. Your account has been in arrears for 5 months. If no payment arrangement is made today, I'm required to refer this account to our legal recovery team — at that point it moves outside customer support and into a formal legal process, which may include a formal demand notice and further action under civil law. I'm not saying this to pressure you, I'm telling you so you can make an informed decision.",golden,LOAN_RECOVERY,loan_recovery_escalation,Nigeria/Branch,unresolved,hostile_throughout,neutral_professional,loan_escalation,0.066,0.855,0.079,0.0258
GS_155,13,CUSTOMER,"Legal team. Fine, let them come. I've documented every call, every charge, every notification you failed to send me. If you want to take this to court, I'll see you there.",golden,LOAN_RECOVERY,loan_recovery_escalation,Nigeria/Branch,unresolved,hostile_throughout,neutral_professional,loan_escalation,0.095,0.774,0.132,-0.1779
GS_155,14,AGENT,"I hear you, and I respect that you've documented your case. Before I escalate, I want to make one final attempt — is there any arrangement, even a partial payment against the undisputed portion, that you'd consider today to prevent this moving to legal recovery?",golden,LOAN_RECOVERY,loan_recovery_escalation,Nigeria/Branch,unresolved,hostile_throughout,neutral_professional,loan_escalation,0.0,0.833,0.167,0.6124
GS_155,15,CUSTOMER,No. I'm not paying a single naira until this whole thing is sorted out properly.,golden,LOAN_RECOVERY,loan_recovery_escalation,Nigeria/Branch,unresolved,hostile_throughout,neutral_professional,loan_escalation,0.145,0.855,0.0,-0.296
GS_155,16,AGENT,"I respect that. Since we're not able to reach an agreement today, I'll need to escalate this account to our recovery and legal team for further action.",golden,LOAN_RECOVERY,loan_recovery_escalation,Nigeria/Branch,unresolved,hostile_throughout,neutral_professional,loan_escalation,0.035,0.713,0.253,0.7735
GS_155,17,CUSTOMER,Do whatever you want. I'm not scared of that.,golden,LOAN_RECOVERY,loan_recovery_escalation,Nigeria/Branch,unresolved,hostile_throughout,neutral_professional,loan_escalation,0.0,0.654,0.346,0.4031
GS_155,18,AGENT,"I've logged the dispute details on the account so the legal team has full context before proceeding. Your account reference for this interaction is BRN-ESC-20260701-7139, and you'll receive formal written communication within five business days. Is there anything else you'd like on record?",golden,LOAN_RECOVERY,loan_recovery_escalation,Nigeria/Branch,unresolved,hostile_throughout,neutral_professional,loan_escalation,0.057,0.851,0.091,0.1477
GS_155,19,CUSTOMER,Na so e be. Goodbye.,golden,LOAN_RECOVERY,loan_recovery_escalation,Nigeria/Branch,unresolved,hostile_throughout,neutral_professional,loan_escalation,0.0,1.0,0.0,0.0
GS_155,20,AGENT,"Goodbye, Yetunde.",golden,LOAN_RECOVERY,loan_recovery_escalation,Nigeria/Branch,unresolved,hostile_throughout,neutral_professional,loan_escalation,0.0,1.0,0.0,0.0
GS_156,0,AGENT,Good afternoon. Am I speaking with Akinyi?,golden,LOAN_RECOVERY,loan_recovery_escalation,Kenya/M-Shwari,unresolved,hostile_throughout,neutral_professional,loan_escalation,0.0,0.633,0.367,0.4404
GS_156,1,CUSTOMER,Who is asking?,golden,LOAN_RECOVERY,loan_recovery_escalation,Kenya/M-Shwari,unresolved,hostile_throughout,neutral_professional,loan_escalation,0.0,1.0,0.0,0.0
GS_156,2,AGENT,"Good afternoon. My name is Ada, and I'm calling from M-Shwari loan recovery support. Am I speaking with Akinyi?",golden,LOAN_RECOVERY,loan_recovery_escalation,Kenya/M-Shwari,unresolved,hostile_throughout,neutral_professional,loan_escalation,0.0,0.741,0.259,0.6808
GS_156,3,CUSTOMER,Yes. What do you want?,golden,LOAN_RECOVERY,loan_recovery_escalation,Kenya/M-Shwari,unresolved,hostile_throughout,neutral_professional,loan_escalation,0.0,0.429,0.571,0.4588
GS_156,4,AGENT,"I'm reaching out regarding your loan account, which is currently 3 months in arrears, with an outstanding balance of KSh 40,634 including accrued fees. I'm calling to discuss how we can resolve this together. Is this a good time?",golden,LOAN_RECOVERY,loan_recovery_escalation,Kenya/M-Shwari,unresolved,hostile_throughout,neutral_professional,loan_escalation,0.0,0.737,0.263,0.8951
GS_156,5,CUSTOMER,"3 months. You people have been calling me every week for 3 weeks now. What is there to discuss that hasn't already been discussed? I told the last person who called — I am disputing this amount, and I'm not paying something I did not agree to.",golden,LOAN_RECOVERY,loan_recovery_escalation,Kenya/M-Shwari,unresolved,hostile_throughout,neutral_professional,loan_escalation,0.11,0.89,0.0,-0.5873
GS_156,6,AGENT,I understand you've raised a dispute previously. I want to make sure we address that properly today — can you help me understand specifically which charges you're disputing?,golden,LOAN_RECOVERY,loan_recovery_escalation,Kenya/M-Shwari,unresolved,hostile_throughout,neutral_professional,loan_escalation,0.236,0.566,0.198,-0.296
GS_156,7,CUSTOMER,"The restructuring fee, KSh 8,565. Nobody told me about that fee when I took this loan. It appeared on my statement without any notification. If you want to add fees to my account, you need my consent — I did not give consent, and I'm not paying it. Simple.",golden,LOAN_RECOVERY,loan_recovery_escalation,Kenya/M-Shwari,unresolved,hostile_throughout,neutral_professional,loan_escalation,0.0,0.894,0.106,0.4767
GS_156,8,AGENT,"I hear you, and I want to look into that specifically. I can see the KSh 8,565 fee was applied following a payment arrangement set up earlier — this is outlined under the restructuring clause in your agreement. I can arrange for a full breakdown to be sent to your registered email if that would help clarify it.",golden,LOAN_RECOVERY,loan_recovery_escalation,Kenya/M-Shwari,unresolved,hostile_throughout,neutral_professional,loan_escalation,0.0,0.87,0.13,0.7351
GS_156,9,CUSTOMER,I've read the agreement. That clause does not give you the right to add fees without written notification beforehand. You sent me nothing before adding that charge — nothing. And now you're calling me every week demanding money. Mpaka lini? This is harassment. I have a good mind to report this to the Central Bank of Kenya.,golden,LOAN_RECOVERY,loan_recovery_escalation,Kenya/M-Shwari,unresolved,hostile_throughout,neutral_professional,loan_escalation,0.088,0.813,0.099,0.1779
GS_156,10,AGENT,"I want to assure you M-Shwari operates fully within regulatory guidelines, and all communication has been within permitted limits. You are absolutely within your right to file a complaint with the Central Bank of Kenya — that's your right as a customer, and I wouldn't discourage you from doing so. What I'd like to focus on today is whether there's a way to resolve the outstanding balance while your dispute is reviewed. The remaining balance outside the disputed fee is KSh 32,069 — would you consider a payment arrangement for that portion?",golden,LOAN_RECOVERY,loan_recovery_escalation,Kenya/M-Shwari,unresolved,hostile_throughout,neutral_professional,loan_escalation,0.075,0.768,0.158,0.7961
GS_156,11,CUSTOMER,"No. I'm not paying anything until the dispute is resolved. If I pay now, you'll say I accepted the charges. I know how this works. I'm not touching this account until you acknowledge the fee was applied incorrectly.",golden,LOAN_RECOVERY,loan_recovery_escalation,Kenya/M-Shwari,unresolved,hostile_throughout,neutral_professional,loan_escalation,0.204,0.704,0.092,-0.5574
GS_156,12,AGENT,"I understand your position. I want to be transparent about what happens next so you're fully informed. Your account has been in arrears for 3 months. If no payment arrangement is made today, I'm required to refer this account to our legal recovery team — at that point it moves outside customer support and into a formal legal process, which may include a formal demand notice and further action under civil law. I'm not saying this to pressure you, I'm telling you so you can make an informed decision.",golden,LOAN_RECOVERY,loan_recovery_escalation,Kenya/M-Shwari,unresolved,hostile_throughout,neutral_professional,loan_escalation,0.066,0.855,0.079,0.0258
GS_156,13,CUSTOMER,"Legal team. Fine, let them come. I've documented every call, every charge, every notification you failed to send me. If you want to take this to court, I'll see you there.",golden,LOAN_RECOVERY,loan_recovery_escalation,Kenya/M-Shwari,unresolved,hostile_throughout,neutral_professional,loan_escalation,0.095,0.774,0.132,-0.1779
GS_156,14,AGENT,"I hear you, and I respect that you've documented your case. Before I escalate, I want to make one final attempt — is there any arrangement, even a partial payment against the undisputed portion, that you'd consider today to prevent this moving to legal recovery?",golden,LOAN_RECOVERY,loan_recovery_escalation,Kenya/M-Shwari,unresolved,hostile_throughout,neutral_professional,loan_escalation,0.0,0.833,0.167,0.6124
GS_156,15,CUSTOMER,No. I'm not paying a single shilling until this whole thing is sorted out properly.,golden,LOAN_RECOVERY,loan_recovery_escalation,Kenya/M-Shwari,unresolved,hostile_throughout,neutral_professional,loan_escalation,0.145,0.855,0.0,-0.296
GS_156,16,AGENT,"I respect that. Since we're not able to reach an agreement today, I'll need to escalate this account to our recovery and legal team for further action.",golden,LOAN_RECOVERY,loan_recovery_escalation,Kenya/M-Shwari,unresolved,hostile_throughout,neutral_professional,loan_escalation,0.035,0.713,0.253,0.7735
GS_156,17,CUSTOMER,Do whatever you want. I'm not scared of that.,golden,LOAN_RECOVERY,loan_recovery_escalation,Kenya/M-Shwari,unresolved,hostile_throughout,neutral_professional,loan_escalation,0.0,0.654,0.346,0.4031
GS_156,18,AGENT,"I've logged the dispute details on the account so the legal team has full context before proceeding. Your account reference for this interaction is MSW-ESC-20260615-7023, and you'll receive formal written communication within five business days. Is there anything else you'd like on record?",golden,LOAN_RECOVERY,loan_recovery_escalation,Kenya/M-Shwari,unresolved,hostile_throughout,neutral_professional,loan_escalation,0.057,0.851,0.091,0.1477
GS_156,19,CUSTOMER,Hii haikubaliki! Goodbye.,golden,LOAN_RECOVERY,loan_recovery_escalation,Kenya/M-Shwari,unresolved,hostile_throughout,neutral_professional,loan_escalation,0.0,1.0,0.0,0.0
GS_156,20,AGENT,"Goodbye, Akinyi.",golden,LOAN_RECOVERY,loan_recovery_escalation,Kenya/M-Shwari,unresolved,hostile_throughout,neutral_professional,loan_escalation,0.0,1.0,0.0,0.0
GS_157,0,AGENT,Good afternoon. Am I speaking with Ahmed?,golden,LOAN_RECOVERY,loan_recovery_escalation,Gulf/UAE/ADIB,unresolved,hostile_throughout,neutral_professional,loan_escalation,0.0,0.633,0.367,0.4404
GS_157,1,CUSTOMER,Who is asking?,golden,LOAN_RECOVERY,loan_recovery_escalation,Gulf/UAE/ADIB,unresolved,hostile_throughout,neutral_professional,loan_escalation,0.0,1.0,0.0,0.0
GS_157,2,AGENT,"Good afternoon. My name is Zainab, and I'm calling from ADIB loan recovery support. Am I speaking with Ahmed?",golden,LOAN_RECOVERY,loan_recovery_escalation,Gulf/UAE/ADIB,unresolved,hostile_throughout,neutral_professional,loan_escalation,0.0,0.741,0.259,0.6808
GS_157,3,CUSTOMER,Yes. What do you want?,golden,LOAN_RECOVERY,loan_recovery_escalation,Gulf/UAE/ADIB,unresolved,hostile_throughout,neutral_professional,loan_escalation,0.0,0.429,0.571,0.4588
GS_157,4,AGENT,"I'm reaching out regarding your loan account, which is currently 5 months in arrears, with an outstanding balance of AED 6,304 including accrued fees. I'm calling to discuss how we can resolve this together. Is this a good time?",golden,LOAN_RECOVERY,loan_recovery_escalation,Gulf/UAE/ADIB,unresolved,hostile_throughout,neutral_professional,loan_escalation,0.0,0.737,0.263,0.8951
GS_157,5,CUSTOMER,"5 months. You people have been calling me every week for 4 weeks now. What is there to discuss that hasn't already been discussed? I told the last person who called — I am disputing this amount, and I'm not paying something I did not agree to.",golden,LOAN_RECOVERY,loan_recovery_escalation,Gulf/UAE/ADIB,unresolved,hostile_throughout,neutral_professional,loan_escalation,0.11,0.89,0.0,-0.5873
GS_157,6,AGENT,I understand you've raised a dispute previously. I want to make sure we address that properly today — can you help me understand specifically which charges you're disputing?,golden,LOAN_RECOVERY,loan_recovery_escalation,Gulf/UAE/ADIB,unresolved,hostile_throughout,neutral_professional,loan_escalation,0.236,0.566,0.198,-0.296
GS_157,7,CUSTOMER,"The restructuring fee, AED 624. Nobody told me about that fee when I took this loan. It appeared on my statement without any notification. If you want to add fees to my account, you need my consent — I did not give consent, and I'm not paying it. Simple.",golden,LOAN_RECOVERY,loan_recovery_escalation,Gulf/UAE/ADIB,unresolved,hostile_throughout,neutral_professional,loan_escalation,0.0,0.894,0.106,0.4767
GS_157,8,AGENT,"I hear you, and I want to look into that specifically. I can see the AED 624 fee was applied following a payment arrangement set up earlier — this is outlined under the restructuring clause in your agreement. I can arrange for a full breakdown to be sent to your registered email if that would help clarify it.",golden,LOAN_RECOVERY,loan_recovery_escalation,Gulf/UAE/ADIB,unresolved,hostile_throughout,neutral_professional,loan_escalation,0.0,0.87,0.13,0.7351
GS_157,9,CUSTOMER,I've read the agreement. That clause does not give you the right to add fees without written notification beforehand. You sent me nothing before adding that charge — nothing. And now you're calling me every week demanding money. Khalas! This is harassment. I have a good mind to report this to the Central Bank.,golden,LOAN_RECOVERY,loan_recovery_escalation,Gulf/UAE/ADIB,unresolved,hostile_throughout,neutral_professional,loan_escalation,0.092,0.799,0.109,0.2481
GS_157,10,AGENT,"I want to assure you ADIB operates fully within regulatory guidelines, and all communication has been within permitted limits. You are absolutely within your right to file a complaint with the Central Bank — that's your right as a customer, and I wouldn't discourage you from doing so. What I'd like to focus on today is whether there's a way to resolve the outstanding balance while your dispute is reviewed. The remaining balance outside the disputed fee is AED 5,680 — would you consider a payment arrangement for that portion?",golden,LOAN_RECOVERY,loan_recovery_escalation,Gulf/UAE/ADIB,unresolved,hostile_throughout,neutral_professional,loan_escalation,0.076,0.763,0.161,0.7961
GS_157,11,CUSTOMER,"No. I'm not paying anything until the dispute is resolved. If I pay now, you'll say I accepted the charges. I know how this works. I'm not touching this account until you acknowledge the fee was applied incorrectly.",golden,LOAN_RECOVERY,loan_recovery_escalation,Gulf/UAE/ADIB,unresolved,hostile_throughout,neutral_professional,loan_escalation,0.204,0.704,0.092,-0.5574
GS_157,12,AGENT,"I understand your position. I want to be transparent about what happens next so you're fully informed. Your account has been in arrears for 5 months. If no payment arrangement is made today, I'm required to refer this account to our legal recovery team — at that point it moves outside customer support and into a formal legal process, which may include a formal demand notice and further action under civil law. I'm not saying this to pressure you, I'm telling you so you can make an informed decision.",golden,LOAN_RECOVERY,loan_recovery_escalation,Gulf/UAE/ADIB,unresolved,hostile_throughout,neutral_professional,loan_escalation,0.066,0.855,0.079,0.0258
GS_157,13,CUSTOMER,"Legal team. Fine, let them come. I've documented every call, every charge, every notification you failed to send me. If you want to take this to court, I'll see you there.",golden,LOAN_RECOVERY,loan_recovery_escalation,Gulf/UAE/ADIB,unresolved,hostile_throughout,neutral_professional,loan_escalation,0.095,0.774,0.132,-0.1779
GS_157,14,AGENT,"I hear you, and I respect that you've documented your case. Before I escalate, I want to make one final attempt — is there any arrangement, even a partial payment against the undisputed portion, that you'd consider today to prevent this moving to legal recovery?",golden,LOAN_RECOVERY,loan_recovery_escalation,Gulf/UAE/ADIB,unresolved,hostile_throughout,neutral_professional,loan_escalation,0.0,0.833,0.167,0.6124
GS_157,15,CUSTOMER,"This is exactly the kind of thing that should be illegal, adding fees nobody agreed to.",golden,LOAN_RECOVERY,loan_recovery_escalation,Gulf/UAE/ADIB,unresolved,hostile_throughout,neutral_professional,loan_escalation,0.183,0.711,0.107,-0.3612
GS_157,16,AGENT,I understand the frustration — that's exactly why I'm logging it for the dispute review rather than just pushing for payment.,golden,LOAN_RECOVERY,loan_recovery_escalation,Gulf/UAE/ADIB,unresolved,hostile_throughout,neutral_professional,loan_escalation,0.254,0.746,0.0,-0.7003
GS_157,17,CUSTOMER,No. I'm not paying a single dirham until this whole thing is sorted out properly.,golden,LOAN_RECOVERY,loan_recovery_escalation,Gulf/UAE/ADIB,unresolved,hostile_throughout,neutral_professional,loan_escalation,0.145,0.855,0.0,-0.296
GS_157,18,AGENT,"I respect that. Since we're not able to reach an agreement today, I'll need to escalate this account to our recovery and legal team for further action.",golden,LOAN_RECOVERY,loan_recovery_escalation,Gulf/UAE/ADIB,unresolved,hostile_throughout,neutral_professional,loan_escalation,0.035,0.713,0.253,0.7735
GS_157,19,CUSTOMER,Do whatever you want. I'm not scared of that.,golden,LOAN_RECOVERY,loan_recovery_escalation,Gulf/UAE/ADIB,unresolved,hostile_throughout,neutral_professional,loan_escalation,0.0,0.654,0.346,0.4031
GS_157,20,AGENT,"I've logged the dispute details on the account so the legal team has full context before proceeding. Your account reference for this interaction is ADIB-ESC-20260813-2431, and you'll receive formal written communication within five business days. Is there anything else you'd like on record?",golden,LOAN_RECOVERY,loan_recovery_escalation,Gulf/UAE/ADIB,unresolved,hostile_throughout,neutral_professional,loan_escalation,0.057,0.851,0.091,0.1477
GS_157,21,CUSTOMER,Ana gelt lak. Goodbye.,golden,LOAN_RECOVERY,loan_recovery_escalation,Gulf/UAE/ADIB,unresolved,hostile_throughout,neutral_professional,loan_escalation,0.0,1.0,0.0,0.0
GS_157,22,AGENT,"Goodbye, Ahmed.",golden,LOAN_RECOVERY,loan_recovery_escalation,Gulf/UAE/ADIB,unresolved,hostile_throughout,neutral_professional,loan_escalation,0.0,1.0,0.0,0.0
GS_158,0,AGENT,Good afternoon. Am I speaking with Chidi?,golden,LOAN_RECOVERY,loan_recovery_escalation,Nigeria/Branch,unresolved,hostile_throughout,neutral_professional,loan_escalation,0.0,0.633,0.367,0.4404
GS_158,1,CUSTOMER,Who is asking?,golden,LOAN_RECOVERY,loan_recovery_escalation,Nigeria/Branch,unresolved,hostile_throughout,neutral_professional,loan_escalation,0.0,1.0,0.0,0.0
GS_158,2,AGENT,"Good afternoon. My name is Kelechi, and I'm calling from Branch loan recovery support. Am I speaking with Chidi?",golden,LOAN_RECOVERY,loan_recovery_escalation,Nigeria/Branch,unresolved,hostile_throughout,neutral_professional,loan_escalation,0.0,0.741,0.259,0.6808
GS_158,3,CUSTOMER,Yes. What do you want?,golden,LOAN_RECOVERY,loan_recovery_escalation,Nigeria/Branch,unresolved,hostile_throughout,neutral_professional,loan_escalation,0.0,0.429,0.571,0.4588
GS_158,4,AGENT,"I'm reaching out regarding your loan account, which is currently 5 months in arrears, with an outstanding balance of ₦75,667 including accrued fees. I'm calling to discuss how we can resolve this together. Is this a good time?",golden,LOAN_RECOVERY,loan_recovery_escalation,Nigeria/Branch,unresolved,hostile_throughout,neutral_professional,loan_escalation,0.0,0.731,0.269,0.8951
GS_158,5,CUSTOMER,"5 months. You people have been calling me every week for 4 weeks now. What is there to discuss that hasn't already been discussed? I told the last person who called — I am disputing this amount, and I'm not paying something I did not agree to.",golden,LOAN_RECOVERY,loan_recovery_escalation,Nigeria/Branch,unresolved,hostile_throughout,neutral_professional,loan_escalation,0.11,0.89,0.0,-0.5873
GS_158,6,AGENT,I understand you've raised a dispute previously. I want to make sure we address that properly today — can you help me understand specifically which charges you're disputing?,golden,LOAN_RECOVERY,loan_recovery_escalation,Nigeria/Branch,unresolved,hostile_throughout,neutral_professional,loan_escalation,0.236,0.566,0.198,-0.296
GS_158,7,CUSTOMER,"The restructuring fee, ₦3,841. Nobody told me about that fee when I took this loan. It appeared on my statement without any notification. If you want to add fees to my account, you need my consent — I did not give consent, and I'm not paying it. Simple.",golden,LOAN_RECOVERY,loan_recovery_escalation,Nigeria/Branch,unresolved,hostile_throughout,neutral_professional,loan_escalation,0.0,0.892,0.108,0.4767
GS_158,8,AGENT,"I hear you, and I want to look into that specifically. I can see the ₦3,841 fee was applied following a payment arrangement set up earlier — this is outlined under the restructuring clause in your agreement. I can arrange for a full breakdown to be sent to your registered email if that would help clarify it.",golden,LOAN_RECOVERY,loan_recovery_escalation,Nigeria/Branch,unresolved,hostile_throughout,neutral_professional,loan_escalation,0.0,0.867,0.133,0.7351
GS_158,9,CUSTOMER,I've read the agreement. That clause does not give you the right to add fees without written notification beforehand. You sent me nothing before adding that charge — nothing. And now you're calling me every week demanding money. Na wa oo! This is harassment. I have a good mind to report this to the CBN.,golden,LOAN_RECOVERY,loan_recovery_escalation,Nigeria/Branch,unresolved,hostile_throughout,neutral_professional,loan_escalation,0.09,0.803,0.107,0.2481
GS_158,10,AGENT,"I want to assure you Branch operates fully within regulatory guidelines, and all communication has been within permitted limits. You are absolutely within your right to file a complaint with the CBN — that's your right as a customer, and I wouldn't discourage you from doing so. What I'd like to focus on today is whether there's a way to resolve the outstanding balance while your dispute is reviewed. The remaining balance outside the disputed fee is ₦71,826 — would you consider a payment arrangement for that portion?",golden,LOAN_RECOVERY,loan_recovery_escalation,Nigeria/Branch,unresolved,hostile_throughout,neutral_professional,loan_escalation,0.078,0.758,0.164,0.7961
GS_158,11,CUSTOMER,"No. I'm not paying anything until the dispute is resolved. If I pay now, you'll say I accepted the charges. I know how this works. I'm not touching this account until you acknowledge the fee was applied incorrectly.",golden,LOAN_RECOVERY,loan_recovery_escalation,Nigeria/Branch,unresolved,hostile_throughout,neutral_professional,loan_escalation,0.204,0.704,0.092,-0.5574
GS_158,12,AGENT,"I understand your position. I want to be transparent about what happens next so you're fully informed. Your account has been in arrears for 5 months. If no payment arrangement is made today, I'm required to refer this account to our legal recovery team — at that point it moves outside customer support and into a formal legal process, which may include a formal demand notice and further action under civil law. I'm not saying this to pressure you, I'm telling you so you can make an informed decision.",golden,LOAN_RECOVERY,loan_recovery_escalation,Nigeria/Branch,unresolved,hostile_throughout,neutral_professional,loan_escalation,0.066,0.855,0.079,0.0258
GS_158,13,CUSTOMER,"Legal team. Fine, let them come. I've documented every call, every charge, every notification you failed to send me. If you want to take this to court, I'll see you there.",golden,LOAN_RECOVERY,loan_recovery_escalation,Nigeria/Branch,unresolved,hostile_throughout,neutral_professional,loan_escalation,0.095,0.774,0.132,-0.1779
GS_158,14,AGENT,"I hear you, and I respect that you've documented your case. Before I escalate, I want to make one final attempt — is there any arrangement, even a partial payment against the undisputed portion, that you'd consider today to prevent this moving to legal recovery?",golden,LOAN_RECOVERY,loan_recovery_escalation,Nigeria/Branch,unresolved,hostile_throughout,neutral_professional,loan_escalation,0.0,0.833,0.167,0.6124
GS_158,15,CUSTOMER,No. I'm not paying a single naira until this whole thing is sorted out properly.,golden,LOAN_RECOVERY,loan_recovery_escalation,Nigeria/Branch,unresolved,hostile_throughout,neutral_professional,loan_escalation,0.145,0.855,0.0,-0.296
GS_158,16,AGENT,"I respect that. Since we're not able to reach an agreement today, I'll need to escalate this account to our recovery and legal team for further action.",golden,LOAN_RECOVERY,loan_recovery_escalation,Nigeria/Branch,unresolved,hostile_throughout,neutral_professional,loan_escalation,0.035,0.713,0.253,0.7735
GS_158,17,CUSTOMER,Do whatever you want. I'm not scared of that.,golden,LOAN_RECOVERY,loan_recovery_escalation,Nigeria/Branch,unresolved,hostile_throughout,neutral_professional,loan_escalation,0.0,0.654,0.346,0.4031
GS_158,18,AGENT,"I've logged the dispute details on the account so the legal team has full context before proceeding. Your account reference for this interaction is BRN-ESC-20260811-3679, and you'll receive formal written communication within five business days. Is there anything else you'd like on record?",golden,LOAN_RECOVERY,loan_recovery_escalation,Nigeria/Branch,unresolved,hostile_throughout,neutral_professional,loan_escalation,0.057,0.851,0.091,0.1477
GS_158,19,CUSTOMER,Na so e be. Goodbye.,golden,LOAN_RECOVERY,loan_recovery_escalation,Nigeria/Branch,unresolved,hostile_throughout,neutral_professional,loan_escalation,0.0,1.0,0.0,0.0
GS_158,20,AGENT,"Goodbye, Chidi.",golden,LOAN_RECOVERY,loan_recovery_escalation,Nigeria/Branch,unresolved,hostile_throughout,neutral_professional,loan_escalation,0.0,1.0,0.0,0.0
GS_159,0,AGENT,Good afternoon. Am I speaking with Wambui?,golden,LOAN_RECOVERY,loan_recovery_escalation,Kenya/Mogo,unresolved,hostile_throughout,neutral_professional,loan_escalation,0.0,0.633,0.367,0.4404
GS_159,1,CUSTOMER,Who is asking?,golden,LOAN_RECOVERY,loan_recovery_escalation,Kenya/Mogo,unresolved,hostile_throughout,neutral_professional,loan_escalation,0.0,1.0,0.0,0.0
GS_159,2,AGENT,"Good afternoon. My name is Michael, and I'm calling from Mogo loan recovery support. Am I speaking with Wambui?",golden,LOAN_RECOVERY,loan_recovery_escalation,Kenya/Mogo,unresolved,hostile_throughout,neutral_professional,loan_escalation,0.0,0.741,0.259,0.6808
GS_159,3,CUSTOMER,Yes. What do you want?,golden,LOAN_RECOVERY,loan_recovery_escalation,Kenya/Mogo,unresolved,hostile_throughout,neutral_professional,loan_escalation,0.0,0.429,0.571,0.4588
GS_159,4,AGENT,"I'm reaching out regarding your loan account, which is currently 5 months in arrears, with an outstanding balance of KSh 69,930 including accrued fees. I'm calling to discuss how we can resolve this together. Is this a good time?",golden,LOAN_RECOVERY,loan_recovery_escalation,Kenya/Mogo,unresolved,hostile_throughout,neutral_professional,loan_escalation,0.0,0.737,0.263,0.8951
GS_159,5,CUSTOMER,"5 months. You people have been calling me every week for 3 weeks now. What is there to discuss that hasn't already been discussed? I told the last person who called — I am disputing this amount, and I'm not paying something I did not agree to.",golden,LOAN_RECOVERY,loan_recovery_escalation,Kenya/Mogo,unresolved,hostile_throughout,neutral_professional,loan_escalation,0.11,0.89,0.0,-0.5873
GS_159,6,AGENT,I understand you've raised a dispute previously. I want to make sure we address that properly today — can you help me understand specifically which charges you're disputing?,golden,LOAN_RECOVERY,loan_recovery_escalation,Kenya/Mogo,unresolved,hostile_throughout,neutral_professional,loan_escalation,0.236,0.566,0.198,-0.296
GS_159,7,CUSTOMER,"The restructuring fee, KSh 9,300. Nobody told me about that fee when I took this loan. It appeared on my statement without any notification. If you want to add fees to my account, you need my consent — I did not give consent, and I'm not paying it. Simple.",golden,LOAN_RECOVERY,loan_recovery_escalation,Kenya/Mogo,unresolved,hostile_throughout,neutral_professional,loan_escalation,0.0,0.894,0.106,0.4767
GS_159,8,AGENT,"I hear you, and I want to look into that specifically. I can see the KSh 9,300 fee was applied following a payment arrangement set up earlier — this is outlined under the restructuring clause in your agreement. I can arrange for a full breakdown to be sent to your registered email if that would help clarify it.",golden,LOAN_RECOVERY,loan_recovery_escalation,Kenya/Mogo,unresolved,hostile_throughout,neutral_professional,loan_escalation,0.0,0.87,0.13,0.7351
GS_159,9,CUSTOMER,I've read the agreement. That clause does not give you the right to add fees without written notification beforehand. You sent me nothing before adding that charge — nothing. And now you're calling me every week demanding money. Mwisho wa story. This is harassment. I have a good mind to report this to the Central Bank of Kenya.,golden,LOAN_RECOVERY,loan_recovery_escalation,Kenya/Mogo,unresolved,hostile_throughout,neutral_professional,loan_escalation,0.086,0.816,0.098,0.1779
GS_159,10,AGENT,"I want to assure you Mogo operates fully within regulatory guidelines, and all communication has been within permitted limits. You are absolutely within your right to file a complaint with the Central Bank of Kenya — that's your right as a customer, and I wouldn't discourage you from doing so. What I'd like to focus on today is whether there's a way to resolve the outstanding balance while your dispute is reviewed. The remaining balance outside the disputed fee is KSh 60,630 — would you consider a payment arrangement for that portion?",golden,LOAN_RECOVERY,loan_recovery_escalation,Kenya/Mogo,unresolved,hostile_throughout,neutral_professional,loan_escalation,0.075,0.768,0.158,0.7961
GS_159,11,CUSTOMER,"No. I'm not paying anything until the dispute is resolved. If I pay now, you'll say I accepted the charges. I know how this works. I'm not touching this account until you acknowledge the fee was applied incorrectly.",golden,LOAN_RECOVERY,loan_recovery_escalation,Kenya/Mogo,unresolved,hostile_throughout,neutral_professional,loan_escalation,0.204,0.704,0.092,-0.5574
GS_159,12,AGENT,"I understand your position. I want to be transparent about what happens next so you're fully informed. Your account has been in arrears for 5 months. If no payment arrangement is made today, I'm required to refer this account to our legal recovery team — at that point it moves outside customer support and into a formal legal process, which may include a formal demand notice and further action under civil law. I'm not saying this to pressure you, I'm telling you so you can make an informed decision.",golden,LOAN_RECOVERY,loan_recovery_escalation,Kenya/Mogo,unresolved,hostile_throughout,neutral_professional,loan_escalation,0.066,0.855,0.079,0.0258
GS_159,13,CUSTOMER,"Legal team. Fine, let them come. I've documented every call, every charge, every notification you failed to send me. If you want to take this to court, I'll see you there.",golden,LOAN_RECOVERY,loan_recovery_escalation,Kenya/Mogo,unresolved,hostile_throughout,neutral_professional,loan_escalation,0.095,0.774,0.132,-0.1779
GS_159,14,AGENT,"I hear you, and I respect that you've documented your case. Before I escalate, I want to make one final attempt — is there any arrangement, even a partial payment against the undisputed portion, that you'd consider today to prevent this moving to legal recovery?",golden,LOAN_RECOVERY,loan_recovery_escalation,Kenya/Mogo,unresolved,hostile_throughout,neutral_professional,loan_escalation,0.0,0.833,0.167,0.6124
GS_159,15,CUSTOMER,No. I'm not paying a single shilling until this whole thing is sorted out properly.,golden,LOAN_RECOVERY,loan_recovery_escalation,Kenya/Mogo,unresolved,hostile_throughout,neutral_professional,loan_escalation,0.145,0.855,0.0,-0.296
GS_159,16,AGENT,"I respect that. Since we're not able to reach an agreement today, I'll need to escalate this account to our recovery and legal team for further action.",golden,LOAN_RECOVERY,loan_recovery_escalation,Kenya/Mogo,unresolved,hostile_throughout,neutral_professional,loan_escalation,0.035,0.713,0.253,0.7735
GS_159,17,CUSTOMER,Do whatever you want. I'm not scared of that.,golden,LOAN_RECOVERY,loan_recovery_escalation,Kenya/Mogo,unresolved,hostile_throughout,neutral_professional,loan_escalation,0.0,0.654,0.346,0.4031
GS_159,18,AGENT,"I've logged the dispute details on the account so the legal team has full context before proceeding. Your account reference for this interaction is MG-ESC-20260816-8811, and you'll receive formal written communication within five business days. Is there anything else you'd like on record?",golden,LOAN_RECOVERY,loan_recovery_escalation,Kenya/Mogo,unresolved,hostile_throughout,neutral_professional,loan_escalation,0.057,0.851,0.091,0.1477
GS_159,19,CUSTOMER,Mpaka lini? Goodbye.,golden,LOAN_RECOVERY,loan_recovery_escalation,Kenya/Mogo,unresolved,hostile_throughout,neutral_professional,loan_escalation,0.0,1.0,0.0,0.0
GS_159,20,AGENT,"Goodbye, Wambui.",golden,LOAN_RECOVERY,loan_recovery_escalation,Kenya/Mogo,unresolved,hostile_throughout,neutral_professional,loan_escalation,0.0,1.0,0.0,0.0
GS_160,0,AGENT,Good afternoon. Am I speaking with Khalid?,golden,LOAN_RECOVERY,loan_recovery_escalation,Gulf/UAE/ADIB,unresolved,hostile_throughout,neutral_professional,loan_escalation,0.0,0.633,0.367,0.4404
GS_160,1,CUSTOMER,Who is asking?,golden,LOAN_RECOVERY,loan_recovery_escalation,Gulf/UAE/ADIB,unresolved,hostile_throughout,neutral_professional,loan_escalation,0.0,1.0,0.0,0.0
GS_160,2,AGENT,"Good afternoon. My name is Blessing, and I'm calling from ADIB loan recovery support. Am I speaking with Khalid?",golden,LOAN_RECOVERY,loan_recovery_escalation,Gulf/UAE/ADIB,unresolved,hostile_throughout,neutral_professional,loan_escalation,0.0,0.63,0.37,0.8316
GS_160,3,CUSTOMER,Yes. What do you want?,golden,LOAN_RECOVERY,loan_recovery_escalation,Gulf/UAE/ADIB,unresolved,hostile_throughout,neutral_professional,loan_escalation,0.0,0.429,0.571,0.4588
GS_160,4,AGENT,"I'm reaching out regarding your loan account, which is currently 3 months in arrears, with an outstanding balance of AED 7,865 including accrued fees. I'm calling to discuss how we can resolve this together. Is this a good time?",golden,LOAN_RECOVERY,loan_recovery_escalation,Gulf/UAE/ADIB,unresolved,hostile_throughout,neutral_professional,loan_escalation,0.0,0.737,0.263,0.8951
GS_160,5,CUSTOMER,"3 months. You people have been calling me every week for 5 weeks now. What is there to discuss that hasn't already been discussed? I told the last person who called — I am disputing this amount, and I'm not paying something I did not agree to.",golden,LOAN_RECOVERY,loan_recovery_escalation,Gulf/UAE/ADIB,unresolved,hostile_throughout,neutral_professional,loan_escalation,0.11,0.89,0.0,-0.5873
GS_160,6,AGENT,I understand you've raised a dispute previously. I want to make sure we address that properly today — can you help me understand specifically which charges you're disputing?,golden,LOAN_RECOVERY,loan_recovery_escalation,Gulf/UAE/ADIB,unresolved,hostile_throughout,neutral_professional,loan_escalation,0.236,0.566,0.198,-0.296
GS_160,7,CUSTOMER,"The restructuring fee, AED 1,016. Nobody told me about that fee when I took this loan. It appeared on my statement without any notification. If you want to add fees to my account, you need my consent — I did not give consent, and I'm not paying it. Simple.",golden,LOAN_RECOVERY,loan_recovery_escalation,Gulf/UAE/ADIB,unresolved,hostile_throughout,neutral_professional,loan_escalation,0.0,0.894,0.106,0.4767
GS_160,8,AGENT,"I hear you, and I want to look into that specifically. I can see the AED 1,016 fee was applied following a payment arrangement set up earlier — this is outlined under the restructuring clause in your agreement. I can arrange for a full breakdown to be sent to your registered email if that would help clarify it.",golden,LOAN_RECOVERY,loan_recovery_escalation,Gulf/UAE/ADIB,unresolved,hostile_throughout,neutral_professional,loan_escalation,0.0,0.87,0.13,0.7351
GS_160,9,CUSTOMER,I've read the agreement. That clause does not give you the right to add fees without written notification beforehand. You sent me nothing before adding that charge — nothing. And now you're calling me every week demanding money. Ana gelt lak. This is harassment. I have a good mind to report this to the Central Bank.,golden,LOAN_RECOVERY,loan_recovery_escalation,Gulf/UAE/ADIB,unresolved,hostile_throughout,neutral_professional,loan_escalation,0.089,0.81,0.101,0.1779
GS_160,10,AGENT,"I want to assure you ADIB operates fully within regulatory guidelines, and all communication has been within permitted limits. You are absolutely within your right to file a complaint with the Central Bank — that's your right as a customer, and I wouldn't discourage you from doing so. What I'd like to focus on today is whether there's a way to resolve the outstanding balance while your dispute is reviewed. The remaining balance outside the disputed fee is AED 6,849 — would you consider a payment arrangement for that portion?",golden,LOAN_RECOVERY,loan_recovery_escalation,Gulf/UAE/ADIB,unresolved,hostile_throughout,neutral_professional,loan_escalation,0.076,0.763,0.161,0.7961
GS_160,11,CUSTOMER,"No. I'm not paying anything until the dispute is resolved. If I pay now, you'll say I accepted the charges. I know how this works. I'm not touching this account until you acknowledge the fee was applied incorrectly.",golden,LOAN_RECOVERY,loan_recovery_escalation,Gulf/UAE/ADIB,unresolved,hostile_throughout,neutral_professional,loan_escalation,0.204,0.704,0.092,-0.5574
GS_160,12,AGENT,"I understand your position. I want to be transparent about what happens next so you're fully informed. Your account has been in arrears for 3 months. If no payment arrangement is made today, I'm required to refer this account to our legal recovery team — at that point it moves outside customer support and into a formal legal process, which may include a formal demand notice and further action under civil law. I'm not saying this to pressure you, I'm telling you so you can make an informed decision.",golden,LOAN_RECOVERY,loan_recovery_escalation,Gulf/UAE/ADIB,unresolved,hostile_throughout,neutral_professional,loan_escalation,0.066,0.855,0.079,0.0258
GS_160,13,CUSTOMER,"Legal team. Fine, let them come. I've documented every call, every charge, every notification you failed to send me. If you want to take this to court, I'll see you there.",golden,LOAN_RECOVERY,loan_recovery_escalation,Gulf/UAE/ADIB,unresolved,hostile_throughout,neutral_professional,loan_escalation,0.095,0.774,0.132,-0.1779
GS_160,14,AGENT,"I hear you, and I respect that you've documented your case. Before I escalate, I want to make one final attempt — is there any arrangement, even a partial payment against the undisputed portion, that you'd consider today to prevent this moving to legal recovery?",golden,LOAN_RECOVERY,loan_recovery_escalation,Gulf/UAE/ADIB,unresolved,hostile_throughout,neutral_professional,loan_escalation,0.0,0.833,0.167,0.6124
GS_160,15,CUSTOMER,No. I'm not paying a single dirham until this whole thing is sorted out properly.,golden,LOAN_RECOVERY,loan_recovery_escalation,Gulf/UAE/ADIB,unresolved,hostile_throughout,neutral_professional,loan_escalation,0.145,0.855,0.0,-0.296
GS_160,16,AGENT,"I respect that. Since we're not able to reach an agreement today, I'll need to escalate this account to our recovery and legal team for further action.",golden,LOAN_RECOVERY,loan_recovery_escalation,Gulf/UAE/ADIB,unresolved,hostile_throughout,neutral_professional,loan_escalation,0.035,0.713,0.253,0.7735
GS_160,17,CUSTOMER,Do whatever you want. I'm not scared of that.,golden,LOAN_RECOVERY,loan_recovery_escalation,Gulf/UAE/ADIB,unresolved,hostile_throughout,neutral_professional,loan_escalation,0.0,0.654,0.346,0.4031
GS_160,18,AGENT,"I've logged the dispute details on the account so the legal team has full context before proceeding. Your account reference for this interaction is ADIB-ESC-20260813-6077, and you'll receive formal written communication within five business days. Is there anything else you'd like on record?",golden,LOAN_RECOVERY,loan_recovery_escalation,Gulf/UAE/ADIB,unresolved,hostile_throughout,neutral_professional,loan_escalation,0.057,0.851,0.091,0.1477
GS_160,19,CUSTOMER,Ana gelt lak. Goodbye.,golden,LOAN_RECOVERY,loan_recovery_escalation,Gulf/UAE/ADIB,unresolved,hostile_throughout,neutral_professional,loan_escalation,0.0,1.0,0.0,0.0
GS_160,20,AGENT,"Goodbye, Khalid.",golden,LOAN_RECOVERY,loan_recovery_escalation,Gulf/UAE/ADIB,unresolved,hostile_throughout,neutral_professional,loan_escalation,0.0,1.0,0.0,0.0
GS_161,0,AGENT,Good afternoon. Am I speaking with Chiamaka?,golden,LOAN_RECOVERY,loan_recovery_escalation,Nigeria/OKash,unresolved,hostile_throughout,neutral_professional,loan_escalation,0.0,0.633,0.367,0.4404
GS_161,1,CUSTOMER,Who is asking?,golden,LOAN_RECOVERY,loan_recovery_escalation,Nigeria/OKash,unresolved,hostile_throughout,neutral_professional,loan_escalation,0.0,1.0,0.0,0.0
GS_161,2,AGENT,"Good afternoon. My name is Chinwe, and I'm calling from OKash loan recovery support. Am I speaking with Chiamaka?",golden,LOAN_RECOVERY,loan_recovery_escalation,Nigeria/OKash,unresolved,hostile_throughout,neutral_professional,loan_escalation,0.0,0.741,0.259,0.6808
GS_161,3,CUSTOMER,Yes. What do you want?,golden,LOAN_RECOVERY,loan_recovery_escalation,Nigeria/OKash,unresolved,hostile_throughout,neutral_professional,loan_escalation,0.0,0.429,0.571,0.4588
GS_161,4,AGENT,"I'm reaching out regarding your loan account, which is currently 3 months in arrears, with an outstanding balance of ₦74,279 including accrued fees. I'm calling to discuss how we can resolve this together. Is this a good time?",golden,LOAN_RECOVERY,loan_recovery_escalation,Nigeria/OKash,unresolved,hostile_throughout,neutral_professional,loan_escalation,0.0,0.731,0.269,0.8951
GS_161,5,CUSTOMER,"3 months. You people have been calling me every week for 6 weeks now. What is there to discuss that hasn't already been discussed? I told the last person who called — I am disputing this amount, and I'm not paying something I did not agree to.",golden,LOAN_RECOVERY,loan_recovery_escalation,Nigeria/OKash,unresolved,hostile_throughout,neutral_professional,loan_escalation,0.11,0.89,0.0,-0.5873
GS_161,6,AGENT,I understand you've raised a dispute previously. I want to make sure we address that properly today — can you help me understand specifically which charges you're disputing?,golden,LOAN_RECOVERY,loan_recovery_escalation,Nigeria/OKash,unresolved,hostile_throughout,neutral_professional,loan_escalation,0.236,0.566,0.198,-0.296
GS_161,7,CUSTOMER,"The restructuring fee, ₦9,999. Nobody told me about that fee when I took this loan. It appeared on my statement without any notification. If you want to add fees to my account, you need my consent — I did not give consent, and I'm not paying it. Simple.",golden,LOAN_RECOVERY,loan_recovery_escalation,Nigeria/OKash,unresolved,hostile_throughout,neutral_professional,loan_escalation,0.0,0.892,0.108,0.4767
GS_161,8,AGENT,"I hear you, and I want to look into that specifically. I can see the ₦9,999 fee was applied following a payment arrangement set up earlier — this is outlined under the restructuring clause in your agreement. I can arrange for a full breakdown to be sent to your registered email if that would help clarify it.",golden,LOAN_RECOVERY,loan_recovery_escalation,Nigeria/OKash,unresolved,hostile_throughout,neutral_professional,loan_escalation,0.0,0.867,0.133,0.7351
GS_161,9,CUSTOMER,I've read the agreement. That clause does not give you the right to add fees without written notification beforehand. You sent me nothing before adding that charge — nothing. And now you're calling me every week demanding money. Na wa oo! This is harassment. I have a good mind to report this to the CBN.,golden,LOAN_RECOVERY,loan_recovery_escalation,Nigeria/OKash,unresolved,hostile_throughout,neutral_professional,loan_escalation,0.09,0.803,0.107,0.2481
GS_161,10,AGENT,"I want to assure you OKash operates fully within regulatory guidelines, and all communication has been within permitted limits. You are absolutely within your right to file a complaint with the CBN — that's your right as a customer, and I wouldn't discourage you from doing so. What I'd like to focus on today is whether there's a way to resolve the outstanding balance while your dispute is reviewed. The remaining balance outside the disputed fee is ₦64,280 — would you consider a payment arrangement for that portion?",golden,LOAN_RECOVERY,loan_recovery_escalation,Nigeria/OKash,unresolved,hostile_throughout,neutral_professional,loan_escalation,0.078,0.758,0.164,0.7961
GS_161,11,CUSTOMER,"No. I'm not paying anything until the dispute is resolved. If I pay now, you'll say I accepted the charges. I know how this works. I'm not touching this account until you acknowledge the fee was applied incorrectly.",golden,LOAN_RECOVERY,loan_recovery_escalation,Nigeria/OKash,unresolved,hostile_throughout,neutral_professional,loan_escalation,0.204,0.704,0.092,-0.5574
GS_161,12,AGENT,"I understand your position. I want to be transparent about what happens next so you're fully informed. Your account has been in arrears for 3 months. If no payment arrangement is made today, I'm required to refer this account to our legal recovery team — at that point it moves outside customer support and into a formal legal process, which may include a formal demand notice and further action under civil law. I'm not saying this to pressure you, I'm telling you so you can make an informed decision.",golden,LOAN_RECOVERY,loan_recovery_escalation,Nigeria/OKash,unresolved,hostile_throughout,neutral_professional,loan_escalation,0.066,0.855,0.079,0.0258
GS_161,13,CUSTOMER,"Legal team. Fine, let them come. I've documented every call, every charge, every notification you failed to send me. If you want to take this to court, I'll see you there.",golden,LOAN_RECOVERY,loan_recovery_escalation,Nigeria/OKash,unresolved,hostile_throughout,neutral_professional,loan_escalation,0.095,0.774,0.132,-0.1779
GS_161,14,AGENT,"I hear you, and I respect that you've documented your case. Before I escalate, I want to make one final attempt — is there any arrangement, even a partial payment against the undisputed portion, that you'd consider today to prevent this moving to legal recovery?",golden,LOAN_RECOVERY,loan_recovery_escalation,Nigeria/OKash,unresolved,hostile_throughout,neutral_professional,loan_escalation,0.0,0.833,0.167,0.6124
GS_161,15,CUSTOMER,"This is exactly the kind of thing that should be illegal, adding fees nobody agreed to.",golden,LOAN_RECOVERY,loan_recovery_escalation,Nigeria/OKash,unresolved,hostile_throughout,neutral_professional,loan_escalation,0.183,0.711,0.107,-0.3612
GS_161,16,AGENT,I understand the frustration — that's exactly why I'm logging it for the dispute review rather than just pushing for payment.,golden,LOAN_RECOVERY,loan_recovery_escalation,Nigeria/OKash,unresolved,hostile_throughout,neutral_professional,loan_escalation,0.254,0.746,0.0,-0.7003
GS_161,17,CUSTOMER,No. I'm not paying a single naira until this whole thing is sorted out properly.,golden,LOAN_RECOVERY,loan_recovery_escalation,Nigeria/OKash,unresolved,hostile_throughout,neutral_professional,loan_escalation,0.145,0.855,0.0,-0.296
GS_161,18,AGENT,"I respect that. Since we're not able to reach an agreement today, I'll need to escalate this account to our recovery and legal team for further action.",golden,LOAN_RECOVERY,loan_recovery_escalation,Nigeria/OKash,unresolved,hostile_throughout,neutral_professional,loan_escalation,0.035,0.713,0.253,0.7735
GS_161,19,CUSTOMER,Do whatever you want. I'm not scared of that.,golden,LOAN_RECOVERY,loan_recovery_escalation,Nigeria/OKash,unresolved,hostile_throughout,neutral_professional,loan_escalation,0.0,0.654,0.346,0.4031
GS_161,20,AGENT,"I've logged the dispute details on the account so the legal team has full context before proceeding. Your account reference for this interaction is OK-ESC-20260801-4639, and you'll receive formal written communication within five business days. Is there anything else you'd like on record?",golden,LOAN_RECOVERY,loan_recovery_escalation,Nigeria/OKash,unresolved,hostile_throughout,neutral_professional,loan_escalation,0.057,0.851,0.091,0.1477
GS_161,21,CUSTOMER,E don do! Goodbye.,golden,LOAN_RECOVERY,loan_recovery_escalation,Nigeria/OKash,unresolved,hostile_throughout,neutral_professional,loan_escalation,0.0,1.0,0.0,0.0
GS_161,22,AGENT,"Goodbye, Chiamaka.",golden,LOAN_RECOVERY,loan_recovery_escalation,Nigeria/OKash,unresolved,hostile_throughout,neutral_professional,loan_escalation,0.0,1.0,0.0,0.0
GS_162,0,AGENT,Good afternoon. Am I speaking with Akinyi?,golden,LOAN_RECOVERY,loan_recovery_escalation,Kenya/Mogo,unresolved,hostile_throughout,neutral_professional,loan_escalation,0.0,0.633,0.367,0.4404
GS_162,1,CUSTOMER,Who is asking?,golden,LOAN_RECOVERY,loan_recovery_escalation,Kenya/Mogo,unresolved,hostile_throughout,neutral_professional,loan_escalation,0.0,1.0,0.0,0.0
GS_162,2,AGENT,"Good afternoon. My name is Femi, and I'm calling from Mogo loan recovery support. Am I speaking with Akinyi?",golden,LOAN_RECOVERY,loan_recovery_escalation,Kenya/Mogo,unresolved,hostile_throughout,neutral_professional,loan_escalation,0.0,0.741,0.259,0.6808
GS_162,3,CUSTOMER,Yes. What do you want?,golden,LOAN_RECOVERY,loan_recovery_escalation,Kenya/Mogo,unresolved,hostile_throughout,neutral_professional,loan_escalation,0.0,0.429,0.571,0.4588
GS_162,4,AGENT,"I'm reaching out regarding your loan account, which is currently 4 months in arrears, with an outstanding balance of KSh 58,408 including accrued fees. I'm calling to discuss how we can resolve this together. Is this a good time?",golden,LOAN_RECOVERY,loan_recovery_escalation,Kenya/Mogo,unresolved,hostile_throughout,neutral_professional,loan_escalation,0.0,0.737,0.263,0.8951
GS_162,5,CUSTOMER,"4 months. You people have been calling me every week for 5 weeks now. What is there to discuss that hasn't already been discussed? I told the last person who called — I am disputing this amount, and I'm not paying something I did not agree to.",golden,LOAN_RECOVERY,loan_recovery_escalation,Kenya/Mogo,unresolved,hostile_throughout,neutral_professional,loan_escalation,0.11,0.89,0.0,-0.5873
GS_162,6,AGENT,I understand you've raised a dispute previously. I want to make sure we address that properly today — can you help me understand specifically which charges you're disputing?,golden,LOAN_RECOVERY,loan_recovery_escalation,Kenya/Mogo,unresolved,hostile_throughout,neutral_professional,loan_escalation,0.236,0.566,0.198,-0.296
GS_162,7,CUSTOMER,"The restructuring fee, KSh 7,530. Nobody told me about that fee when I took this loan. It appeared on my statement without any notification. If you want to add fees to my account, you need my consent — I did not give consent, and I'm not paying it. Simple.",golden,LOAN_RECOVERY,loan_recovery_escalation,Kenya/Mogo,unresolved,hostile_throughout,neutral_professional,loan_escalation,0.0,0.894,0.106,0.4767
GS_162,8,AGENT,"I hear you, and I want to look into that specifically. I can see the KSh 7,530 fee was applied following a payment arrangement set up earlier — this is outlined under the restructuring clause in your agreement. I can arrange for a full breakdown to be sent to your registered email if that would help clarify it.",golden,LOAN_RECOVERY,loan_recovery_escalation,Kenya/Mogo,unresolved,hostile_throughout,neutral_professional,loan_escalation,0.0,0.87,0.13,0.7351
GS_162,9,CUSTOMER,I've read the agreement. That clause does not give you the right to add fees without written notification beforehand. You sent me nothing before adding that charge — nothing. And now you're calling me every week demanding money. Sitaki mchezo. This is harassment. I have a good mind to report this to the Central Bank of Kenya.,golden,LOAN_RECOVERY,loan_recovery_escalation,Kenya/Mogo,unresolved,hostile_throughout,neutral_professional,loan_escalation,0.088,0.813,0.099,0.1779
GS_162,10,AGENT,"I want to assure you Mogo operates fully within regulatory guidelines, and all communication has been within permitted limits. You are absolutely within your right to file a complaint with the Central Bank of Kenya — that's your right as a customer, and I wouldn't discourage you from doing so. What I'd like to focus on today is whether there's a way to resolve the outstanding balance while your dispute is reviewed. The remaining balance outside the disputed fee is KSh 50,878 — would you consider a payment arrangement for that portion?",golden,LOAN_RECOVERY,loan_recovery_escalation,Kenya/Mogo,unresolved,hostile_throughout,neutral_professional,loan_escalation,0.075,0.768,0.158,0.7961
GS_162,11,CUSTOMER,"No. I'm not paying anything until the dispute is resolved. If I pay now, you'll say I accepted the charges. I know how this works. I'm not touching this account until you acknowledge the fee was applied incorrectly.",golden,LOAN_RECOVERY,loan_recovery_escalation,Kenya/Mogo,unresolved,hostile_throughout,neutral_professional,loan_escalation,0.204,0.704,0.092,-0.5574
GS_162,12,AGENT,"I understand your position. I want to be transparent about what happens next so you're fully informed. Your account has been in arrears for 4 months. If no payment arrangement is made today, I'm required to refer this account to our legal recovery team — at that point it moves outside customer support and into a formal legal process, which may include a formal demand notice and further action under civil law. I'm not saying this to pressure you, I'm telling you so you can make an informed decision.",golden,LOAN_RECOVERY,loan_recovery_escalation,Kenya/Mogo,unresolved,hostile_throughout,neutral_professional,loan_escalation,0.066,0.855,0.079,0.0258
GS_162,13,CUSTOMER,"Legal team. Fine, let them come. I've documented every call, every charge, every notification you failed to send me. If you want to take this to court, I'll see you there.",golden,LOAN_RECOVERY,loan_recovery_escalation,Kenya/Mogo,unresolved,hostile_throughout,neutral_professional,loan_escalation,0.095,0.774,0.132,-0.1779
GS_162,14,AGENT,"I hear you, and I respect that you've documented your case. Before I escalate, I want to make one final attempt — is there any arrangement, even a partial payment against the undisputed portion, that you'd consider today to prevent this moving to legal recovery?",golden,LOAN_RECOVERY,loan_recovery_escalation,Kenya/Mogo,unresolved,hostile_throughout,neutral_professional,loan_escalation,0.0,0.833,0.167,0.6124
GS_162,15,CUSTOMER,No. I'm not paying a single shilling until this whole thing is sorted out properly.,golden,LOAN_RECOVERY,loan_recovery_escalation,Kenya/Mogo,unresolved,hostile_throughout,neutral_professional,loan_escalation,0.145,0.855,0.0,-0.296
GS_162,16,AGENT,"I respect that. Since we're not able to reach an agreement today, I'll need to escalate this account to our recovery and legal team for further action.",golden,LOAN_RECOVERY,loan_recovery_escalation,Kenya/Mogo,unresolved,hostile_throughout,neutral_professional,loan_escalation,0.035,0.713,0.253,0.7735
GS_162,17,CUSTOMER,Do whatever you want. I'm not scared of that.,golden,LOAN_RECOVERY,loan_recovery_escalation,Kenya/Mogo,unresolved,hostile_throughout,neutral_professional,loan_escalation,0.0,0.654,0.346,0.4031
GS_162,18,AGENT,"I've logged the dispute details on the account so the legal team has full context before proceeding. Your account reference for this interaction is MG-ESC-20260809-1603, and you'll receive formal written communication within five business days. Is there anything else you'd like on record?",golden,LOAN_RECOVERY,loan_recovery_escalation,Kenya/Mogo,unresolved,hostile_throughout,neutral_professional,loan_escalation,0.057,0.851,0.091,0.1477
GS_162,19,CUSTOMER,Hii ni nini? Goodbye.,golden,LOAN_RECOVERY,loan_recovery_escalation,Kenya/Mogo,unresolved,hostile_throughout,neutral_professional,loan_escalation,0.0,1.0,0.0,0.0
GS_162,20,AGENT,"Goodbye, Akinyi.",golden,LOAN_RECOVERY,loan_recovery_escalation,Kenya/Mogo,unresolved,hostile_throughout,neutral_professional,loan_escalation,0.0,1.0,0.0,0.0
GS_163,0,AGENT,Good afternoon. Am I speaking with Noura?,golden,LOAN_RECOVERY,loan_recovery_escalation,Gulf/UAE/ADIB,unresolved,hostile_throughout,neutral_professional,loan_escalation,0.0,0.633,0.367,0.4404
GS_163,1,CUSTOMER,Who is asking?,golden,LOAN_RECOVERY,loan_recovery_escalation,Gulf/UAE/ADIB,unresolved,hostile_throughout,neutral_professional,loan_escalation,0.0,1.0,0.0,0.0
GS_163,2,AGENT,"Good afternoon. My name is David, and I'm calling from ADIB loan recovery support. Am I speaking with Noura?",golden,LOAN_RECOVERY,loan_recovery_escalation,Gulf/UAE/ADIB,unresolved,hostile_throughout,neutral_professional,loan_escalation,0.0,0.741,0.259,0.6808
GS_163,3,CUSTOMER,Yes. What do you want?,golden,LOAN_RECOVERY,loan_recovery_escalation,Gulf/UAE/ADIB,unresolved,hostile_throughout,neutral_professional,loan_escalation,0.0,0.429,0.571,0.4588
GS_163,4,AGENT,"I'm reaching out regarding your loan account, which is currently 4 months in arrears, with an outstanding balance of AED 13,803 including accrued fees. I'm calling to discuss how we can resolve this together. Is this a good time?",golden,LOAN_RECOVERY,loan_recovery_escalation,Gulf/UAE/ADIB,unresolved,hostile_throughout,neutral_professional,loan_escalation,0.0,0.737,0.263,0.8951
GS_163,5,CUSTOMER,"4 months. You people have been calling me every week for 4 weeks now. What is there to discuss that hasn't already been discussed? I told the last person who called — I am disputing this amount, and I'm not paying something I did not agree to.",golden,LOAN_RECOVERY,loan_recovery_escalation,Gulf/UAE/ADIB,unresolved,hostile_throughout,neutral_professional,loan_escalation,0.11,0.89,0.0,-0.5873
GS_163,6,AGENT,I understand you've raised a dispute previously. I want to make sure we address that properly today — can you help me understand specifically which charges you're disputing?,golden,LOAN_RECOVERY,loan_recovery_escalation,Gulf/UAE/ADIB,unresolved,hostile_throughout,neutral_professional,loan_escalation,0.236,0.566,0.198,-0.296
GS_163,7,CUSTOMER,"The restructuring fee, AED 1,927. Nobody told me about that fee when I took this loan. It appeared on my statement without any notification. If you want to add fees to my account, you need my consent — I did not give consent, and I'm not paying it. Simple.",golden,LOAN_RECOVERY,loan_recovery_escalation,Gulf/UAE/ADIB,unresolved,hostile_throughout,neutral_professional,loan_escalation,0.0,0.894,0.106,0.4767
GS_163,8,AGENT,"I hear you, and I want to look into that specifically. I can see the AED 1,927 fee was applied following a payment arrangement set up earlier — this is outlined under the restructuring clause in your agreement. I can arrange for a full breakdown to be sent to your registered email if that would help clarify it.",golden,LOAN_RECOVERY,loan_recovery_escalation,Gulf/UAE/ADIB,unresolved,hostile_throughout,neutral_professional,loan_escalation,0.0,0.87,0.13,0.7351
GS_163,9,CUSTOMER,I've read the agreement. That clause does not give you the right to add fees without written notification beforehand. You sent me nothing before adding that charge — nothing. And now you're calling me every week demanding money. Ana gelt lak. This is harassment. I have a good mind to report this to the Central Bank.,golden,LOAN_RECOVERY,loan_recovery_escalation,Gulf/UAE/ADIB,unresolved,hostile_throughout,neutral_professional,loan_escalation,0.089,0.81,0.101,0.1779
GS_163,10,AGENT,"I want to assure you ADIB operates fully within regulatory guidelines, and all communication has been within permitted limits. You are absolutely within your right to file a complaint with the Central Bank — that's your right as a customer, and I wouldn't discourage you from doing so. What I'd like to focus on today is whether there's a way to resolve the outstanding balance while your dispute is reviewed. The remaining balance outside the disputed fee is AED 11,876 — would you consider a payment arrangement for that portion?",golden,LOAN_RECOVERY,loan_recovery_escalation,Gulf/UAE/ADIB,unresolved,hostile_throughout,neutral_professional,loan_escalation,0.076,0.763,0.161,0.7961
GS_163,11,CUSTOMER,"No. I'm not paying anything until the dispute is resolved. If I pay now, you'll say I accepted the charges. I know how this works. I'm not touching this account until you acknowledge the fee was applied incorrectly.",golden,LOAN_RECOVERY,loan_recovery_escalation,Gulf/UAE/ADIB,unresolved,hostile_throughout,neutral_professional,loan_escalation,0.204,0.704,0.092,-0.5574
GS_163,12,AGENT,"I understand your position. I want to be transparent about what happens next so you're fully informed. Your account has been in arrears for 4 months. If no payment arrangement is made today, I'm required to refer this account to our legal recovery team — at that point it moves outside customer support and into a formal legal process, which may include a formal demand notice and further action under civil law. I'm not saying this to pressure you, I'm telling you so you can make an informed decision.",golden,LOAN_RECOVERY,loan_recovery_escalation,Gulf/UAE/ADIB,unresolved,hostile_throughout,neutral_professional,loan_escalation,0.066,0.855,0.079,0.0258
GS_163,13,CUSTOMER,"Legal team. Fine, let them come. I've documented every call, every charge, every notification you failed to send me. If you want to take this to court, I'll see you there.",golden,LOAN_RECOVERY,loan_recovery_escalation,Gulf/UAE/ADIB,unresolved,hostile_throughout,neutral_professional,loan_escalation,0.095,0.774,0.132,-0.1779
GS_163,14,AGENT,"I hear you, and I respect that you've documented your case. Before I escalate, I want to make one final attempt — is there any arrangement, even a partial payment against the undisputed portion, that you'd consider today to prevent this moving to legal recovery?",golden,LOAN_RECOVERY,loan_recovery_escalation,Gulf/UAE/ADIB,unresolved,hostile_throughout,neutral_professional,loan_escalation,0.0,0.833,0.167,0.6124
GS_163,15,CUSTOMER,No. I'm not paying a single dirham until this whole thing is sorted out properly.,golden,LOAN_RECOVERY,loan_recovery_escalation,Gulf/UAE/ADIB,unresolved,hostile_throughout,neutral_professional,loan_escalation,0.145,0.855,0.0,-0.296
GS_163,16,AGENT,"I respect that. Since we're not able to reach an agreement today, I'll need to escalate this account to our recovery and legal team for further action.",golden,LOAN_RECOVERY,loan_recovery_escalation,Gulf/UAE/ADIB,unresolved,hostile_throughout,neutral_professional,loan_escalation,0.035,0.713,0.253,0.7735
GS_163,17,CUSTOMER,Do whatever you want. I'm not scared of that.,golden,LOAN_RECOVERY,loan_recovery_escalation,Gulf/UAE/ADIB,unresolved,hostile_throughout,neutral_professional,loan_escalation,0.0,0.654,0.346,0.4031
GS_163,18,AGENT,"I've logged the dispute details on the account so the legal team has full context before proceeding. Your account reference for this interaction is ADIB-ESC-20260710-8465, and you'll receive formal written communication within five business days. Is there anything else you'd like on record?",golden,LOAN_RECOVERY,loan_recovery_escalation,Gulf/UAE/ADIB,unresolved,hostile_throughout,neutral_professional,loan_escalation,0.057,0.851,0.091,0.1477
GS_163,19,CUSTOMER,Wallah! Goodbye.,golden,LOAN_RECOVERY,loan_recovery_escalation,Gulf/UAE/ADIB,unresolved,hostile_throughout,neutral_professional,loan_escalation,0.0,1.0,0.0,0.0
GS_163,20,AGENT,"Goodbye, Noura.",golden,LOAN_RECOVERY,loan_recovery_escalation,Gulf/UAE/ADIB,unresolved,hostile_throughout,neutral_professional,loan_escalation,0.0,1.0,0.0,0.0
GS_164,0,AGENT,Good afternoon. Am I speaking with Chidi?,golden,LOAN_RECOVERY,loan_recovery_escalation,Nigeria/OKash,unresolved,hostile_throughout,neutral_professional,loan_escalation,0.0,0.633,0.367,0.4404
GS_164,1,CUSTOMER,Who is asking?,golden,LOAN_RECOVERY,loan_recovery_escalation,Nigeria/OKash,unresolved,hostile_throughout,neutral_professional,loan_escalation,0.0,1.0,0.0,0.0
GS_164,2,AGENT,"Good afternoon. My name is Zainab, and I'm calling from OKash loan recovery support. Am I speaking with Chidi?",golden,LOAN_RECOVERY,loan_recovery_escalation,Nigeria/OKash,unresolved,hostile_throughout,neutral_professional,loan_escalation,0.0,0.741,0.259,0.6808
GS_164,3,CUSTOMER,Yes. What do you want?,golden,LOAN_RECOVERY,loan_recovery_escalation,Nigeria/OKash,unresolved,hostile_throughout,neutral_professional,loan_escalation,0.0,0.429,0.571,0.4588
GS_164,4,AGENT,"I'm reaching out regarding your loan account, which is currently 4 months in arrears, with an outstanding balance of ₦89,771 including accrued fees. I'm calling to discuss how we can resolve this together. Is this a good time?",golden,LOAN_RECOVERY,loan_recovery_escalation,Nigeria/OKash,unresolved,hostile_throughout,neutral_professional,loan_escalation,0.0,0.731,0.269,0.8951
GS_164,5,CUSTOMER,"4 months. You people have been calling me every week for 5 weeks now. What is there to discuss that hasn't already been discussed? I told the last person who called — I am disputing this amount, and I'm not paying something I did not agree to.",golden,LOAN_RECOVERY,loan_recovery_escalation,Nigeria/OKash,unresolved,hostile_throughout,neutral_professional,loan_escalation,0.11,0.89,0.0,-0.5873
GS_164,6,AGENT,I understand you've raised a dispute previously. I want to make sure we address that properly today — can you help me understand specifically which charges you're disputing?,golden,LOAN_RECOVERY,loan_recovery_escalation,Nigeria/OKash,unresolved,hostile_throughout,neutral_professional,loan_escalation,0.236,0.566,0.198,-0.296
GS_164,7,CUSTOMER,"The restructuring fee, ₦3,109. Nobody told me about that fee when I took this loan. It appeared on my statement without any notification. If you want to add fees to my account, you need my consent — I did not give consent, and I'm not paying it. Simple.",golden,LOAN_RECOVERY,loan_recovery_escalation,Nigeria/OKash,unresolved,hostile_throughout,neutral_professional,loan_escalation,0.0,0.892,0.108,0.4767
GS_164,8,AGENT,"I hear you, and I want to look into that specifically. I can see the ₦3,109 fee was applied following a payment arrangement set up earlier — this is outlined under the restructuring clause in your agreement. I can arrange for a full breakdown to be sent to your registered email if that would help clarify it.",golden,LOAN_RECOVERY,loan_recovery_escalation,Nigeria/OKash,unresolved,hostile_throughout,neutral_professional,loan_escalation,0.0,0.867,0.133,0.7351
GS_164,9,CUSTOMER,I've read the agreement. That clause does not give you the right to add fees without written notification beforehand. You sent me nothing before adding that charge — nothing. And now you're calling me every week demanding money. Chai! This is harassment. I have a good mind to report this to the CBN.,golden,LOAN_RECOVERY,loan_recovery_escalation,Nigeria/OKash,unresolved,hostile_throughout,neutral_professional,loan_escalation,0.093,0.796,0.111,0.2481
GS_164,10,AGENT,"I want to assure you OKash operates fully within regulatory guidelines, and all communication has been within permitted limits. You are absolutely within your right to file a complaint with the CBN — that's your right as a customer, and I wouldn't discourage you from doing so. What I'd like to focus on today is whether there's a way to resolve the outstanding balance while your dispute is reviewed. The remaining balance outside the disputed fee is ₦86,662 — would you consider a payment arrangement for that portion?",golden,LOAN_RECOVERY,loan_recovery_escalation,Nigeria/OKash,unresolved,hostile_throughout,neutral_professional,loan_escalation,0.078,0.758,0.164,0.7961
GS_164,11,CUSTOMER,"No. I'm not paying anything until the dispute is resolved. If I pay now, you'll say I accepted the charges. I know how this works. I'm not touching this account until you acknowledge the fee was applied incorrectly.",golden,LOAN_RECOVERY,loan_recovery_escalation,Nigeria/OKash,unresolved,hostile_throughout,neutral_professional,loan_escalation,0.204,0.704,0.092,-0.5574
GS_164,12,AGENT,"I understand your position. I want to be transparent about what happens next so you're fully informed. Your account has been in arrears for 4 months. If no payment arrangement is made today, I'm required to refer this account to our legal recovery team — at that point it moves outside customer support and into a formal legal process, which may include a formal demand notice and further action under civil law. I'm not saying this to pressure you, I'm telling you so you can make an informed decision.",golden,LOAN_RECOVERY,loan_recovery_escalation,Nigeria/OKash,unresolved,hostile_throughout,neutral_professional,loan_escalation,0.066,0.855,0.079,0.0258
GS_164,13,CUSTOMER,"Legal team. Fine, let them come. I've documented every call, every charge, every notification you failed to send me. If you want to take this to court, I'll see you there.",golden,LOAN_RECOVERY,loan_recovery_escalation,Nigeria/OKash,unresolved,hostile_throughout,neutral_professional,loan_escalation,0.095,0.774,0.132,-0.1779
GS_164,14,AGENT,"I hear you, and I respect that you've documented your case. Before I escalate, I want to make one final attempt — is there any arrangement, even a partial payment against the undisputed portion, that you'd consider today to prevent this moving to legal recovery?",golden,LOAN_RECOVERY,loan_recovery_escalation,Nigeria/OKash,unresolved,hostile_throughout,neutral_professional,loan_escalation,0.0,0.833,0.167,0.6124
GS_164,15,CUSTOMER,"This is exactly the kind of thing that should be illegal, adding fees nobody agreed to.",golden,LOAN_RECOVERY,loan_recovery_escalation,Nigeria/OKash,unresolved,hostile_throughout,neutral_professional,loan_escalation,0.183,0.711,0.107,-0.3612
GS_164,16,AGENT,I understand the frustration — that's exactly why I'm logging it for the dispute review rather than just pushing for payment.,golden,LOAN_RECOVERY,loan_recovery_escalation,Nigeria/OKash,unresolved,hostile_throughout,neutral_professional,loan_escalation,0.254,0.746,0.0,-0.7003
GS_164,17,CUSTOMER,No. I'm not paying a single naira until this whole thing is sorted out properly.,golden,LOAN_RECOVERY,loan_recovery_escalation,Nigeria/OKash,unresolved,hostile_throughout,neutral_professional,loan_escalation,0.145,0.855,0.0,-0.296
GS_164,18,AGENT,"I respect that. Since we're not able to reach an agreement today, I'll need to escalate this account to our recovery and legal team for further action.",golden,LOAN_RECOVERY,loan_recovery_escalation,Nigeria/OKash,unresolved,hostile_throughout,neutral_professional,loan_escalation,0.035,0.713,0.253,0.7735
GS_164,19,CUSTOMER,Do whatever you want. I'm not scared of that.,golden,LOAN_RECOVERY,loan_recovery_escalation,Nigeria/OKash,unresolved,hostile_throughout,neutral_professional,loan_escalation,0.0,0.654,0.346,0.4031
GS_164,20,AGENT,"I've logged the dispute details on the account so the legal team has full context before proceeding. Your account reference for this interaction is OK-ESC-20260625-4602, and you'll receive formal written communication within five business days. Is there anything else you'd like on record?",golden,LOAN_RECOVERY,loan_recovery_escalation,Nigeria/OKash,unresolved,hostile_throughout,neutral_professional,loan_escalation,0.057,0.851,0.091,0.1477
GS_164,21,CUSTOMER,Na so e be. Goodbye.,golden,LOAN_RECOVERY,loan_recovery_escalation,Nigeria/OKash,unresolved,hostile_throughout,neutral_professional,loan_escalation,0.0,1.0,0.0,0.0
GS_164,22,AGENT,"Goodbye, Chidi.",golden,LOAN_RECOVERY,loan_recovery_escalation,Nigeria/OKash,unresolved,hostile_throughout,neutral_professional,loan_escalation,0.0,1.0,0.0,0.0
GS_165,0,AGENT,Good afternoon. Am I speaking with Akinyi?,golden,LOAN_RECOVERY,loan_recovery_escalation,Kenya/Mogo,unresolved,hostile_throughout,neutral_professional,loan_escalation,0.0,0.633,0.367,0.4404
GS_165,1,CUSTOMER,Who is asking?,golden,LOAN_RECOVERY,loan_recovery_escalation,Kenya/Mogo,unresolved,hostile_throughout,neutral_professional,loan_escalation,0.0,1.0,0.0,0.0
GS_165,2,AGENT,"Good afternoon. My name is Ada, and I'm calling from Mogo loan recovery support. Am I speaking with Akinyi?",golden,LOAN_RECOVERY,loan_recovery_escalation,Kenya/Mogo,unresolved,hostile_throughout,neutral_professional,loan_escalation,0.0,0.741,0.259,0.6808
GS_165,3,CUSTOMER,Yes. What do you want?,golden,LOAN_RECOVERY,loan_recovery_escalation,Kenya/Mogo,unresolved,hostile_throughout,neutral_professional,loan_escalation,0.0,0.429,0.571,0.4588
GS_165,4,AGENT,"I'm reaching out regarding your loan account, which is currently 3 months in arrears, with an outstanding balance of KSh 63,003 including accrued fees. I'm calling to discuss how we can resolve this together. Is this a good time?",golden,LOAN_RECOVERY,loan_recovery_escalation,Kenya/Mogo,unresolved,hostile_throughout,neutral_professional,loan_escalation,0.0,0.737,0.263,0.8951
GS_165,5,CUSTOMER,"3 months. You people have been calling me every week for 5 weeks now. What is there to discuss that hasn't already been discussed? I told the last person who called — I am disputing this amount, and I'm not paying something I did not agree to.",golden,LOAN_RECOVERY,loan_recovery_escalation,Kenya/Mogo,unresolved,hostile_throughout,neutral_professional,loan_escalation,0.11,0.89,0.0,-0.5873
GS_165,6,AGENT,I understand you've raised a dispute previously. I want to make sure we address that properly today — can you help me understand specifically which charges you're disputing?,golden,LOAN_RECOVERY,loan_recovery_escalation,Kenya/Mogo,unresolved,hostile_throughout,neutral_professional,loan_escalation,0.236,0.566,0.198,-0.296
GS_165,7,CUSTOMER,"The restructuring fee, KSh 5,536. Nobody told me about that fee when I took this loan. It appeared on my statement without any notification. If you want to add fees to my account, you need my consent — I did not give consent, and I'm not paying it. Simple.",golden,LOAN_RECOVERY,loan_recovery_escalation,Kenya/Mogo,unresolved,hostile_throughout,neutral_professional,loan_escalation,0.0,0.894,0.106,0.4767
GS_165,8,AGENT,"I hear you, and I want to look into that specifically. I can see the KSh 5,536 fee was applied following a payment arrangement set up earlier — this is outlined under the restructuring clause in your agreement. I can arrange for a full breakdown to be sent to your registered email if that would help clarify it.",golden,LOAN_RECOVERY,loan_recovery_escalation,Kenya/Mogo,unresolved,hostile_throughout,neutral_professional,loan_escalation,0.0,0.87,0.13,0.7351
GS_165,9,CUSTOMER,I've read the agreement. That clause does not give you the right to add fees without written notification beforehand. You sent me nothing before adding that charge — nothing. And now you're calling me every week demanding money. Sitaki mchezo. This is harassment. I have a good mind to report this to the Central Bank of Kenya.,golden,LOAN_RECOVERY,loan_recovery_escalation,Kenya/Mogo,unresolved,hostile_throughout,neutral_professional,loan_escalation,0.088,0.813,0.099,0.1779
GS_165,10,AGENT,"I want to assure you Mogo operates fully within regulatory guidelines, and all communication has been within permitted limits. You are absolutely within your right to file a complaint with the Central Bank of Kenya — that's your right as a customer, and I wouldn't discourage you from doing so. What I'd like to focus on today is whether there's a way to resolve the outstanding balance while your dispute is reviewed. The remaining balance outside the disputed fee is KSh 57,467 — would you consider a payment arrangement for that portion?",golden,LOAN_RECOVERY,loan_recovery_escalation,Kenya/Mogo,unresolved,hostile_throughout,neutral_professional,loan_escalation,0.075,0.768,0.158,0.7961
GS_165,11,CUSTOMER,"No. I'm not paying anything until the dispute is resolved. If I pay now, you'll say I accepted the charges. I know how this works. I'm not touching this account until you acknowledge the fee was applied incorrectly.",golden,LOAN_RECOVERY,loan_recovery_escalation,Kenya/Mogo,unresolved,hostile_throughout,neutral_professional,loan_escalation,0.204,0.704,0.092,-0.5574
GS_165,12,AGENT,"I understand your position. I want to be transparent about what happens next so you're fully informed. Your account has been in arrears for 3 months. If no payment arrangement is made today, I'm required to refer this account to our legal recovery team — at that point it moves outside customer support and into a formal legal process, which may include a formal demand notice and further action under civil law. I'm not saying this to pressure you, I'm telling you so you can make an informed decision.",golden,LOAN_RECOVERY,loan_recovery_escalation,Kenya/Mogo,unresolved,hostile_throughout,neutral_professional,loan_escalation,0.066,0.855,0.079,0.0258
GS_165,13,CUSTOMER,"Legal team. Fine, let them come. I've documented every call, every charge, every notification you failed to send me. If you want to take this to court, I'll see you there.",golden,LOAN_RECOVERY,loan_recovery_escalation,Kenya/Mogo,unresolved,hostile_throughout,neutral_professional,loan_escalation,0.095,0.774,0.132,-0.1779
GS_165,14,AGENT,"I hear you, and I respect that you've documented your case. Before I escalate, I want to make one final attempt — is there any arrangement, even a partial payment against the undisputed portion, that you'd consider today to prevent this moving to legal recovery?",golden,LOAN_RECOVERY,loan_recovery_escalation,Kenya/Mogo,unresolved,hostile_throughout,neutral_professional,loan_escalation,0.0,0.833,0.167,0.6124
GS_165,15,CUSTOMER,No. I'm not paying a single shilling until this whole thing is sorted out properly.,golden,LOAN_RECOVERY,loan_recovery_escalation,Kenya/Mogo,unresolved,hostile_throughout,neutral_professional,loan_escalation,0.145,0.855,0.0,-0.296
GS_165,16,AGENT,"I respect that. Since we're not able to reach an agreement today, I'll need to escalate this account to our recovery and legal team for further action.",golden,LOAN_RECOVERY,loan_recovery_escalation,Kenya/Mogo,unresolved,hostile_throughout,neutral_professional,loan_escalation,0.035,0.713,0.253,0.7735
GS_165,17,CUSTOMER,Do whatever you want. I'm not scared of that.,golden,LOAN_RECOVERY,loan_recovery_escalation,Kenya/Mogo,unresolved,hostile_throughout,neutral_professional,loan_escalation,0.0,0.654,0.346,0.4031
GS_165,18,AGENT,"I've logged the dispute details on the account so the legal team has full context before proceeding. Your account reference for this interaction is MG-ESC-20260612-9954, and you'll receive formal written communication within five business days. Is there anything else you'd like on record?",golden,LOAN_RECOVERY,loan_recovery_escalation,Kenya/Mogo,unresolved,hostile_throughout,neutral_professional,loan_escalation,0.057,0.851,0.091,0.1477
GS_165,19,CUSTOMER,Hii haikubaliki! Goodbye.,golden,LOAN_RECOVERY,loan_recovery_escalation,Kenya/Mogo,unresolved,hostile_throughout,neutral_professional,loan_escalation,0.0,1.0,0.0,0.0
GS_165,20,AGENT,"Goodbye, Akinyi.",golden,LOAN_RECOVERY,loan_recovery_escalation,Kenya/Mogo,unresolved,hostile_throughout,neutral_professional,loan_escalation,0.0,1.0,0.0,0.0
GS_166,0,AGENT,Good afternoon. Am I speaking with Salim?,golden,LOAN_RECOVERY,loan_recovery_escalation,Gulf/UAE/Dubai Islamic Bank,unresolved,hostile_throughout,neutral_professional,loan_escalation,0.0,0.633,0.367,0.4404
GS_166,1,CUSTOMER,Who is asking?,golden,LOAN_RECOVERY,loan_recovery_escalation,Gulf/UAE/Dubai Islamic Bank,unresolved,hostile_throughout,neutral_professional,loan_escalation,0.0,1.0,0.0,0.0
GS_166,2,AGENT,"Good afternoon. My name is Kelechi, and I'm calling from Dubai Islamic Bank loan recovery support. Am I speaking with Salim?",golden,LOAN_RECOVERY,loan_recovery_escalation,Gulf/UAE/Dubai Islamic Bank,unresolved,hostile_throughout,neutral_professional,loan_escalation,0.0,0.763,0.237,0.6808
GS_166,3,CUSTOMER,Yes. What do you want?,golden,LOAN_RECOVERY,loan_recovery_escalation,Gulf/UAE/Dubai Islamic Bank,unresolved,hostile_throughout,neutral_professional,loan_escalation,0.0,0.429,0.571,0.4588
GS_166,4,AGENT,"I'm reaching out regarding your loan account, which is currently 5 months in arrears, with an outstanding balance of AED 11,795 including accrued fees. I'm calling to discuss how we can resolve this together. Is this a good time?",golden,LOAN_RECOVERY,loan_recovery_escalation,Gulf/UAE/Dubai Islamic Bank,unresolved,hostile_throughout,neutral_professional,loan_escalation,0.0,0.737,0.263,0.8951
GS_166,5,CUSTOMER,"5 months. You people have been calling me every week for 6 weeks now. What is there to discuss that hasn't already been discussed? I told the last person who called — I am disputing this amount, and I'm not paying something I did not agree to.",golden,LOAN_RECOVERY,loan_recovery_escalation,Gulf/UAE/Dubai Islamic Bank,unresolved,hostile_throughout,neutral_professional,loan_escalation,0.11,0.89,0.0,-0.5873
GS_166,6,AGENT,I understand you've raised a dispute previously. I want to make sure we address that properly today — can you help me understand specifically which charges you're disputing?,golden,LOAN_RECOVERY,loan_recovery_escalation,Gulf/UAE/Dubai Islamic Bank,unresolved,hostile_throughout,neutral_professional,loan_escalation,0.236,0.566,0.198,-0.296
GS_166,7,CUSTOMER,"The restructuring fee, AED 1,037. Nobody told me about that fee when I took this loan. It appeared on my statement without any notification. If you want to add fees to my account, you need my consent — I did not give consent, and I'm not paying it. Simple.",golden,LOAN_RECOVERY,loan_recovery_escalation,Gulf/UAE/Dubai Islamic Bank,unresolved,hostile_throughout,neutral_professional,loan_escalation,0.0,0.894,0.106,0.4767
GS_166,8,AGENT,"I hear you, and I want to look into that specifically. I can see the AED 1,037 fee was applied following a payment arrangement set up earlier — this is outlined under the restructuring clause in your agreement. I can arrange for a full breakdown to be sent to your registered email if that would help clarify it.",golden,LOAN_RECOVERY,loan_recovery_escalation,Gulf/UAE/Dubai Islamic Bank,unresolved,hostile_throughout,neutral_professional,loan_escalation,0.0,0.87,0.13,0.7351
GS_166,9,CUSTOMER,I've read the agreement. That clause does not give you the right to add fees without written notification beforehand. You sent me nothing before adding that charge — nothing. And now you're calling me every week demanding money. Wallah! This is harassment. I have a good mind to report this to the Central Bank.,golden,LOAN_RECOVERY,loan_recovery_escalation,Gulf/UAE/Dubai Islamic Bank,unresolved,hostile_throughout,neutral_professional,loan_escalation,0.092,0.799,0.109,0.2481
GS_166,10,AGENT,"I want to assure you Dubai Islamic Bank operates fully within regulatory guidelines, and all communication has been within permitted limits. You are absolutely within your right to file a complaint with the Central Bank — that's your right as a customer, and I wouldn't discourage you from doing so. What I'd like to focus on today is whether there's a way to resolve the outstanding balance while your dispute is reviewed. The remaining balance outside the disputed fee is AED 10,758 — would you consider a payment arrangement for that portion?",golden,LOAN_RECOVERY,loan_recovery_escalation,Gulf/UAE/Dubai Islamic Bank,unresolved,hostile_throughout,neutral_professional,loan_escalation,0.075,0.768,0.158,0.7961
GS_166,11,CUSTOMER,"No. I'm not paying anything until the dispute is resolved. If I pay now, you'll say I accepted the charges. I know how this works. I'm not touching this account until you acknowledge the fee was applied incorrectly.",golden,LOAN_RECOVERY,loan_recovery_escalation,Gulf/UAE/Dubai Islamic Bank,unresolved,hostile_throughout,neutral_professional,loan_escalation,0.204,0.704,0.092,-0.5574
GS_166,12,AGENT,"I understand your position. I want to be transparent about what happens next so you're fully informed. Your account has been in arrears for 5 months. If no payment arrangement is made today, I'm required to refer this account to our legal recovery team — at that point it moves outside customer support and into a formal legal process, which may include a formal demand notice and further action under civil law. I'm not saying this to pressure you, I'm telling you so you can make an informed decision.",golden,LOAN_RECOVERY,loan_recovery_escalation,Gulf/UAE/Dubai Islamic Bank,unresolved,hostile_throughout,neutral_professional,loan_escalation,0.066,0.855,0.079,0.0258
GS_166,13,CUSTOMER,"Legal team. Fine, let them come. I've documented every call, every charge, every notification you failed to send me. If you want to take this to court, I'll see you there.",golden,LOAN_RECOVERY,loan_recovery_escalation,Gulf/UAE/Dubai Islamic Bank,unresolved,hostile_throughout,neutral_professional,loan_escalation,0.095,0.774,0.132,-0.1779
GS_166,14,AGENT,"I hear you, and I respect that you've documented your case. Before I escalate, I want to make one final attempt — is there any arrangement, even a partial payment against the undisputed portion, that you'd consider today to prevent this moving to legal recovery?",golden,LOAN_RECOVERY,loan_recovery_escalation,Gulf/UAE/Dubai Islamic Bank,unresolved,hostile_throughout,neutral_professional,loan_escalation,0.0,0.833,0.167,0.6124
GS_166,15,CUSTOMER,No. I'm not paying a single dirham until this whole thing is sorted out properly.,golden,LOAN_RECOVERY,loan_recovery_escalation,Gulf/UAE/Dubai Islamic Bank,unresolved,hostile_throughout,neutral_professional,loan_escalation,0.145,0.855,0.0,-0.296
GS_166,16,AGENT,"I respect that. Since we're not able to reach an agreement today, I'll need to escalate this account to our recovery and legal team for further action.",golden,LOAN_RECOVERY,loan_recovery_escalation,Gulf/UAE/Dubai Islamic Bank,unresolved,hostile_throughout,neutral_professional,loan_escalation,0.035,0.713,0.253,0.7735
GS_166,17,CUSTOMER,Do whatever you want. I'm not scared of that.,golden,LOAN_RECOVERY,loan_recovery_escalation,Gulf/UAE/Dubai Islamic Bank,unresolved,hostile_throughout,neutral_professional,loan_escalation,0.0,0.654,0.346,0.4031
GS_166,18,AGENT,"I've logged the dispute details on the account so the legal team has full context before proceeding. Your account reference for this interaction is DIB-ESC-20260816-9024, and you'll receive formal written communication within five business days. Is there anything else you'd like on record?",golden,LOAN_RECOVERY,loan_recovery_escalation,Gulf/UAE/Dubai Islamic Bank,unresolved,hostile_throughout,neutral_professional,loan_escalation,0.057,0.851,0.091,0.1477
GS_166,19,CUSTOMER,Khalas! Goodbye.,golden,LOAN_RECOVERY,loan_recovery_escalation,Gulf/UAE/Dubai Islamic Bank,unresolved,hostile_throughout,neutral_professional,loan_escalation,0.0,1.0,0.0,0.0
GS_166,20,AGENT,"Goodbye, Salim.",golden,LOAN_RECOVERY,loan_recovery_escalation,Gulf/UAE/Dubai Islamic Bank,unresolved,hostile_throughout,neutral_professional,loan_escalation,0.0,1.0,0.0,0.0
GS_167,0,AGENT,Good afternoon. Am I speaking with Chidi?,golden,LOAN_RECOVERY,loan_recovery_escalation,Nigeria/OKash,unresolved,hostile_throughout,neutral_professional,loan_escalation,0.0,0.633,0.367,0.4404
GS_167,1,CUSTOMER,Who is asking?,golden,LOAN_RECOVERY,loan_recovery_escalation,Nigeria/OKash,unresolved,hostile_throughout,neutral_professional,loan_escalation,0.0,1.0,0.0,0.0
GS_167,2,AGENT,"Good afternoon. My name is Blessing, and I'm calling from OKash loan recovery support. Am I speaking with Chidi?",golden,LOAN_RECOVERY,loan_recovery_escalation,Nigeria/OKash,unresolved,hostile_throughout,neutral_professional,loan_escalation,0.0,0.63,0.37,0.8316
GS_167,3,CUSTOMER,Yes. What do you want?,golden,LOAN_RECOVERY,loan_recovery_escalation,Nigeria/OKash,unresolved,hostile_throughout,neutral_professional,loan_escalation,0.0,0.429,0.571,0.4588
GS_167,4,AGENT,"I'm reaching out regarding your loan account, which is currently 5 months in arrears, with an outstanding balance of ₦71,958 including accrued fees. I'm calling to discuss how we can resolve this together. Is this a good time?",golden,LOAN_RECOVERY,loan_recovery_escalation,Nigeria/OKash,unresolved,hostile_throughout,neutral_professional,loan_escalation,0.0,0.731,0.269,0.8951
GS_167,5,CUSTOMER,"5 months. You people have been calling me every week for 4 weeks now. What is there to discuss that hasn't already been discussed? I told the last person who called — I am disputing this amount, and I'm not paying something I did not agree to.",golden,LOAN_RECOVERY,loan_recovery_escalation,Nigeria/OKash,unresolved,hostile_throughout,neutral_professional,loan_escalation,0.11,0.89,0.0,-0.5873
GS_167,6,AGENT,I understand you've raised a dispute previously. I want to make sure we address that properly today — can you help me understand specifically which charges you're disputing?,golden,LOAN_RECOVERY,loan_recovery_escalation,Nigeria/OKash,unresolved,hostile_throughout,neutral_professional,loan_escalation,0.236,0.566,0.198,-0.296
GS_167,7,CUSTOMER,"The restructuring fee, ₦10,292. Nobody told me about that fee when I took this loan. It appeared on my statement without any notification. If you want to add fees to my account, you need my consent — I did not give consent, and I'm not paying it. Simple.",golden,LOAN_RECOVERY,loan_recovery_escalation,Nigeria/OKash,unresolved,hostile_throughout,neutral_professional,loan_escalation,0.0,0.892,0.108,0.4767
GS_167,8,AGENT,"I hear you, and I want to look into that specifically. I can see the ₦10,292 fee was applied following a payment arrangement set up earlier — this is outlined under the restructuring clause in your agreement. I can arrange for a full breakdown to be sent to your registered email if that would help clarify it.",golden,LOAN_RECOVERY,loan_recovery_escalation,Nigeria/OKash,unresolved,hostile_throughout,neutral_professional,loan_escalation,0.0,0.867,0.133,0.7351
GS_167,9,CUSTOMER,I've read the agreement. That clause does not give you the right to add fees without written notification beforehand. You sent me nothing before adding that charge — nothing. And now you're calling me every week demanding money. I no gree! This is harassment. I have a good mind to report this to the CBN.,golden,LOAN_RECOVERY,loan_recovery_escalation,Nigeria/OKash,unresolved,hostile_throughout,neutral_professional,loan_escalation,0.132,0.767,0.102,-0.2003
GS_167,10,AGENT,"I want to assure you OKash operates fully within regulatory guidelines, and all communication has been within permitted limits. You are absolutely within your right to file a complaint with the CBN — that's your right as a customer, and I wouldn't discourage you from doing so. What I'd like to focus on today is whether there's a way to resolve the outstanding balance while your dispute is reviewed. The remaining balance outside the disputed fee is ₦61,666 — would you consider a payment arrangement for that portion?",golden,LOAN_RECOVERY,loan_recovery_escalation,Nigeria/OKash,unresolved,hostile_throughout,neutral_professional,loan_escalation,0.078,0.758,0.164,0.7961
GS_167,11,CUSTOMER,"No. I'm not paying anything until the dispute is resolved. If I pay now, you'll say I accepted the charges. I know how this works. I'm not touching this account until you acknowledge the fee was applied incorrectly.",golden,LOAN_RECOVERY,loan_recovery_escalation,Nigeria/OKash,unresolved,hostile_throughout,neutral_professional,loan_escalation,0.204,0.704,0.092,-0.5574
GS_167,12,AGENT,"I understand your position. I want to be transparent about what happens next so you're fully informed. Your account has been in arrears for 5 months. If no payment arrangement is made today, I'm required to refer this account to our legal recovery team — at that point it moves outside customer support and into a formal legal process, which may include a formal demand notice and further action under civil law. I'm not saying this to pressure you, I'm telling you so you can make an informed decision.",golden,LOAN_RECOVERY,loan_recovery_escalation,Nigeria/OKash,unresolved,hostile_throughout,neutral_professional,loan_escalation,0.066,0.855,0.079,0.0258
GS_167,13,CUSTOMER,"Legal team. Fine, let them come. I've documented every call, every charge, every notification you failed to send me. If you want to take this to court, I'll see you there.",golden,LOAN_RECOVERY,loan_recovery_escalation,Nigeria/OKash,unresolved,hostile_throughout,neutral_professional,loan_escalation,0.095,0.774,0.132,-0.1779
GS_167,14,AGENT,"I hear you, and I respect that you've documented your case. Before I escalate, I want to make one final attempt — is there any arrangement, even a partial payment against the undisputed portion, that you'd consider today to prevent this moving to legal recovery?",golden,LOAN_RECOVERY,loan_recovery_escalation,Nigeria/OKash,unresolved,hostile_throughout,neutral_professional,loan_escalation,0.0,0.833,0.167,0.6124
GS_167,15,CUSTOMER,No. I'm not paying a single naira until this whole thing is sorted out properly.,golden,LOAN_RECOVERY,loan_recovery_escalation,Nigeria/OKash,unresolved,hostile_throughout,neutral_professional,loan_escalation,0.145,0.855,0.0,-0.296
GS_167,16,AGENT,"I respect that. Since we're not able to reach an agreement today, I'll need to escalate this account to our recovery and legal team for further action.",golden,LOAN_RECOVERY,loan_recovery_escalation,Nigeria/OKash,unresolved,hostile_throughout,neutral_professional,loan_escalation,0.035,0.713,0.253,0.7735
GS_167,17,CUSTOMER,Do whatever you want. I'm not scared of that.,golden,LOAN_RECOVERY,loan_recovery_escalation,Nigeria/OKash,unresolved,hostile_throughout,neutral_professional,loan_escalation,0.0,0.654,0.346,0.4031
GS_167,18,AGENT,"I've logged the dispute details on the account so the legal team has full context before proceeding. Your account reference for this interaction is OK-ESC-20260711-9440, and you'll receive formal written communication within five business days. Is there anything else you'd like on record?",golden,LOAN_RECOVERY,loan_recovery_escalation,Nigeria/OKash,unresolved,hostile_throughout,neutral_professional,loan_escalation,0.057,0.851,0.091,0.1477
GS_167,19,CUSTOMER,E don do! Goodbye.,golden,LOAN_RECOVERY,loan_recovery_escalation,Nigeria/OKash,unresolved,hostile_throughout,neutral_professional,loan_escalation,0.0,1.0,0.0,0.0
GS_167,20,AGENT,"Goodbye, Chidi.",golden,LOAN_RECOVERY,loan_recovery_escalation,Nigeria/OKash,unresolved,hostile_throughout,neutral_professional,loan_escalation,0.0,1.0,0.0,0.0
